Copyright 1986-2019 Xilinx, Inc. All Rights Reserved.
--------------------------------------------------------------------------------------------------------------------------------------------------------------------------------------------------------------------------------------
| Tool Version : Vivado v.2019.2 (win64) Build 2708876 Wed Nov  6 21:40:23 MST 2019
| Date         : Wed Nov 19 17:16:25 2025
| Host         : PT-PC-E0213W running 64-bit major release  (build 9200)
| Command      : report_timing_summary -max_paths 10 -file VGA_source_bd_wrapper_timing_summary_routed.rpt -pb VGA_source_bd_wrapper_timing_summary_routed.pb -rpx VGA_source_bd_wrapper_timing_summary_routed.rpx -warn_on_violation
| Design       : VGA_source_bd_wrapper
| Device       : 7z020-clg484
| Speed File   : -1  PRODUCTION 1.11 2014-09-11
--------------------------------------------------------------------------------------------------------------------------------------------------------------------------------------------------------------------------------------

Timing Summary Report

------------------------------------------------------------------------------------------------
| Timer Settings
| --------------
------------------------------------------------------------------------------------------------

  Enable Multi Corner Analysis               :  Yes
  Enable Pessimism Removal                   :  Yes
  Pessimism Removal Resolution               :  Nearest Common Node
  Enable Input Delay Default Clock           :  No
  Enable Preset / Clear Arcs                 :  No
  Disable Flight Delays                      :  No
  Ignore I/O Paths                           :  No
  Timing Early Launch at Borrowing Latches   :  No
  Borrow Time for Max Delay Exceptions       :  Yes
  Merge Timing Exceptions                    :  Yes

  Corner  Analyze    Analyze    
  Name    Max Paths  Min Paths  
  ------  ---------  ---------  
  Slow    Yes        Yes        
  Fast    Yes        Yes        



check_timing report

Table of Contents
-----------------
1. checking no_clock
2. checking constant_clock
3. checking pulse_width_clock
4. checking unconstrained_internal_endpoints
5. checking no_input_delay
6. checking no_output_delay
7. checking multiple_clock
8. checking generated_clocks
9. checking loops
10. checking partial_input_delay
11. checking partial_output_delay
12. checking latch_loops

1. checking no_clock
--------------------
 There are 0 register/latch pins with no clock.


2. checking constant_clock
--------------------------
 There are 0 register/latch pins with constant_clock.


3. checking pulse_width_clock
-----------------------------
 There are 0 register/latch pins which need pulse_width check


4. checking unconstrained_internal_endpoints
--------------------------------------------
 There are 0 pins that are not constrained for maximum delay.

 There are 0 pins that are not constrained for maximum delay due to constant clock.


5. checking no_input_delay
--------------------------
 There is 1 input port with no input delay specified. (HIGH)

 There are 0 input ports with no input delay but user has a false path constraint.


6. checking no_output_delay
---------------------------
 There are 14 ports with no output delay specified. (HIGH)

 There are 0 ports with no output delay but user has a false path constraint

 There are 0 ports with no output delay but with a timing clock defined on it or propagating through it


7. checking multiple_clock
--------------------------
 There are 0 register/latch pins with multiple clocks.


8. checking generated_clocks
----------------------------
 There are 0 generated clocks that are not connected to a clock source.


9. checking loops
-----------------
 There are 0 combinational loops in the design.


10. checking partial_input_delay
--------------------------------
 There are 0 input ports with partial input delay specified.


11. checking partial_output_delay
---------------------------------
 There are 0 ports with partial output delay specified.


12. checking latch_loops
------------------------
 There are 0 combinational latch loops in the design through latch input



------------------------------------------------------------------------------------------------
| Design Timing Summary
| ---------------------
------------------------------------------------------------------------------------------------

    WNS(ns)      TNS(ns)  TNS Failing Endpoints  TNS Total Endpoints      WHS(ns)      THS(ns)  THS Failing Endpoints  THS Total Endpoints     WPWS(ns)     TPWS(ns)  TPWS Failing Endpoints  TPWS Total Endpoints  
    -------      -------  ---------------------  -------------------      -------      -------  ---------------------  -------------------     --------     --------  ----------------------  --------------------  
      3.334        0.000                      0                 3610        0.059        0.000                      0                 3559        3.000        0.000                       0                  1620  


All user specified timing constraints are met.


------------------------------------------------------------------------------------------------
| Clock Summary
| -------------
------------------------------------------------------------------------------------------------

Clock                                 Waveform(ns)         Period(ns)      Frequency(MHz)
-----                                 ------------         ----------      --------------
clk                                   {0.000 5.000}        10.000          100.000         
  clk_out1_VGA_source_bd_clk_wiz_0_0  {0.000 4.632}        9.263           107.955         
  clk_out2_VGA_source_bd_clk_wiz_0_0  {0.000 19.789}       39.579          25.266          
  clkfbout_VGA_source_bd_clk_wiz_0_0  {0.000 5.000}        10.000          100.000         


------------------------------------------------------------------------------------------------
| Intra Clock Table
| -----------------
------------------------------------------------------------------------------------------------

Clock                                     WNS(ns)      TNS(ns)  TNS Failing Endpoints  TNS Total Endpoints      WHS(ns)      THS(ns)  THS Failing Endpoints  THS Total Endpoints     WPWS(ns)     TPWS(ns)  TPWS Failing Endpoints  TPWS Total Endpoints  
-----                                     -------      -------  ---------------------  -------------------      -------      -------  ---------------------  -------------------     --------     --------  ----------------------  --------------------  
clk                                                                                                                                                                                     3.000        0.000                       0                     1  
  clk_out1_VGA_source_bd_clk_wiz_0_0        3.334        0.000                      0                  400        0.121        0.000                      0                  400        3.652        0.000                       0                   248  
  clk_out2_VGA_source_bd_clk_wiz_0_0       32.770        0.000                      0                 3159        0.059        0.000                      0                 3159       18.809        0.000                       0                  1368  
  clkfbout_VGA_source_bd_clk_wiz_0_0                                                                                                                                                    7.845        0.000                       0                     3  


------------------------------------------------------------------------------------------------
| Inter Clock Table
| -----------------
------------------------------------------------------------------------------------------------

From Clock                          To Clock                                WNS(ns)      TNS(ns)  TNS Failing Endpoints  TNS Total Endpoints      WHS(ns)      THS(ns)  THS Failing Endpoints  THS Total Endpoints  
----------                          --------                                -------      -------  ---------------------  -------------------      -------      -------  ---------------------  -------------------  
clk_out2_VGA_source_bd_clk_wiz_0_0  clk_out1_VGA_source_bd_clk_wiz_0_0       38.183        0.000                      0                   20                                                                        
clk_out1_VGA_source_bd_clk_wiz_0_0  clk_out2_VGA_source_bd_clk_wiz_0_0        7.737        0.000                      0                   31                                                                        


------------------------------------------------------------------------------------------------
| Other Path Groups Table
| -----------------------
------------------------------------------------------------------------------------------------

Path Group    From Clock    To Clock          WNS(ns)      TNS(ns)  TNS Failing Endpoints  TNS Total Endpoints      WHS(ns)      THS(ns)  THS Failing Endpoints  THS Total Endpoints  
----------    ----------    --------          -------      -------  ---------------------  -------------------      -------      -------  ---------------------  -------------------  


------------------------------------------------------------------------------------------------
| Timing Details
| --------------
------------------------------------------------------------------------------------------------


---------------------------------------------------------------------------------------------------
From Clock:  clk
  To Clock:  clk

Setup :           NA  Failing Endpoints,  Worst Slack           NA  ,  Total Violation           NA
Hold  :           NA  Failing Endpoints,  Worst Slack           NA  ,  Total Violation           NA
PW    :            0  Failing Endpoints,  Worst Slack        3.000ns,  Total Violation        0.000ns
---------------------------------------------------------------------------------------------------


Pulse Width Checks
--------------------------------------------------------------------------------------
Clock Name:         clk
Waveform(ns):       { 0.000 5.000 }
Period(ns):         10.000
Sources:            { clk }

Check Type        Corner  Lib Pin            Reference Pin  Required(ns)  Actual(ns)  Slack(ns)  Location         Pin
Min Period        n/a     MMCME2_ADV/CLKIN1  n/a            1.249         10.000      8.751      MMCME2_ADV_X0Y0  VGA_source_bd_i/clk_wiz_0/inst/mmcm_adv_inst/CLKIN1
Max Period        n/a     MMCME2_ADV/CLKIN1  n/a            100.000       10.000      90.000     MMCME2_ADV_X0Y0  VGA_source_bd_i/clk_wiz_0/inst/mmcm_adv_inst/CLKIN1
Low Pulse Width   Slow    MMCME2_ADV/CLKIN1  n/a            2.000         5.000       3.000      MMCME2_ADV_X0Y0  VGA_source_bd_i/clk_wiz_0/inst/mmcm_adv_inst/CLKIN1
Low Pulse Width   Fast    MMCME2_ADV/CLKIN1  n/a            2.000         5.000       3.000      MMCME2_ADV_X0Y0  VGA_source_bd_i/clk_wiz_0/inst/mmcm_adv_inst/CLKIN1
High Pulse Width  Slow    MMCME2_ADV/CLKIN1  n/a            2.000         5.000       3.000      MMCME2_ADV_X0Y0  VGA_source_bd_i/clk_wiz_0/inst/mmcm_adv_inst/CLKIN1
High Pulse Width  Fast    MMCME2_ADV/CLKIN1  n/a            2.000         5.000       3.000      MMCME2_ADV_X0Y0  VGA_source_bd_i/clk_wiz_0/inst/mmcm_adv_inst/CLKIN1



---------------------------------------------------------------------------------------------------
From Clock:  clk_out1_VGA_source_bd_clk_wiz_0_0
  To Clock:  clk_out1_VGA_source_bd_clk_wiz_0_0

Setup :            0  Failing Endpoints,  Worst Slack        3.334ns,  Total Violation        0.000ns
Hold  :            0  Failing Endpoints,  Worst Slack        0.121ns,  Total Violation        0.000ns
PW    :            0  Failing Endpoints,  Worst Slack        3.652ns,  Total Violation        0.000ns
---------------------------------------------------------------------------------------------------


Max Delay Paths
--------------------------------------------------------------------------------------
Slack (MET) :             3.334ns  (required time - arrival time)
  Source:                 VGA_source_bd_i/v_axi4s_vid_out_0/inst/COUPLER_INST/generate_async_fifo.FIFO_INST/XPM_FIFO_ASYNC_INST/gnuram_async_fifo.xpm_fifo_base_inst/xpm_fifo_rst_inst/gen_rst_ic.wr_rst_busy_ic_reg/C
                            (rising edge-triggered cell FDRE clocked by clk_out1_VGA_source_bd_clk_wiz_0_0  {rise@0.000ns fall@4.632ns period=9.263ns})
  Destination:            VGA_source_bd_i/v_vid_in_axi4s_0/inst/COUPLER_INST/generate_async_fifo.FIFO_INST/XPM_FIFO_ASYNC_INST/gnuram_async_fifo.xpm_fifo_base_inst/gen_sdpram.xpm_memory_base_inst/gen_wr_a.gen_word_narrow.mem_reg/REGCEB
                            (rising edge-triggered cell RAMB18E1 clocked by clk_out1_VGA_source_bd_clk_wiz_0_0  {rise@0.000ns fall@4.632ns period=9.263ns})
  Path Group:             clk_out1_VGA_source_bd_clk_wiz_0_0
  Path Type:              Setup (Max at Slow Process Corner)
  Requirement:            9.263ns  (clk_out1_VGA_source_bd_clk_wiz_0_0 rise@9.263ns - clk_out1_VGA_source_bd_clk_wiz_0_0 rise@0.000ns)
  Data Path Delay:        5.473ns  (logic 1.620ns (29.599%)  route 3.853ns (70.401%))
  Logic Levels:           5  (LUT2=2 LUT3=2 LUT4=1)
  Clock Path Skew:        -0.029ns (DCD - SCD + CPR)
    Destination Clock Delay (DCD):    -1.418ns = ( 7.845 - 9.263 ) 
    Source Clock Delay      (SCD):    -0.813ns
    Clock Pessimism Removal (CPR):    0.577ns
  Clock Uncertainty:      0.067ns  ((TSJ^2 + DJ^2)^1/2) / 2 + PE
    Total System Jitter     (TSJ):    0.071ns
    Discrete Jitter          (DJ):    0.115ns
    Phase Error              (PE):    0.000ns

    Location             Delay type                Incr(ns)  Path(ns)    Netlist Resource(s)
  -------------------------------------------------------------------    -------------------
                         (clock clk_out1_VGA_source_bd_clk_wiz_0_0 rise edge)
                                                      0.000     0.000 r  
    Y9                                                0.000     0.000 r  clk (IN)
                         net (fo=0)                   0.000     0.000    VGA_source_bd_i/clk_wiz_0/inst/clk_in1
    Y9                   IBUF (Prop_ibuf_I_O)         1.490     1.490 r  VGA_source_bd_i/clk_wiz_0/inst/clkin1_ibufg/O
                         net (fo=1, routed)           1.285     2.775    VGA_source_bd_i/clk_wiz_0/inst/clk_in1_VGA_source_bd_clk_wiz_0_0
    MMCME2_ADV_X0Y0      MMCME2_ADV (Prop_mmcme2_adv_CLKIN1_CLKOUT0)
                                                     -7.343    -4.568 r  VGA_source_bd_i/clk_wiz_0/inst/mmcm_adv_inst/CLKOUT0
                         net (fo=1, routed)           1.855    -2.713    VGA_source_bd_i/clk_wiz_0/inst/clk_out1_VGA_source_bd_clk_wiz_0_0
    BUFGCTRL_X0Y1        BUFG (Prop_bufg_I_O)         0.101    -2.612 r  VGA_source_bd_i/clk_wiz_0/inst/clkout1_buf/O
                         net (fo=246, routed)         1.799    -0.813    VGA_source_bd_i/v_axi4s_vid_out_0/inst/COUPLER_INST/generate_async_fifo.FIFO_INST/XPM_FIFO_ASYNC_INST/gnuram_async_fifo.xpm_fifo_base_inst/xpm_fifo_rst_inst/wr_clk
    SLICE_X98Y3          FDRE                                         r  VGA_source_bd_i/v_axi4s_vid_out_0/inst/COUPLER_INST/generate_async_fifo.FIFO_INST/XPM_FIFO_ASYNC_INST/gnuram_async_fifo.xpm_fifo_base_inst/xpm_fifo_rst_inst/gen_rst_ic.wr_rst_busy_ic_reg/C
  -------------------------------------------------------------------    -------------------
    SLICE_X98Y3          FDRE (Prop_fdre_C_Q)         0.518    -0.295 f  VGA_source_bd_i/v_axi4s_vid_out_0/inst/COUPLER_INST/generate_async_fifo.FIFO_INST/XPM_FIFO_ASYNC_INST/gnuram_async_fifo.xpm_fifo_base_inst/xpm_fifo_rst_inst/gen_rst_ic.wr_rst_busy_ic_reg/Q
                         net (fo=51, routed)          0.677     0.383    VGA_source_bd_i/v_axi4s_vid_out_0/inst/COUPLER_INST/generate_async_fifo.FIFO_INST/XPM_FIFO_ASYNC_INST/gnuram_async_fifo.xpm_fifo_base_inst/xpm_fifo_rst_inst/wrst_busy
    SLICE_X98Y3          LUT2 (Prop_lut2_I0_O)        0.152     0.535 f  VGA_source_bd_i/v_axi4s_vid_out_0/inst/COUPLER_INST/generate_async_fifo.FIFO_INST/XPM_FIFO_ASYNC_INST/gnuram_async_fifo.xpm_fifo_base_inst/xpm_fifo_rst_inst/wr_rst_busy_INST_0/O
                         net (fo=2, routed)           0.684     1.219    VGA_source_bd_i/v_axi4s_vid_out_0/inst/COUPLER_INST/wr_rst_busy_i
    SLICE_X98Y3          LUT3 (Prop_lut3_I0_O)        0.374     1.593 r  VGA_source_bd_i/v_axi4s_vid_out_0/inst/COUPLER_INST/FIFO_READY/O
                         net (fo=1, routed)           0.512     2.104    VGA_source_bd_i/v_vid_in_axi4s_0/inst/COUPLER_INST/generate_async_fifo.FIFO_INST/m_axis_video_tready
    SLICE_X91Y2          LUT2 (Prop_lut2_I0_O)        0.328     2.432 r  VGA_source_bd_i/v_vid_in_axi4s_0/inst/COUPLER_INST/generate_async_fifo.FIFO_INST/XPM_FIFO_ASYNC_INST_i_1/O
                         net (fo=10, routed)          0.310     2.742    VGA_source_bd_i/v_vid_in_axi4s_0/inst/COUPLER_INST/generate_async_fifo.FIFO_INST/XPM_FIFO_ASYNC_INST/gnuram_async_fifo.xpm_fifo_base_inst/rd_en
    SLICE_X91Y2          LUT3 (Prop_lut3_I2_O)        0.124     2.866 r  VGA_source_bd_i/v_vid_in_axi4s_0/inst/COUPLER_INST/generate_async_fifo.FIFO_INST/XPM_FIFO_ASYNC_INST/gnuram_async_fifo.xpm_fifo_base_inst/gen_sdpram.xpm_memory_base_inst_i_3/O
                         net (fo=1, routed)           0.826     3.692    VGA_source_bd_i/v_vid_in_axi4s_0/inst/COUPLER_INST/generate_async_fifo.FIFO_INST/XPM_FIFO_ASYNC_INST/gnuram_async_fifo.xpm_fifo_base_inst/gen_sdpram.xpm_memory_base_inst/regceb
    SLICE_X98Y3          LUT4 (Prop_lut4_I3_O)        0.124     3.816 r  VGA_source_bd_i/v_vid_in_axi4s_0/inst/COUPLER_INST/generate_async_fifo.FIFO_INST/XPM_FIFO_ASYNC_INST/gnuram_async_fifo.xpm_fifo_base_inst/gen_sdpram.xpm_memory_base_inst/gen_wr_a.gen_word_narrow.mem_reg_REGCEB_cooolgate_en_gate_1/O
                         net (fo=1, routed)           0.845     4.661    VGA_source_bd_i/v_vid_in_axi4s_0/inst/COUPLER_INST/generate_async_fifo.FIFO_INST/XPM_FIFO_ASYNC_INST/gnuram_async_fifo.xpm_fifo_base_inst/gen_sdpram.xpm_memory_base_inst/gen_wr_a.gen_word_narrow.mem_reg_REGCEB_cooolgate_en_sig_1
    RAMB18_X4Y3          RAMB18E1                                     r  VGA_source_bd_i/v_vid_in_axi4s_0/inst/COUPLER_INST/generate_async_fifo.FIFO_INST/XPM_FIFO_ASYNC_INST/gnuram_async_fifo.xpm_fifo_base_inst/gen_sdpram.xpm_memory_base_inst/gen_wr_a.gen_word_narrow.mem_reg/REGCEB
  -------------------------------------------------------------------    -------------------

                         (clock clk_out1_VGA_source_bd_clk_wiz_0_0 rise edge)
                                                      9.263     9.263 r  
    Y9                                                0.000     9.263 r  clk (IN)
                         net (fo=0)                   0.000     9.263    VGA_source_bd_i/clk_wiz_0/inst/clk_in1
    Y9                   IBUF (Prop_ibuf_I_O)         1.420    10.683 r  VGA_source_bd_i/clk_wiz_0/inst/clkin1_ibufg/O
                         net (fo=1, routed)           1.162    11.845    VGA_source_bd_i/clk_wiz_0/inst/clk_in1_VGA_source_bd_clk_wiz_0_0
    MMCME2_ADV_X0Y0      MMCME2_ADV (Prop_mmcme2_adv_CLKIN1_CLKOUT0)
                                                     -7.438     4.407 r  VGA_source_bd_i/clk_wiz_0/inst/mmcm_adv_inst/CLKOUT0
                         net (fo=1, routed)           1.691     6.098    VGA_source_bd_i/clk_wiz_0/inst/clk_out1_VGA_source_bd_clk_wiz_0_0
    BUFGCTRL_X0Y1        BUFG (Prop_bufg_I_O)         0.091     6.189 r  VGA_source_bd_i/clk_wiz_0/inst/clkout1_buf/O
                         net (fo=246, routed)         1.656     7.845    VGA_source_bd_i/v_vid_in_axi4s_0/inst/COUPLER_INST/generate_async_fifo.FIFO_INST/XPM_FIFO_ASYNC_INST/gnuram_async_fifo.xpm_fifo_base_inst/gen_sdpram.xpm_memory_base_inst/clkb
    RAMB18_X4Y3          RAMB18E1                                     r  VGA_source_bd_i/v_vid_in_axi4s_0/inst/COUPLER_INST/generate_async_fifo.FIFO_INST/XPM_FIFO_ASYNC_INST/gnuram_async_fifo.xpm_fifo_base_inst/gen_sdpram.xpm_memory_base_inst/gen_wr_a.gen_word_narrow.mem_reg/CLKBWRCLK
                         clock pessimism              0.577     8.422    
                         clock uncertainty           -0.067     8.354    
    RAMB18_X4Y3          RAMB18E1 (Setup_ramb18e1_CLKBWRCLK_REGCEB)
                                                     -0.360     7.994    VGA_source_bd_i/v_vid_in_axi4s_0/inst/COUPLER_INST/generate_async_fifo.FIFO_INST/XPM_FIFO_ASYNC_INST/gnuram_async_fifo.xpm_fifo_base_inst/gen_sdpram.xpm_memory_base_inst/gen_wr_a.gen_word_narrow.mem_reg
  -------------------------------------------------------------------
                         required time                          7.994    
                         arrival time                          -4.661    
  -------------------------------------------------------------------
                         slack                                  3.334    

Slack (MET) :             3.938ns  (required time - arrival time)
  Source:                 VGA_source_bd_i/v_axi4s_vid_out_0/inst/COUPLER_INST/generate_async_fifo.FIFO_INST/XPM_FIFO_ASYNC_INST/gnuram_async_fifo.xpm_fifo_base_inst/xpm_fifo_rst_inst/gen_rst_ic.wr_rst_busy_ic_reg/C
                            (rising edge-triggered cell FDRE clocked by clk_out1_VGA_source_bd_clk_wiz_0_0  {rise@0.000ns fall@4.632ns period=9.263ns})
  Destination:            VGA_source_bd_i/v_vid_in_axi4s_0/inst/COUPLER_INST/generate_async_fifo.FIFO_INST/XPM_FIFO_ASYNC_INST/gnuram_async_fifo.xpm_fifo_base_inst/rdpp1_inst/count_value_i_reg[9]/D
                            (rising edge-triggered cell FDRE clocked by clk_out1_VGA_source_bd_clk_wiz_0_0  {rise@0.000ns fall@4.632ns period=9.263ns})
  Path Group:             clk_out1_VGA_source_bd_clk_wiz_0_0
  Path Type:              Setup (Max at Slow Process Corner)
  Requirement:            9.263ns  (clk_out1_VGA_source_bd_clk_wiz_0_0 rise@9.263ns - clk_out1_VGA_source_bd_clk_wiz_0_0 rise@0.000ns)
  Data Path Delay:        5.166ns  (logic 1.943ns (37.614%)  route 3.223ns (62.386%))
  Logic Levels:           6  (LUT2=2 LUT3=1 LUT4=1 LUT6=2)
  Clock Path Skew:        -0.123ns (DCD - SCD + CPR)
    Destination Clock Delay (DCD):    -1.512ns = ( 7.751 - 9.263 ) 
    Source Clock Delay      (SCD):    -0.813ns
    Clock Pessimism Removal (CPR):    0.577ns
  Clock Uncertainty:      0.067ns  ((TSJ^2 + DJ^2)^1/2) / 2 + PE
    Total System Jitter     (TSJ):    0.071ns
    Discrete Jitter          (DJ):    0.115ns
    Phase Error              (PE):    0.000ns

    Location             Delay type                Incr(ns)  Path(ns)    Netlist Resource(s)
  -------------------------------------------------------------------    -------------------
                         (clock clk_out1_VGA_source_bd_clk_wiz_0_0 rise edge)
                                                      0.000     0.000 r  
    Y9                                                0.000     0.000 r  clk (IN)
                         net (fo=0)                   0.000     0.000    VGA_source_bd_i/clk_wiz_0/inst/clk_in1
    Y9                   IBUF (Prop_ibuf_I_O)         1.490     1.490 r  VGA_source_bd_i/clk_wiz_0/inst/clkin1_ibufg/O
                         net (fo=1, routed)           1.285     2.775    VGA_source_bd_i/clk_wiz_0/inst/clk_in1_VGA_source_bd_clk_wiz_0_0
    MMCME2_ADV_X0Y0      MMCME2_ADV (Prop_mmcme2_adv_CLKIN1_CLKOUT0)
                                                     -7.343    -4.568 r  VGA_source_bd_i/clk_wiz_0/inst/mmcm_adv_inst/CLKOUT0
                         net (fo=1, routed)           1.855    -2.713    VGA_source_bd_i/clk_wiz_0/inst/clk_out1_VGA_source_bd_clk_wiz_0_0
    BUFGCTRL_X0Y1        BUFG (Prop_bufg_I_O)         0.101    -2.612 r  VGA_source_bd_i/clk_wiz_0/inst/clkout1_buf/O
                         net (fo=246, routed)         1.799    -0.813    VGA_source_bd_i/v_axi4s_vid_out_0/inst/COUPLER_INST/generate_async_fifo.FIFO_INST/XPM_FIFO_ASYNC_INST/gnuram_async_fifo.xpm_fifo_base_inst/xpm_fifo_rst_inst/wr_clk
    SLICE_X98Y3          FDRE                                         r  VGA_source_bd_i/v_axi4s_vid_out_0/inst/COUPLER_INST/generate_async_fifo.FIFO_INST/XPM_FIFO_ASYNC_INST/gnuram_async_fifo.xpm_fifo_base_inst/xpm_fifo_rst_inst/gen_rst_ic.wr_rst_busy_ic_reg/C
  -------------------------------------------------------------------    -------------------
    SLICE_X98Y3          FDRE (Prop_fdre_C_Q)         0.518    -0.295 f  VGA_source_bd_i/v_axi4s_vid_out_0/inst/COUPLER_INST/generate_async_fifo.FIFO_INST/XPM_FIFO_ASYNC_INST/gnuram_async_fifo.xpm_fifo_base_inst/xpm_fifo_rst_inst/gen_rst_ic.wr_rst_busy_ic_reg/Q
                         net (fo=51, routed)          0.677     0.383    VGA_source_bd_i/v_axi4s_vid_out_0/inst/COUPLER_INST/generate_async_fifo.FIFO_INST/XPM_FIFO_ASYNC_INST/gnuram_async_fifo.xpm_fifo_base_inst/xpm_fifo_rst_inst/wrst_busy
    SLICE_X98Y3          LUT2 (Prop_lut2_I0_O)        0.152     0.535 f  VGA_source_bd_i/v_axi4s_vid_out_0/inst/COUPLER_INST/generate_async_fifo.FIFO_INST/XPM_FIFO_ASYNC_INST/gnuram_async_fifo.xpm_fifo_base_inst/xpm_fifo_rst_inst/wr_rst_busy_INST_0/O
                         net (fo=2, routed)           0.684     1.219    VGA_source_bd_i/v_axi4s_vid_out_0/inst/COUPLER_INST/wr_rst_busy_i
    SLICE_X98Y3          LUT3 (Prop_lut3_I0_O)        0.374     1.593 r  VGA_source_bd_i/v_axi4s_vid_out_0/inst/COUPLER_INST/FIFO_READY/O
                         net (fo=1, routed)           0.512     2.104    VGA_source_bd_i/v_vid_in_axi4s_0/inst/COUPLER_INST/generate_async_fifo.FIFO_INST/m_axis_video_tready
    SLICE_X91Y2          LUT2 (Prop_lut2_I0_O)        0.328     2.432 r  VGA_source_bd_i/v_vid_in_axi4s_0/inst/COUPLER_INST/generate_async_fifo.FIFO_INST/XPM_FIFO_ASYNC_INST_i_1/O
                         net (fo=10, routed)          0.310     2.742    VGA_source_bd_i/v_vid_in_axi4s_0/inst/COUPLER_INST/generate_async_fifo.FIFO_INST/XPM_FIFO_ASYNC_INST/gnuram_async_fifo.xpm_fifo_base_inst/rdpp1_inst/rd_en
    SLICE_X91Y2          LUT4 (Prop_lut4_I2_O)        0.120     2.862 r  VGA_source_bd_i/v_vid_in_axi4s_0/inst/COUPLER_INST/generate_async_fifo.FIFO_INST/XPM_FIFO_ASYNC_INST/gnuram_async_fifo.xpm_fifo_base_inst/rdpp1_inst/gen_sdpram.xpm_memory_base_inst_i_2/O
                         net (fo=23, routed)          0.624     3.486    VGA_source_bd_i/v_vid_in_axi4s_0/inst/COUPLER_INST/generate_async_fifo.FIFO_INST/XPM_FIFO_ASYNC_INST/gnuram_async_fifo.xpm_fifo_base_inst/rdpp1_inst/E[0]
    SLICE_X87Y1          LUT6 (Prop_lut6_I3_O)        0.327     3.813 r  VGA_source_bd_i/v_vid_in_axi4s_0/inst/COUPLER_INST/generate_async_fifo.FIFO_INST/XPM_FIFO_ASYNC_INST/gnuram_async_fifo.xpm_fifo_base_inst/rdpp1_inst/count_value_i[9]_i_2__1/O
                         net (fo=3, routed)           0.416     4.229    VGA_source_bd_i/v_vid_in_axi4s_0/inst/COUPLER_INST/generate_async_fifo.FIFO_INST/XPM_FIFO_ASYNC_INST/gnuram_async_fifo.xpm_fifo_base_inst/rdpp1_inst/count_value_i[9]_i_2__1_n_0
    SLICE_X87Y1          LUT6 (Prop_lut6_I2_O)        0.124     4.353 r  VGA_source_bd_i/v_vid_in_axi4s_0/inst/COUPLER_INST/generate_async_fifo.FIFO_INST/XPM_FIFO_ASYNC_INST/gnuram_async_fifo.xpm_fifo_base_inst/rdpp1_inst/count_value_i[9]_i_1__1/O
                         net (fo=1, routed)           0.000     4.353    VGA_source_bd_i/v_vid_in_axi4s_0/inst/COUPLER_INST/generate_async_fifo.FIFO_INST/XPM_FIFO_ASYNC_INST/gnuram_async_fifo.xpm_fifo_base_inst/rdpp1_inst/count_value_i[9]_i_1__1_n_0
    SLICE_X87Y1          FDRE                                         r  VGA_source_bd_i/v_vid_in_axi4s_0/inst/COUPLER_INST/generate_async_fifo.FIFO_INST/XPM_FIFO_ASYNC_INST/gnuram_async_fifo.xpm_fifo_base_inst/rdpp1_inst/count_value_i_reg[9]/D
  -------------------------------------------------------------------    -------------------

                         (clock clk_out1_VGA_source_bd_clk_wiz_0_0 rise edge)
                                                      9.263     9.263 r  
    Y9                                                0.000     9.263 r  clk (IN)
                         net (fo=0)                   0.000     9.263    VGA_source_bd_i/clk_wiz_0/inst/clk_in1
    Y9                   IBUF (Prop_ibuf_I_O)         1.420    10.683 r  VGA_source_bd_i/clk_wiz_0/inst/clkin1_ibufg/O
                         net (fo=1, routed)           1.162    11.845    VGA_source_bd_i/clk_wiz_0/inst/clk_in1_VGA_source_bd_clk_wiz_0_0
    MMCME2_ADV_X0Y0      MMCME2_ADV (Prop_mmcme2_adv_CLKIN1_CLKOUT0)
                                                     -7.438     4.407 r  VGA_source_bd_i/clk_wiz_0/inst/mmcm_adv_inst/CLKOUT0
                         net (fo=1, routed)           1.691     6.098    VGA_source_bd_i/clk_wiz_0/inst/clk_out1_VGA_source_bd_clk_wiz_0_0
    BUFGCTRL_X0Y1        BUFG (Prop_bufg_I_O)         0.091     6.189 r  VGA_source_bd_i/clk_wiz_0/inst/clkout1_buf/O
                         net (fo=246, routed)         1.561     7.751    VGA_source_bd_i/v_vid_in_axi4s_0/inst/COUPLER_INST/generate_async_fifo.FIFO_INST/XPM_FIFO_ASYNC_INST/gnuram_async_fifo.xpm_fifo_base_inst/rdpp1_inst/rd_clk
    SLICE_X87Y1          FDRE                                         r  VGA_source_bd_i/v_vid_in_axi4s_0/inst/COUPLER_INST/generate_async_fifo.FIFO_INST/XPM_FIFO_ASYNC_INST/gnuram_async_fifo.xpm_fifo_base_inst/rdpp1_inst/count_value_i_reg[9]/C
                         clock pessimism              0.577     8.328    
                         clock uncertainty           -0.067     8.260    
    SLICE_X87Y1          FDRE (Setup_fdre_C_D)        0.031     8.291    VGA_source_bd_i/v_vid_in_axi4s_0/inst/COUPLER_INST/generate_async_fifo.FIFO_INST/XPM_FIFO_ASYNC_INST/gnuram_async_fifo.xpm_fifo_base_inst/rdpp1_inst/count_value_i_reg[9]
  -------------------------------------------------------------------
                         required time                          8.291    
                         arrival time                          -4.353    
  -------------------------------------------------------------------
                         slack                                  3.938    

Slack (MET) :             3.940ns  (required time - arrival time)
  Source:                 VGA_source_bd_i/v_axi4s_vid_out_0/inst/COUPLER_INST/generate_async_fifo.FIFO_INST/XPM_FIFO_ASYNC_INST/gnuram_async_fifo.xpm_fifo_base_inst/xpm_fifo_rst_inst/gen_rst_ic.wr_rst_busy_ic_reg/C
                            (rising edge-triggered cell FDRE clocked by clk_out1_VGA_source_bd_clk_wiz_0_0  {rise@0.000ns fall@4.632ns period=9.263ns})
  Destination:            VGA_source_bd_i/v_vid_in_axi4s_0/inst/COUPLER_INST/generate_async_fifo.FIFO_INST/XPM_FIFO_ASYNC_INST/gnuram_async_fifo.xpm_fifo_base_inst/rdpp1_inst/count_value_i_reg[7]/D
                            (rising edge-triggered cell FDRE clocked by clk_out1_VGA_source_bd_clk_wiz_0_0  {rise@0.000ns fall@4.632ns period=9.263ns})
  Path Group:             clk_out1_VGA_source_bd_clk_wiz_0_0
  Path Type:              Setup (Max at Slow Process Corner)
  Requirement:            9.263ns  (clk_out1_VGA_source_bd_clk_wiz_0_0 rise@9.263ns - clk_out1_VGA_source_bd_clk_wiz_0_0 rise@0.000ns)
  Data Path Delay:        5.162ns  (logic 1.943ns (37.644%)  route 3.219ns (62.356%))
  Logic Levels:           6  (LUT2=2 LUT3=1 LUT4=2 LUT6=1)
  Clock Path Skew:        -0.123ns (DCD - SCD + CPR)
    Destination Clock Delay (DCD):    -1.512ns = ( 7.751 - 9.263 ) 
    Source Clock Delay      (SCD):    -0.813ns
    Clock Pessimism Removal (CPR):    0.577ns
  Clock Uncertainty:      0.067ns  ((TSJ^2 + DJ^2)^1/2) / 2 + PE
    Total System Jitter     (TSJ):    0.071ns
    Discrete Jitter          (DJ):    0.115ns
    Phase Error              (PE):    0.000ns

    Location             Delay type                Incr(ns)  Path(ns)    Netlist Resource(s)
  -------------------------------------------------------------------    -------------------
                         (clock clk_out1_VGA_source_bd_clk_wiz_0_0 rise edge)
                                                      0.000     0.000 r  
    Y9                                                0.000     0.000 r  clk (IN)
                         net (fo=0)                   0.000     0.000    VGA_source_bd_i/clk_wiz_0/inst/clk_in1
    Y9                   IBUF (Prop_ibuf_I_O)         1.490     1.490 r  VGA_source_bd_i/clk_wiz_0/inst/clkin1_ibufg/O
                         net (fo=1, routed)           1.285     2.775    VGA_source_bd_i/clk_wiz_0/inst/clk_in1_VGA_source_bd_clk_wiz_0_0
    MMCME2_ADV_X0Y0      MMCME2_ADV (Prop_mmcme2_adv_CLKIN1_CLKOUT0)
                                                     -7.343    -4.568 r  VGA_source_bd_i/clk_wiz_0/inst/mmcm_adv_inst/CLKOUT0
                         net (fo=1, routed)           1.855    -2.713    VGA_source_bd_i/clk_wiz_0/inst/clk_out1_VGA_source_bd_clk_wiz_0_0
    BUFGCTRL_X0Y1        BUFG (Prop_bufg_I_O)         0.101    -2.612 r  VGA_source_bd_i/clk_wiz_0/inst/clkout1_buf/O
                         net (fo=246, routed)         1.799    -0.813    VGA_source_bd_i/v_axi4s_vid_out_0/inst/COUPLER_INST/generate_async_fifo.FIFO_INST/XPM_FIFO_ASYNC_INST/gnuram_async_fifo.xpm_fifo_base_inst/xpm_fifo_rst_inst/wr_clk
    SLICE_X98Y3          FDRE                                         r  VGA_source_bd_i/v_axi4s_vid_out_0/inst/COUPLER_INST/generate_async_fifo.FIFO_INST/XPM_FIFO_ASYNC_INST/gnuram_async_fifo.xpm_fifo_base_inst/xpm_fifo_rst_inst/gen_rst_ic.wr_rst_busy_ic_reg/C
  -------------------------------------------------------------------    -------------------
    SLICE_X98Y3          FDRE (Prop_fdre_C_Q)         0.518    -0.295 f  VGA_source_bd_i/v_axi4s_vid_out_0/inst/COUPLER_INST/generate_async_fifo.FIFO_INST/XPM_FIFO_ASYNC_INST/gnuram_async_fifo.xpm_fifo_base_inst/xpm_fifo_rst_inst/gen_rst_ic.wr_rst_busy_ic_reg/Q
                         net (fo=51, routed)          0.677     0.383    VGA_source_bd_i/v_axi4s_vid_out_0/inst/COUPLER_INST/generate_async_fifo.FIFO_INST/XPM_FIFO_ASYNC_INST/gnuram_async_fifo.xpm_fifo_base_inst/xpm_fifo_rst_inst/wrst_busy
    SLICE_X98Y3          LUT2 (Prop_lut2_I0_O)        0.152     0.535 f  VGA_source_bd_i/v_axi4s_vid_out_0/inst/COUPLER_INST/generate_async_fifo.FIFO_INST/XPM_FIFO_ASYNC_INST/gnuram_async_fifo.xpm_fifo_base_inst/xpm_fifo_rst_inst/wr_rst_busy_INST_0/O
                         net (fo=2, routed)           0.684     1.219    VGA_source_bd_i/v_axi4s_vid_out_0/inst/COUPLER_INST/wr_rst_busy_i
    SLICE_X98Y3          LUT3 (Prop_lut3_I0_O)        0.374     1.593 r  VGA_source_bd_i/v_axi4s_vid_out_0/inst/COUPLER_INST/FIFO_READY/O
                         net (fo=1, routed)           0.512     2.104    VGA_source_bd_i/v_vid_in_axi4s_0/inst/COUPLER_INST/generate_async_fifo.FIFO_INST/m_axis_video_tready
    SLICE_X91Y2          LUT2 (Prop_lut2_I0_O)        0.328     2.432 r  VGA_source_bd_i/v_vid_in_axi4s_0/inst/COUPLER_INST/generate_async_fifo.FIFO_INST/XPM_FIFO_ASYNC_INST_i_1/O
                         net (fo=10, routed)          0.310     2.742    VGA_source_bd_i/v_vid_in_axi4s_0/inst/COUPLER_INST/generate_async_fifo.FIFO_INST/XPM_FIFO_ASYNC_INST/gnuram_async_fifo.xpm_fifo_base_inst/rdpp1_inst/rd_en
    SLICE_X91Y2          LUT4 (Prop_lut4_I2_O)        0.120     2.862 r  VGA_source_bd_i/v_vid_in_axi4s_0/inst/COUPLER_INST/generate_async_fifo.FIFO_INST/XPM_FIFO_ASYNC_INST/gnuram_async_fifo.xpm_fifo_base_inst/rdpp1_inst/gen_sdpram.xpm_memory_base_inst_i_2/O
                         net (fo=23, routed)          0.624     3.486    VGA_source_bd_i/v_vid_in_axi4s_0/inst/COUPLER_INST/generate_async_fifo.FIFO_INST/XPM_FIFO_ASYNC_INST/gnuram_async_fifo.xpm_fifo_base_inst/rdpp1_inst/E[0]
    SLICE_X87Y1          LUT6 (Prop_lut6_I3_O)        0.327     3.813 r  VGA_source_bd_i/v_vid_in_axi4s_0/inst/COUPLER_INST/generate_async_fifo.FIFO_INST/XPM_FIFO_ASYNC_INST/gnuram_async_fifo.xpm_fifo_base_inst/rdpp1_inst/count_value_i[9]_i_2__1/O
                         net (fo=3, routed)           0.412     4.225    VGA_source_bd_i/v_vid_in_axi4s_0/inst/COUPLER_INST/generate_async_fifo.FIFO_INST/XPM_FIFO_ASYNC_INST/gnuram_async_fifo.xpm_fifo_base_inst/rdpp1_inst/count_value_i[9]_i_2__1_n_0
    SLICE_X87Y1          LUT4 (Prop_lut4_I1_O)        0.124     4.349 r  VGA_source_bd_i/v_vid_in_axi4s_0/inst/COUPLER_INST/generate_async_fifo.FIFO_INST/XPM_FIFO_ASYNC_INST/gnuram_async_fifo.xpm_fifo_base_inst/rdpp1_inst/count_value_i[7]_i_1__1/O
                         net (fo=1, routed)           0.000     4.349    VGA_source_bd_i/v_vid_in_axi4s_0/inst/COUPLER_INST/generate_async_fifo.FIFO_INST/XPM_FIFO_ASYNC_INST/gnuram_async_fifo.xpm_fifo_base_inst/rdpp1_inst/count_value_i[7]_i_1__1_n_0
    SLICE_X87Y1          FDRE                                         r  VGA_source_bd_i/v_vid_in_axi4s_0/inst/COUPLER_INST/generate_async_fifo.FIFO_INST/XPM_FIFO_ASYNC_INST/gnuram_async_fifo.xpm_fifo_base_inst/rdpp1_inst/count_value_i_reg[7]/D
  -------------------------------------------------------------------    -------------------

                         (clock clk_out1_VGA_source_bd_clk_wiz_0_0 rise edge)
                                                      9.263     9.263 r  
    Y9                                                0.000     9.263 r  clk (IN)
                         net (fo=0)                   0.000     9.263    VGA_source_bd_i/clk_wiz_0/inst/clk_in1
    Y9                   IBUF (Prop_ibuf_I_O)         1.420    10.683 r  VGA_source_bd_i/clk_wiz_0/inst/clkin1_ibufg/O
                         net (fo=1, routed)           1.162    11.845    VGA_source_bd_i/clk_wiz_0/inst/clk_in1_VGA_source_bd_clk_wiz_0_0
    MMCME2_ADV_X0Y0      MMCME2_ADV (Prop_mmcme2_adv_CLKIN1_CLKOUT0)
                                                     -7.438     4.407 r  VGA_source_bd_i/clk_wiz_0/inst/mmcm_adv_inst/CLKOUT0
                         net (fo=1, routed)           1.691     6.098    VGA_source_bd_i/clk_wiz_0/inst/clk_out1_VGA_source_bd_clk_wiz_0_0
    BUFGCTRL_X0Y1        BUFG (Prop_bufg_I_O)         0.091     6.189 r  VGA_source_bd_i/clk_wiz_0/inst/clkout1_buf/O
                         net (fo=246, routed)         1.561     7.751    VGA_source_bd_i/v_vid_in_axi4s_0/inst/COUPLER_INST/generate_async_fifo.FIFO_INST/XPM_FIFO_ASYNC_INST/gnuram_async_fifo.xpm_fifo_base_inst/rdpp1_inst/rd_clk
    SLICE_X87Y1          FDRE                                         r  VGA_source_bd_i/v_vid_in_axi4s_0/inst/COUPLER_INST/generate_async_fifo.FIFO_INST/XPM_FIFO_ASYNC_INST/gnuram_async_fifo.xpm_fifo_base_inst/rdpp1_inst/count_value_i_reg[7]/C
                         clock pessimism              0.577     8.328    
                         clock uncertainty           -0.067     8.260    
    SLICE_X87Y1          FDRE (Setup_fdre_C_D)        0.029     8.289    VGA_source_bd_i/v_vid_in_axi4s_0/inst/COUPLER_INST/generate_async_fifo.FIFO_INST/XPM_FIFO_ASYNC_INST/gnuram_async_fifo.xpm_fifo_base_inst/rdpp1_inst/count_value_i_reg[7]
  -------------------------------------------------------------------
                         required time                          8.289    
                         arrival time                          -4.349    
  -------------------------------------------------------------------
                         slack                                  3.940    

Slack (MET) :             3.992ns  (required time - arrival time)
  Source:                 VGA_source_bd_i/v_axi4s_vid_out_0/inst/COUPLER_INST/generate_async_fifo.FIFO_INST/XPM_FIFO_ASYNC_INST/gnuram_async_fifo.xpm_fifo_base_inst/xpm_fifo_rst_inst/gen_rst_ic.wr_rst_busy_ic_reg/C
                            (rising edge-triggered cell FDRE clocked by clk_out1_VGA_source_bd_clk_wiz_0_0  {rise@0.000ns fall@4.632ns period=9.263ns})
  Destination:            VGA_source_bd_i/v_vid_in_axi4s_0/inst/COUPLER_INST/generate_async_fifo.FIFO_INST/XPM_FIFO_ASYNC_INST/gnuram_async_fifo.xpm_fifo_base_inst/rdpp1_inst/count_value_i_reg[8]/D
                            (rising edge-triggered cell FDRE clocked by clk_out1_VGA_source_bd_clk_wiz_0_0  {rise@0.000ns fall@4.632ns period=9.263ns})
  Path Group:             clk_out1_VGA_source_bd_clk_wiz_0_0
  Path Type:              Setup (Max at Slow Process Corner)
  Requirement:            9.263ns  (clk_out1_VGA_source_bd_clk_wiz_0_0 rise@9.263ns - clk_out1_VGA_source_bd_clk_wiz_0_0 rise@0.000ns)
  Data Path Delay:        5.156ns  (logic 1.937ns (37.571%)  route 3.219ns (62.429%))
  Logic Levels:           6  (LUT2=2 LUT3=1 LUT4=1 LUT5=1 LUT6=1)
  Clock Path Skew:        -0.123ns (DCD - SCD + CPR)
    Destination Clock Delay (DCD):    -1.512ns = ( 7.751 - 9.263 ) 
    Source Clock Delay      (SCD):    -0.813ns
    Clock Pessimism Removal (CPR):    0.577ns
  Clock Uncertainty:      0.067ns  ((TSJ^2 + DJ^2)^1/2) / 2 + PE
    Total System Jitter     (TSJ):    0.071ns
    Discrete Jitter          (DJ):    0.115ns
    Phase Error              (PE):    0.000ns

    Location             Delay type                Incr(ns)  Path(ns)    Netlist Resource(s)
  -------------------------------------------------------------------    -------------------
                         (clock clk_out1_VGA_source_bd_clk_wiz_0_0 rise edge)
                                                      0.000     0.000 r  
    Y9                                                0.000     0.000 r  clk (IN)
                         net (fo=0)                   0.000     0.000    VGA_source_bd_i/clk_wiz_0/inst/clk_in1
    Y9                   IBUF (Prop_ibuf_I_O)         1.490     1.490 r  VGA_source_bd_i/clk_wiz_0/inst/clkin1_ibufg/O
                         net (fo=1, routed)           1.285     2.775    VGA_source_bd_i/clk_wiz_0/inst/clk_in1_VGA_source_bd_clk_wiz_0_0
    MMCME2_ADV_X0Y0      MMCME2_ADV (Prop_mmcme2_adv_CLKIN1_CLKOUT0)
                                                     -7.343    -4.568 r  VGA_source_bd_i/clk_wiz_0/inst/mmcm_adv_inst/CLKOUT0
                         net (fo=1, routed)           1.855    -2.713    VGA_source_bd_i/clk_wiz_0/inst/clk_out1_VGA_source_bd_clk_wiz_0_0
    BUFGCTRL_X0Y1        BUFG (Prop_bufg_I_O)         0.101    -2.612 r  VGA_source_bd_i/clk_wiz_0/inst/clkout1_buf/O
                         net (fo=246, routed)         1.799    -0.813    VGA_source_bd_i/v_axi4s_vid_out_0/inst/COUPLER_INST/generate_async_fifo.FIFO_INST/XPM_FIFO_ASYNC_INST/gnuram_async_fifo.xpm_fifo_base_inst/xpm_fifo_rst_inst/wr_clk
    SLICE_X98Y3          FDRE                                         r  VGA_source_bd_i/v_axi4s_vid_out_0/inst/COUPLER_INST/generate_async_fifo.FIFO_INST/XPM_FIFO_ASYNC_INST/gnuram_async_fifo.xpm_fifo_base_inst/xpm_fifo_rst_inst/gen_rst_ic.wr_rst_busy_ic_reg/C
  -------------------------------------------------------------------    -------------------
    SLICE_X98Y3          FDRE (Prop_fdre_C_Q)         0.518    -0.295 f  VGA_source_bd_i/v_axi4s_vid_out_0/inst/COUPLER_INST/generate_async_fifo.FIFO_INST/XPM_FIFO_ASYNC_INST/gnuram_async_fifo.xpm_fifo_base_inst/xpm_fifo_rst_inst/gen_rst_ic.wr_rst_busy_ic_reg/Q
                         net (fo=51, routed)          0.677     0.383    VGA_source_bd_i/v_axi4s_vid_out_0/inst/COUPLER_INST/generate_async_fifo.FIFO_INST/XPM_FIFO_ASYNC_INST/gnuram_async_fifo.xpm_fifo_base_inst/xpm_fifo_rst_inst/wrst_busy
    SLICE_X98Y3          LUT2 (Prop_lut2_I0_O)        0.152     0.535 f  VGA_source_bd_i/v_axi4s_vid_out_0/inst/COUPLER_INST/generate_async_fifo.FIFO_INST/XPM_FIFO_ASYNC_INST/gnuram_async_fifo.xpm_fifo_base_inst/xpm_fifo_rst_inst/wr_rst_busy_INST_0/O
                         net (fo=2, routed)           0.684     1.219    VGA_source_bd_i/v_axi4s_vid_out_0/inst/COUPLER_INST/wr_rst_busy_i
    SLICE_X98Y3          LUT3 (Prop_lut3_I0_O)        0.374     1.593 r  VGA_source_bd_i/v_axi4s_vid_out_0/inst/COUPLER_INST/FIFO_READY/O
                         net (fo=1, routed)           0.512     2.104    VGA_source_bd_i/v_vid_in_axi4s_0/inst/COUPLER_INST/generate_async_fifo.FIFO_INST/m_axis_video_tready
    SLICE_X91Y2          LUT2 (Prop_lut2_I0_O)        0.328     2.432 r  VGA_source_bd_i/v_vid_in_axi4s_0/inst/COUPLER_INST/generate_async_fifo.FIFO_INST/XPM_FIFO_ASYNC_INST_i_1/O
                         net (fo=10, routed)          0.310     2.742    VGA_source_bd_i/v_vid_in_axi4s_0/inst/COUPLER_INST/generate_async_fifo.FIFO_INST/XPM_FIFO_ASYNC_INST/gnuram_async_fifo.xpm_fifo_base_inst/rdpp1_inst/rd_en
    SLICE_X91Y2          LUT4 (Prop_lut4_I2_O)        0.120     2.862 r  VGA_source_bd_i/v_vid_in_axi4s_0/inst/COUPLER_INST/generate_async_fifo.FIFO_INST/XPM_FIFO_ASYNC_INST/gnuram_async_fifo.xpm_fifo_base_inst/rdpp1_inst/gen_sdpram.xpm_memory_base_inst_i_2/O
                         net (fo=23, routed)          0.624     3.486    VGA_source_bd_i/v_vid_in_axi4s_0/inst/COUPLER_INST/generate_async_fifo.FIFO_INST/XPM_FIFO_ASYNC_INST/gnuram_async_fifo.xpm_fifo_base_inst/rdpp1_inst/E[0]
    SLICE_X87Y1          LUT6 (Prop_lut6_I3_O)        0.327     3.813 r  VGA_source_bd_i/v_vid_in_axi4s_0/inst/COUPLER_INST/generate_async_fifo.FIFO_INST/XPM_FIFO_ASYNC_INST/gnuram_async_fifo.xpm_fifo_base_inst/rdpp1_inst/count_value_i[9]_i_2__1/O
                         net (fo=3, routed)           0.412     4.225    VGA_source_bd_i/v_vid_in_axi4s_0/inst/COUPLER_INST/generate_async_fifo.FIFO_INST/XPM_FIFO_ASYNC_INST/gnuram_async_fifo.xpm_fifo_base_inst/rdpp1_inst/count_value_i[9]_i_2__1_n_0
    SLICE_X87Y1          LUT5 (Prop_lut5_I1_O)        0.118     4.343 r  VGA_source_bd_i/v_vid_in_axi4s_0/inst/COUPLER_INST/generate_async_fifo.FIFO_INST/XPM_FIFO_ASYNC_INST/gnuram_async_fifo.xpm_fifo_base_inst/rdpp1_inst/count_value_i[8]_i_1__1/O
                         net (fo=1, routed)           0.000     4.343    VGA_source_bd_i/v_vid_in_axi4s_0/inst/COUPLER_INST/generate_async_fifo.FIFO_INST/XPM_FIFO_ASYNC_INST/gnuram_async_fifo.xpm_fifo_base_inst/rdpp1_inst/count_value_i[8]_i_1__1_n_0
    SLICE_X87Y1          FDRE                                         r  VGA_source_bd_i/v_vid_in_axi4s_0/inst/COUPLER_INST/generate_async_fifo.FIFO_INST/XPM_FIFO_ASYNC_INST/gnuram_async_fifo.xpm_fifo_base_inst/rdpp1_inst/count_value_i_reg[8]/D
  -------------------------------------------------------------------    -------------------

                         (clock clk_out1_VGA_source_bd_clk_wiz_0_0 rise edge)
                                                      9.263     9.263 r  
    Y9                                                0.000     9.263 r  clk (IN)
                         net (fo=0)                   0.000     9.263    VGA_source_bd_i/clk_wiz_0/inst/clk_in1
    Y9                   IBUF (Prop_ibuf_I_O)         1.420    10.683 r  VGA_source_bd_i/clk_wiz_0/inst/clkin1_ibufg/O
                         net (fo=1, routed)           1.162    11.845    VGA_source_bd_i/clk_wiz_0/inst/clk_in1_VGA_source_bd_clk_wiz_0_0
    MMCME2_ADV_X0Y0      MMCME2_ADV (Prop_mmcme2_adv_CLKIN1_CLKOUT0)
                                                     -7.438     4.407 r  VGA_source_bd_i/clk_wiz_0/inst/mmcm_adv_inst/CLKOUT0
                         net (fo=1, routed)           1.691     6.098    VGA_source_bd_i/clk_wiz_0/inst/clk_out1_VGA_source_bd_clk_wiz_0_0
    BUFGCTRL_X0Y1        BUFG (Prop_bufg_I_O)         0.091     6.189 r  VGA_source_bd_i/clk_wiz_0/inst/clkout1_buf/O
                         net (fo=246, routed)         1.561     7.751    VGA_source_bd_i/v_vid_in_axi4s_0/inst/COUPLER_INST/generate_async_fifo.FIFO_INST/XPM_FIFO_ASYNC_INST/gnuram_async_fifo.xpm_fifo_base_inst/rdpp1_inst/rd_clk
    SLICE_X87Y1          FDRE                                         r  VGA_source_bd_i/v_vid_in_axi4s_0/inst/COUPLER_INST/generate_async_fifo.FIFO_INST/XPM_FIFO_ASYNC_INST/gnuram_async_fifo.xpm_fifo_base_inst/rdpp1_inst/count_value_i_reg[8]/C
                         clock pessimism              0.577     8.328    
                         clock uncertainty           -0.067     8.260    
    SLICE_X87Y1          FDRE (Setup_fdre_C_D)        0.075     8.335    VGA_source_bd_i/v_vid_in_axi4s_0/inst/COUPLER_INST/generate_async_fifo.FIFO_INST/XPM_FIFO_ASYNC_INST/gnuram_async_fifo.xpm_fifo_base_inst/rdpp1_inst/count_value_i_reg[8]
  -------------------------------------------------------------------
                         required time                          8.335    
                         arrival time                          -4.343    
  -------------------------------------------------------------------
                         slack                                  3.992    

Slack (MET) :             4.001ns  (required time - arrival time)
  Source:                 VGA_source_bd_i/v_axi4s_vid_out_0/inst/COUPLER_INST/generate_async_fifo.FIFO_INST/XPM_FIFO_ASYNC_INST/gnuram_async_fifo.xpm_fifo_base_inst/xpm_fifo_rst_inst/gen_rst_ic.wr_rst_busy_ic_reg/C
                            (rising edge-triggered cell FDRE clocked by clk_out1_VGA_source_bd_clk_wiz_0_0  {rise@0.000ns fall@4.632ns period=9.263ns})
  Destination:            VGA_source_bd_i/v_vid_in_axi4s_0/inst/COUPLER_INST/generate_async_fifo.FIFO_INST/XPM_FIFO_ASYNC_INST/gnuram_async_fifo.xpm_fifo_base_inst/gen_sdpram.xpm_memory_base_inst/gen_wr_a.gen_word_narrow.mem_reg/ENBWREN
                            (rising edge-triggered cell RAMB18E1 clocked by clk_out1_VGA_source_bd_clk_wiz_0_0  {rise@0.000ns fall@4.632ns period=9.263ns})
  Path Group:             clk_out1_VGA_source_bd_clk_wiz_0_0
  Path Type:              Setup (Max at Slow Process Corner)
  Requirement:            9.263ns  (clk_out1_VGA_source_bd_clk_wiz_0_0 rise@9.263ns - clk_out1_VGA_source_bd_clk_wiz_0_0 rise@0.000ns)
  Data Path Delay:        4.520ns  (logic 1.492ns (33.005%)  route 3.028ns (66.995%))
  Logic Levels:           4  (LUT2=2 LUT3=1 LUT4=1)
  Clock Path Skew:        -0.029ns (DCD - SCD + CPR)
    Destination Clock Delay (DCD):    -1.418ns = ( 7.845 - 9.263 ) 
    Source Clock Delay      (SCD):    -0.813ns
    Clock Pessimism Removal (CPR):    0.577ns
  Clock Uncertainty:      0.067ns  ((TSJ^2 + DJ^2)^1/2) / 2 + PE
    Total System Jitter     (TSJ):    0.071ns
    Discrete Jitter          (DJ):    0.115ns
    Phase Error              (PE):    0.000ns

    Location             Delay type                Incr(ns)  Path(ns)    Netlist Resource(s)
  -------------------------------------------------------------------    -------------------
                         (clock clk_out1_VGA_source_bd_clk_wiz_0_0 rise edge)
                                                      0.000     0.000 r  
    Y9                                                0.000     0.000 r  clk (IN)
                         net (fo=0)                   0.000     0.000    VGA_source_bd_i/clk_wiz_0/inst/clk_in1
    Y9                   IBUF (Prop_ibuf_I_O)         1.490     1.490 r  VGA_source_bd_i/clk_wiz_0/inst/clkin1_ibufg/O
                         net (fo=1, routed)           1.285     2.775    VGA_source_bd_i/clk_wiz_0/inst/clk_in1_VGA_source_bd_clk_wiz_0_0
    MMCME2_ADV_X0Y0      MMCME2_ADV (Prop_mmcme2_adv_CLKIN1_CLKOUT0)
                                                     -7.343    -4.568 r  VGA_source_bd_i/clk_wiz_0/inst/mmcm_adv_inst/CLKOUT0
                         net (fo=1, routed)           1.855    -2.713    VGA_source_bd_i/clk_wiz_0/inst/clk_out1_VGA_source_bd_clk_wiz_0_0
    BUFGCTRL_X0Y1        BUFG (Prop_bufg_I_O)         0.101    -2.612 r  VGA_source_bd_i/clk_wiz_0/inst/clkout1_buf/O
                         net (fo=246, routed)         1.799    -0.813    VGA_source_bd_i/v_axi4s_vid_out_0/inst/COUPLER_INST/generate_async_fifo.FIFO_INST/XPM_FIFO_ASYNC_INST/gnuram_async_fifo.xpm_fifo_base_inst/xpm_fifo_rst_inst/wr_clk
    SLICE_X98Y3          FDRE                                         r  VGA_source_bd_i/v_axi4s_vid_out_0/inst/COUPLER_INST/generate_async_fifo.FIFO_INST/XPM_FIFO_ASYNC_INST/gnuram_async_fifo.xpm_fifo_base_inst/xpm_fifo_rst_inst/gen_rst_ic.wr_rst_busy_ic_reg/C
  -------------------------------------------------------------------    -------------------
    SLICE_X98Y3          FDRE (Prop_fdre_C_Q)         0.518    -0.295 f  VGA_source_bd_i/v_axi4s_vid_out_0/inst/COUPLER_INST/generate_async_fifo.FIFO_INST/XPM_FIFO_ASYNC_INST/gnuram_async_fifo.xpm_fifo_base_inst/xpm_fifo_rst_inst/gen_rst_ic.wr_rst_busy_ic_reg/Q
                         net (fo=51, routed)          0.677     0.383    VGA_source_bd_i/v_axi4s_vid_out_0/inst/COUPLER_INST/generate_async_fifo.FIFO_INST/XPM_FIFO_ASYNC_INST/gnuram_async_fifo.xpm_fifo_base_inst/xpm_fifo_rst_inst/wrst_busy
    SLICE_X98Y3          LUT2 (Prop_lut2_I0_O)        0.152     0.535 f  VGA_source_bd_i/v_axi4s_vid_out_0/inst/COUPLER_INST/generate_async_fifo.FIFO_INST/XPM_FIFO_ASYNC_INST/gnuram_async_fifo.xpm_fifo_base_inst/xpm_fifo_rst_inst/wr_rst_busy_INST_0/O
                         net (fo=2, routed)           0.684     1.219    VGA_source_bd_i/v_axi4s_vid_out_0/inst/COUPLER_INST/wr_rst_busy_i
    SLICE_X98Y3          LUT3 (Prop_lut3_I0_O)        0.374     1.593 r  VGA_source_bd_i/v_axi4s_vid_out_0/inst/COUPLER_INST/FIFO_READY/O
                         net (fo=1, routed)           0.512     2.104    VGA_source_bd_i/v_vid_in_axi4s_0/inst/COUPLER_INST/generate_async_fifo.FIFO_INST/m_axis_video_tready
    SLICE_X91Y2          LUT2 (Prop_lut2_I0_O)        0.328     2.432 r  VGA_source_bd_i/v_vid_in_axi4s_0/inst/COUPLER_INST/generate_async_fifo.FIFO_INST/XPM_FIFO_ASYNC_INST_i_1/O
                         net (fo=10, routed)          0.310     2.742    VGA_source_bd_i/v_vid_in_axi4s_0/inst/COUPLER_INST/generate_async_fifo.FIFO_INST/XPM_FIFO_ASYNC_INST/gnuram_async_fifo.xpm_fifo_base_inst/rdpp1_inst/rd_en
    SLICE_X91Y2          LUT4 (Prop_lut4_I2_O)        0.120     2.862 r  VGA_source_bd_i/v_vid_in_axi4s_0/inst/COUPLER_INST/generate_async_fifo.FIFO_INST/XPM_FIFO_ASYNC_INST/gnuram_async_fifo.xpm_fifo_base_inst/rdpp1_inst/gen_sdpram.xpm_memory_base_inst_i_2/O
                         net (fo=23, routed)          0.846     3.708    VGA_source_bd_i/v_vid_in_axi4s_0/inst/COUPLER_INST/generate_async_fifo.FIFO_INST/XPM_FIFO_ASYNC_INST/gnuram_async_fifo.xpm_fifo_base_inst/gen_sdpram.xpm_memory_base_inst/enb
    RAMB18_X4Y3          RAMB18E1                                     r  VGA_source_bd_i/v_vid_in_axi4s_0/inst/COUPLER_INST/generate_async_fifo.FIFO_INST/XPM_FIFO_ASYNC_INST/gnuram_async_fifo.xpm_fifo_base_inst/gen_sdpram.xpm_memory_base_inst/gen_wr_a.gen_word_narrow.mem_reg/ENBWREN
  -------------------------------------------------------------------    -------------------

                         (clock clk_out1_VGA_source_bd_clk_wiz_0_0 rise edge)
                                                      9.263     9.263 r  
    Y9                                                0.000     9.263 r  clk (IN)
                         net (fo=0)                   0.000     9.263    VGA_source_bd_i/clk_wiz_0/inst/clk_in1
    Y9                   IBUF (Prop_ibuf_I_O)         1.420    10.683 r  VGA_source_bd_i/clk_wiz_0/inst/clkin1_ibufg/O
                         net (fo=1, routed)           1.162    11.845    VGA_source_bd_i/clk_wiz_0/inst/clk_in1_VGA_source_bd_clk_wiz_0_0
    MMCME2_ADV_X0Y0      MMCME2_ADV (Prop_mmcme2_adv_CLKIN1_CLKOUT0)
                                                     -7.438     4.407 r  VGA_source_bd_i/clk_wiz_0/inst/mmcm_adv_inst/CLKOUT0
                         net (fo=1, routed)           1.691     6.098    VGA_source_bd_i/clk_wiz_0/inst/clk_out1_VGA_source_bd_clk_wiz_0_0
    BUFGCTRL_X0Y1        BUFG (Prop_bufg_I_O)         0.091     6.189 r  VGA_source_bd_i/clk_wiz_0/inst/clkout1_buf/O
                         net (fo=246, routed)         1.656     7.845    VGA_source_bd_i/v_vid_in_axi4s_0/inst/COUPLER_INST/generate_async_fifo.FIFO_INST/XPM_FIFO_ASYNC_INST/gnuram_async_fifo.xpm_fifo_base_inst/gen_sdpram.xpm_memory_base_inst/clkb
    RAMB18_X4Y3          RAMB18E1                                     r  VGA_source_bd_i/v_vid_in_axi4s_0/inst/COUPLER_INST/generate_async_fifo.FIFO_INST/XPM_FIFO_ASYNC_INST/gnuram_async_fifo.xpm_fifo_base_inst/gen_sdpram.xpm_memory_base_inst/gen_wr_a.gen_word_narrow.mem_reg/CLKBWRCLK
                         clock pessimism              0.577     8.422    
                         clock uncertainty           -0.067     8.354    
    RAMB18_X4Y3          RAMB18E1 (Setup_ramb18e1_CLKBWRCLK_ENBWREN)
                                                     -0.646     7.708    VGA_source_bd_i/v_vid_in_axi4s_0/inst/COUPLER_INST/generate_async_fifo.FIFO_INST/XPM_FIFO_ASYNC_INST/gnuram_async_fifo.xpm_fifo_base_inst/gen_sdpram.xpm_memory_base_inst/gen_wr_a.gen_word_narrow.mem_reg
  -------------------------------------------------------------------
                         required time                          7.708    
                         arrival time                          -3.708    
  -------------------------------------------------------------------
                         slack                                  4.001    

Slack (MET) :             4.181ns  (required time - arrival time)
  Source:                 VGA_source_bd_i/v_axi4s_vid_out_0/inst/COUPLER_INST/generate_async_fifo.FIFO_INST/XPM_FIFO_ASYNC_INST/gnuram_async_fifo.xpm_fifo_base_inst/xpm_fifo_rst_inst/gen_rst_ic.wr_rst_busy_ic_reg/C
                            (rising edge-triggered cell FDRE clocked by clk_out1_VGA_source_bd_clk_wiz_0_0  {rise@0.000ns fall@4.632ns period=9.263ns})
  Destination:            VGA_source_bd_i/v_vid_in_axi4s_0/inst/COUPLER_INST/generate_async_fifo.FIFO_INST/XPM_FIFO_ASYNC_INST/gnuram_async_fifo.xpm_fifo_base_inst/rdpp1_inst/count_value_i_reg[2]/CE
                            (rising edge-triggered cell FDRE clocked by clk_out1_VGA_source_bd_clk_wiz_0_0  {rise@0.000ns fall@4.632ns period=9.263ns})
  Path Group:             clk_out1_VGA_source_bd_clk_wiz_0_0
  Path Type:              Setup (Max at Slow Process Corner)
  Requirement:            9.263ns  (clk_out1_VGA_source_bd_clk_wiz_0_0 rise@9.263ns - clk_out1_VGA_source_bd_clk_wiz_0_0 rise@0.000ns)
  Data Path Delay:        4.484ns  (logic 1.492ns (33.274%)  route 2.992ns (66.726%))
  Logic Levels:           4  (LUT2=2 LUT3=1 LUT4=1)
  Clock Path Skew:        -0.123ns (DCD - SCD + CPR)
    Destination Clock Delay (DCD):    -1.512ns = ( 7.751 - 9.263 ) 
    Source Clock Delay      (SCD):    -0.813ns
    Clock Pessimism Removal (CPR):    0.577ns
  Clock Uncertainty:      0.067ns  ((TSJ^2 + DJ^2)^1/2) / 2 + PE
    Total System Jitter     (TSJ):    0.071ns
    Discrete Jitter          (DJ):    0.115ns
    Phase Error              (PE):    0.000ns

    Location             Delay type                Incr(ns)  Path(ns)    Netlist Resource(s)
  -------------------------------------------------------------------    -------------------
                         (clock clk_out1_VGA_source_bd_clk_wiz_0_0 rise edge)
                                                      0.000     0.000 r  
    Y9                                                0.000     0.000 r  clk (IN)
                         net (fo=0)                   0.000     0.000    VGA_source_bd_i/clk_wiz_0/inst/clk_in1
    Y9                   IBUF (Prop_ibuf_I_O)         1.490     1.490 r  VGA_source_bd_i/clk_wiz_0/inst/clkin1_ibufg/O
                         net (fo=1, routed)           1.285     2.775    VGA_source_bd_i/clk_wiz_0/inst/clk_in1_VGA_source_bd_clk_wiz_0_0
    MMCME2_ADV_X0Y0      MMCME2_ADV (Prop_mmcme2_adv_CLKIN1_CLKOUT0)
                                                     -7.343    -4.568 r  VGA_source_bd_i/clk_wiz_0/inst/mmcm_adv_inst/CLKOUT0
                         net (fo=1, routed)           1.855    -2.713    VGA_source_bd_i/clk_wiz_0/inst/clk_out1_VGA_source_bd_clk_wiz_0_0
    BUFGCTRL_X0Y1        BUFG (Prop_bufg_I_O)         0.101    -2.612 r  VGA_source_bd_i/clk_wiz_0/inst/clkout1_buf/O
                         net (fo=246, routed)         1.799    -0.813    VGA_source_bd_i/v_axi4s_vid_out_0/inst/COUPLER_INST/generate_async_fifo.FIFO_INST/XPM_FIFO_ASYNC_INST/gnuram_async_fifo.xpm_fifo_base_inst/xpm_fifo_rst_inst/wr_clk
    SLICE_X98Y3          FDRE                                         r  VGA_source_bd_i/v_axi4s_vid_out_0/inst/COUPLER_INST/generate_async_fifo.FIFO_INST/XPM_FIFO_ASYNC_INST/gnuram_async_fifo.xpm_fifo_base_inst/xpm_fifo_rst_inst/gen_rst_ic.wr_rst_busy_ic_reg/C
  -------------------------------------------------------------------    -------------------
    SLICE_X98Y3          FDRE (Prop_fdre_C_Q)         0.518    -0.295 f  VGA_source_bd_i/v_axi4s_vid_out_0/inst/COUPLER_INST/generate_async_fifo.FIFO_INST/XPM_FIFO_ASYNC_INST/gnuram_async_fifo.xpm_fifo_base_inst/xpm_fifo_rst_inst/gen_rst_ic.wr_rst_busy_ic_reg/Q
                         net (fo=51, routed)          0.677     0.383    VGA_source_bd_i/v_axi4s_vid_out_0/inst/COUPLER_INST/generate_async_fifo.FIFO_INST/XPM_FIFO_ASYNC_INST/gnuram_async_fifo.xpm_fifo_base_inst/xpm_fifo_rst_inst/wrst_busy
    SLICE_X98Y3          LUT2 (Prop_lut2_I0_O)        0.152     0.535 f  VGA_source_bd_i/v_axi4s_vid_out_0/inst/COUPLER_INST/generate_async_fifo.FIFO_INST/XPM_FIFO_ASYNC_INST/gnuram_async_fifo.xpm_fifo_base_inst/xpm_fifo_rst_inst/wr_rst_busy_INST_0/O
                         net (fo=2, routed)           0.684     1.219    VGA_source_bd_i/v_axi4s_vid_out_0/inst/COUPLER_INST/wr_rst_busy_i
    SLICE_X98Y3          LUT3 (Prop_lut3_I0_O)        0.374     1.593 r  VGA_source_bd_i/v_axi4s_vid_out_0/inst/COUPLER_INST/FIFO_READY/O
                         net (fo=1, routed)           0.512     2.104    VGA_source_bd_i/v_vid_in_axi4s_0/inst/COUPLER_INST/generate_async_fifo.FIFO_INST/m_axis_video_tready
    SLICE_X91Y2          LUT2 (Prop_lut2_I0_O)        0.328     2.432 r  VGA_source_bd_i/v_vid_in_axi4s_0/inst/COUPLER_INST/generate_async_fifo.FIFO_INST/XPM_FIFO_ASYNC_INST_i_1/O
                         net (fo=10, routed)          0.310     2.742    VGA_source_bd_i/v_vid_in_axi4s_0/inst/COUPLER_INST/generate_async_fifo.FIFO_INST/XPM_FIFO_ASYNC_INST/gnuram_async_fifo.xpm_fifo_base_inst/rdpp1_inst/rd_en
    SLICE_X91Y2          LUT4 (Prop_lut4_I2_O)        0.120     2.862 r  VGA_source_bd_i/v_vid_in_axi4s_0/inst/COUPLER_INST/generate_async_fifo.FIFO_INST/XPM_FIFO_ASYNC_INST/gnuram_async_fifo.xpm_fifo_base_inst/rdpp1_inst/gen_sdpram.xpm_memory_base_inst_i_2/O
                         net (fo=23, routed)          0.810     3.671    VGA_source_bd_i/v_vid_in_axi4s_0/inst/COUPLER_INST/generate_async_fifo.FIFO_INST/XPM_FIFO_ASYNC_INST/gnuram_async_fifo.xpm_fifo_base_inst/rdpp1_inst/E[0]
    SLICE_X88Y0          FDRE                                         r  VGA_source_bd_i/v_vid_in_axi4s_0/inst/COUPLER_INST/generate_async_fifo.FIFO_INST/XPM_FIFO_ASYNC_INST/gnuram_async_fifo.xpm_fifo_base_inst/rdpp1_inst/count_value_i_reg[2]/CE
  -------------------------------------------------------------------    -------------------

                         (clock clk_out1_VGA_source_bd_clk_wiz_0_0 rise edge)
                                                      9.263     9.263 r  
    Y9                                                0.000     9.263 r  clk (IN)
                         net (fo=0)                   0.000     9.263    VGA_source_bd_i/clk_wiz_0/inst/clk_in1
    Y9                   IBUF (Prop_ibuf_I_O)         1.420    10.683 r  VGA_source_bd_i/clk_wiz_0/inst/clkin1_ibufg/O
                         net (fo=1, routed)           1.162    11.845    VGA_source_bd_i/clk_wiz_0/inst/clk_in1_VGA_source_bd_clk_wiz_0_0
    MMCME2_ADV_X0Y0      MMCME2_ADV (Prop_mmcme2_adv_CLKIN1_CLKOUT0)
                                                     -7.438     4.407 r  VGA_source_bd_i/clk_wiz_0/inst/mmcm_adv_inst/CLKOUT0
                         net (fo=1, routed)           1.691     6.098    VGA_source_bd_i/clk_wiz_0/inst/clk_out1_VGA_source_bd_clk_wiz_0_0
    BUFGCTRL_X0Y1        BUFG (Prop_bufg_I_O)         0.091     6.189 r  VGA_source_bd_i/clk_wiz_0/inst/clkout1_buf/O
                         net (fo=246, routed)         1.561     7.751    VGA_source_bd_i/v_vid_in_axi4s_0/inst/COUPLER_INST/generate_async_fifo.FIFO_INST/XPM_FIFO_ASYNC_INST/gnuram_async_fifo.xpm_fifo_base_inst/rdpp1_inst/rd_clk
    SLICE_X88Y0          FDRE                                         r  VGA_source_bd_i/v_vid_in_axi4s_0/inst/COUPLER_INST/generate_async_fifo.FIFO_INST/XPM_FIFO_ASYNC_INST/gnuram_async_fifo.xpm_fifo_base_inst/rdpp1_inst/count_value_i_reg[2]/C
                         clock pessimism              0.577     8.328    
                         clock uncertainty           -0.067     8.260    
    SLICE_X88Y0          FDRE (Setup_fdre_C_CE)      -0.408     7.852    VGA_source_bd_i/v_vid_in_axi4s_0/inst/COUPLER_INST/generate_async_fifo.FIFO_INST/XPM_FIFO_ASYNC_INST/gnuram_async_fifo.xpm_fifo_base_inst/rdpp1_inst/count_value_i_reg[2]
  -------------------------------------------------------------------
                         required time                          7.852    
                         arrival time                          -3.671    
  -------------------------------------------------------------------
                         slack                                  4.181    

Slack (MET) :             4.290ns  (required time - arrival time)
  Source:                 VGA_source_bd_i/v_axi4s_vid_out_0/inst/COUPLER_INST/generate_async_fifo.FIFO_INST/XPM_FIFO_ASYNC_INST/gnuram_async_fifo.xpm_fifo_base_inst/xpm_fifo_rst_inst/gen_rst_ic.wr_rst_busy_ic_reg/C
                            (rising edge-triggered cell FDRE clocked by clk_out1_VGA_source_bd_clk_wiz_0_0  {rise@0.000ns fall@4.632ns period=9.263ns})
  Destination:            VGA_source_bd_i/v_vid_in_axi4s_0/inst/COUPLER_INST/generate_async_fifo.FIFO_INST/XPM_FIFO_ASYNC_INST/gnuram_async_fifo.xpm_fifo_base_inst/rdpp1_inst/count_value_i_reg[6]/CE
                            (rising edge-triggered cell FDRE clocked by clk_out1_VGA_source_bd_clk_wiz_0_0  {rise@0.000ns fall@4.632ns period=9.263ns})
  Path Group:             clk_out1_VGA_source_bd_clk_wiz_0_0
  Path Type:              Setup (Max at Slow Process Corner)
  Requirement:            9.263ns  (clk_out1_VGA_source_bd_clk_wiz_0_0 rise@9.263ns - clk_out1_VGA_source_bd_clk_wiz_0_0 rise@0.000ns)
  Data Path Delay:        4.375ns  (logic 1.492ns (34.107%)  route 2.883ns (65.893%))
  Logic Levels:           4  (LUT2=2 LUT3=1 LUT4=1)
  Clock Path Skew:        -0.123ns (DCD - SCD + CPR)
    Destination Clock Delay (DCD):    -1.512ns = ( 7.751 - 9.263 ) 
    Source Clock Delay      (SCD):    -0.813ns
    Clock Pessimism Removal (CPR):    0.577ns
  Clock Uncertainty:      0.067ns  ((TSJ^2 + DJ^2)^1/2) / 2 + PE
    Total System Jitter     (TSJ):    0.071ns
    Discrete Jitter          (DJ):    0.115ns
    Phase Error              (PE):    0.000ns

    Location             Delay type                Incr(ns)  Path(ns)    Netlist Resource(s)
  -------------------------------------------------------------------    -------------------
                         (clock clk_out1_VGA_source_bd_clk_wiz_0_0 rise edge)
                                                      0.000     0.000 r  
    Y9                                                0.000     0.000 r  clk (IN)
                         net (fo=0)                   0.000     0.000    VGA_source_bd_i/clk_wiz_0/inst/clk_in1
    Y9                   IBUF (Prop_ibuf_I_O)         1.490     1.490 r  VGA_source_bd_i/clk_wiz_0/inst/clkin1_ibufg/O
                         net (fo=1, routed)           1.285     2.775    VGA_source_bd_i/clk_wiz_0/inst/clk_in1_VGA_source_bd_clk_wiz_0_0
    MMCME2_ADV_X0Y0      MMCME2_ADV (Prop_mmcme2_adv_CLKIN1_CLKOUT0)
                                                     -7.343    -4.568 r  VGA_source_bd_i/clk_wiz_0/inst/mmcm_adv_inst/CLKOUT0
                         net (fo=1, routed)           1.855    -2.713    VGA_source_bd_i/clk_wiz_0/inst/clk_out1_VGA_source_bd_clk_wiz_0_0
    BUFGCTRL_X0Y1        BUFG (Prop_bufg_I_O)         0.101    -2.612 r  VGA_source_bd_i/clk_wiz_0/inst/clkout1_buf/O
                         net (fo=246, routed)         1.799    -0.813    VGA_source_bd_i/v_axi4s_vid_out_0/inst/COUPLER_INST/generate_async_fifo.FIFO_INST/XPM_FIFO_ASYNC_INST/gnuram_async_fifo.xpm_fifo_base_inst/xpm_fifo_rst_inst/wr_clk
    SLICE_X98Y3          FDRE                                         r  VGA_source_bd_i/v_axi4s_vid_out_0/inst/COUPLER_INST/generate_async_fifo.FIFO_INST/XPM_FIFO_ASYNC_INST/gnuram_async_fifo.xpm_fifo_base_inst/xpm_fifo_rst_inst/gen_rst_ic.wr_rst_busy_ic_reg/C
  -------------------------------------------------------------------    -------------------
    SLICE_X98Y3          FDRE (Prop_fdre_C_Q)         0.518    -0.295 f  VGA_source_bd_i/v_axi4s_vid_out_0/inst/COUPLER_INST/generate_async_fifo.FIFO_INST/XPM_FIFO_ASYNC_INST/gnuram_async_fifo.xpm_fifo_base_inst/xpm_fifo_rst_inst/gen_rst_ic.wr_rst_busy_ic_reg/Q
                         net (fo=51, routed)          0.677     0.383    VGA_source_bd_i/v_axi4s_vid_out_0/inst/COUPLER_INST/generate_async_fifo.FIFO_INST/XPM_FIFO_ASYNC_INST/gnuram_async_fifo.xpm_fifo_base_inst/xpm_fifo_rst_inst/wrst_busy
    SLICE_X98Y3          LUT2 (Prop_lut2_I0_O)        0.152     0.535 f  VGA_source_bd_i/v_axi4s_vid_out_0/inst/COUPLER_INST/generate_async_fifo.FIFO_INST/XPM_FIFO_ASYNC_INST/gnuram_async_fifo.xpm_fifo_base_inst/xpm_fifo_rst_inst/wr_rst_busy_INST_0/O
                         net (fo=2, routed)           0.684     1.219    VGA_source_bd_i/v_axi4s_vid_out_0/inst/COUPLER_INST/wr_rst_busy_i
    SLICE_X98Y3          LUT3 (Prop_lut3_I0_O)        0.374     1.593 r  VGA_source_bd_i/v_axi4s_vid_out_0/inst/COUPLER_INST/FIFO_READY/O
                         net (fo=1, routed)           0.512     2.104    VGA_source_bd_i/v_vid_in_axi4s_0/inst/COUPLER_INST/generate_async_fifo.FIFO_INST/m_axis_video_tready
    SLICE_X91Y2          LUT2 (Prop_lut2_I0_O)        0.328     2.432 r  VGA_source_bd_i/v_vid_in_axi4s_0/inst/COUPLER_INST/generate_async_fifo.FIFO_INST/XPM_FIFO_ASYNC_INST_i_1/O
                         net (fo=10, routed)          0.310     2.742    VGA_source_bd_i/v_vid_in_axi4s_0/inst/COUPLER_INST/generate_async_fifo.FIFO_INST/XPM_FIFO_ASYNC_INST/gnuram_async_fifo.xpm_fifo_base_inst/rdpp1_inst/rd_en
    SLICE_X91Y2          LUT4 (Prop_lut4_I2_O)        0.120     2.862 r  VGA_source_bd_i/v_vid_in_axi4s_0/inst/COUPLER_INST/generate_async_fifo.FIFO_INST/XPM_FIFO_ASYNC_INST/gnuram_async_fifo.xpm_fifo_base_inst/rdpp1_inst/gen_sdpram.xpm_memory_base_inst_i_2/O
                         net (fo=23, routed)          0.700     3.562    VGA_source_bd_i/v_vid_in_axi4s_0/inst/COUPLER_INST/generate_async_fifo.FIFO_INST/XPM_FIFO_ASYNC_INST/gnuram_async_fifo.xpm_fifo_base_inst/rdpp1_inst/E[0]
    SLICE_X87Y1          FDRE                                         r  VGA_source_bd_i/v_vid_in_axi4s_0/inst/COUPLER_INST/generate_async_fifo.FIFO_INST/XPM_FIFO_ASYNC_INST/gnuram_async_fifo.xpm_fifo_base_inst/rdpp1_inst/count_value_i_reg[6]/CE
  -------------------------------------------------------------------    -------------------

                         (clock clk_out1_VGA_source_bd_clk_wiz_0_0 rise edge)
                                                      9.263     9.263 r  
    Y9                                                0.000     9.263 r  clk (IN)
                         net (fo=0)                   0.000     9.263    VGA_source_bd_i/clk_wiz_0/inst/clk_in1
    Y9                   IBUF (Prop_ibuf_I_O)         1.420    10.683 r  VGA_source_bd_i/clk_wiz_0/inst/clkin1_ibufg/O
                         net (fo=1, routed)           1.162    11.845    VGA_source_bd_i/clk_wiz_0/inst/clk_in1_VGA_source_bd_clk_wiz_0_0
    MMCME2_ADV_X0Y0      MMCME2_ADV (Prop_mmcme2_adv_CLKIN1_CLKOUT0)
                                                     -7.438     4.407 r  VGA_source_bd_i/clk_wiz_0/inst/mmcm_adv_inst/CLKOUT0
                         net (fo=1, routed)           1.691     6.098    VGA_source_bd_i/clk_wiz_0/inst/clk_out1_VGA_source_bd_clk_wiz_0_0
    BUFGCTRL_X0Y1        BUFG (Prop_bufg_I_O)         0.091     6.189 r  VGA_source_bd_i/clk_wiz_0/inst/clkout1_buf/O
                         net (fo=246, routed)         1.561     7.751    VGA_source_bd_i/v_vid_in_axi4s_0/inst/COUPLER_INST/generate_async_fifo.FIFO_INST/XPM_FIFO_ASYNC_INST/gnuram_async_fifo.xpm_fifo_base_inst/rdpp1_inst/rd_clk
    SLICE_X87Y1          FDRE                                         r  VGA_source_bd_i/v_vid_in_axi4s_0/inst/COUPLER_INST/generate_async_fifo.FIFO_INST/XPM_FIFO_ASYNC_INST/gnuram_async_fifo.xpm_fifo_base_inst/rdpp1_inst/count_value_i_reg[6]/C
                         clock pessimism              0.577     8.328    
                         clock uncertainty           -0.067     8.260    
    SLICE_X87Y1          FDRE (Setup_fdre_C_CE)      -0.408     7.852    VGA_source_bd_i/v_vid_in_axi4s_0/inst/COUPLER_INST/generate_async_fifo.FIFO_INST/XPM_FIFO_ASYNC_INST/gnuram_async_fifo.xpm_fifo_base_inst/rdpp1_inst/count_value_i_reg[6]
  -------------------------------------------------------------------
                         required time                          7.852    
                         arrival time                          -3.562    
  -------------------------------------------------------------------
                         slack                                  4.290    

Slack (MET) :             4.290ns  (required time - arrival time)
  Source:                 VGA_source_bd_i/v_axi4s_vid_out_0/inst/COUPLER_INST/generate_async_fifo.FIFO_INST/XPM_FIFO_ASYNC_INST/gnuram_async_fifo.xpm_fifo_base_inst/xpm_fifo_rst_inst/gen_rst_ic.wr_rst_busy_ic_reg/C
                            (rising edge-triggered cell FDRE clocked by clk_out1_VGA_source_bd_clk_wiz_0_0  {rise@0.000ns fall@4.632ns period=9.263ns})
  Destination:            VGA_source_bd_i/v_vid_in_axi4s_0/inst/COUPLER_INST/generate_async_fifo.FIFO_INST/XPM_FIFO_ASYNC_INST/gnuram_async_fifo.xpm_fifo_base_inst/rdpp1_inst/count_value_i_reg[7]/CE
                            (rising edge-triggered cell FDRE clocked by clk_out1_VGA_source_bd_clk_wiz_0_0  {rise@0.000ns fall@4.632ns period=9.263ns})
  Path Group:             clk_out1_VGA_source_bd_clk_wiz_0_0
  Path Type:              Setup (Max at Slow Process Corner)
  Requirement:            9.263ns  (clk_out1_VGA_source_bd_clk_wiz_0_0 rise@9.263ns - clk_out1_VGA_source_bd_clk_wiz_0_0 rise@0.000ns)
  Data Path Delay:        4.375ns  (logic 1.492ns (34.107%)  route 2.883ns (65.893%))
  Logic Levels:           4  (LUT2=2 LUT3=1 LUT4=1)
  Clock Path Skew:        -0.123ns (DCD - SCD + CPR)
    Destination Clock Delay (DCD):    -1.512ns = ( 7.751 - 9.263 ) 
    Source Clock Delay      (SCD):    -0.813ns
    Clock Pessimism Removal (CPR):    0.577ns
  Clock Uncertainty:      0.067ns  ((TSJ^2 + DJ^2)^1/2) / 2 + PE
    Total System Jitter     (TSJ):    0.071ns
    Discrete Jitter          (DJ):    0.115ns
    Phase Error              (PE):    0.000ns

    Location             Delay type                Incr(ns)  Path(ns)    Netlist Resource(s)
  -------------------------------------------------------------------    -------------------
                         (clock clk_out1_VGA_source_bd_clk_wiz_0_0 rise edge)
                                                      0.000     0.000 r  
    Y9                                                0.000     0.000 r  clk (IN)
                         net (fo=0)                   0.000     0.000    VGA_source_bd_i/clk_wiz_0/inst/clk_in1
    Y9                   IBUF (Prop_ibuf_I_O)         1.490     1.490 r  VGA_source_bd_i/clk_wiz_0/inst/clkin1_ibufg/O
                         net (fo=1, routed)           1.285     2.775    VGA_source_bd_i/clk_wiz_0/inst/clk_in1_VGA_source_bd_clk_wiz_0_0
    MMCME2_ADV_X0Y0      MMCME2_ADV (Prop_mmcme2_adv_CLKIN1_CLKOUT0)
                                                     -7.343    -4.568 r  VGA_source_bd_i/clk_wiz_0/inst/mmcm_adv_inst/CLKOUT0
                         net (fo=1, routed)           1.855    -2.713    VGA_source_bd_i/clk_wiz_0/inst/clk_out1_VGA_source_bd_clk_wiz_0_0
    BUFGCTRL_X0Y1        BUFG (Prop_bufg_I_O)         0.101    -2.612 r  VGA_source_bd_i/clk_wiz_0/inst/clkout1_buf/O
                         net (fo=246, routed)         1.799    -0.813    VGA_source_bd_i/v_axi4s_vid_out_0/inst/COUPLER_INST/generate_async_fifo.FIFO_INST/XPM_FIFO_ASYNC_INST/gnuram_async_fifo.xpm_fifo_base_inst/xpm_fifo_rst_inst/wr_clk
    SLICE_X98Y3          FDRE                                         r  VGA_source_bd_i/v_axi4s_vid_out_0/inst/COUPLER_INST/generate_async_fifo.FIFO_INST/XPM_FIFO_ASYNC_INST/gnuram_async_fifo.xpm_fifo_base_inst/xpm_fifo_rst_inst/gen_rst_ic.wr_rst_busy_ic_reg/C
  -------------------------------------------------------------------    -------------------
    SLICE_X98Y3          FDRE (Prop_fdre_C_Q)         0.518    -0.295 f  VGA_source_bd_i/v_axi4s_vid_out_0/inst/COUPLER_INST/generate_async_fifo.FIFO_INST/XPM_FIFO_ASYNC_INST/gnuram_async_fifo.xpm_fifo_base_inst/xpm_fifo_rst_inst/gen_rst_ic.wr_rst_busy_ic_reg/Q
                         net (fo=51, routed)          0.677     0.383    VGA_source_bd_i/v_axi4s_vid_out_0/inst/COUPLER_INST/generate_async_fifo.FIFO_INST/XPM_FIFO_ASYNC_INST/gnuram_async_fifo.xpm_fifo_base_inst/xpm_fifo_rst_inst/wrst_busy
    SLICE_X98Y3          LUT2 (Prop_lut2_I0_O)        0.152     0.535 f  VGA_source_bd_i/v_axi4s_vid_out_0/inst/COUPLER_INST/generate_async_fifo.FIFO_INST/XPM_FIFO_ASYNC_INST/gnuram_async_fifo.xpm_fifo_base_inst/xpm_fifo_rst_inst/wr_rst_busy_INST_0/O
                         net (fo=2, routed)           0.684     1.219    VGA_source_bd_i/v_axi4s_vid_out_0/inst/COUPLER_INST/wr_rst_busy_i
    SLICE_X98Y3          LUT3 (Prop_lut3_I0_O)        0.374     1.593 r  VGA_source_bd_i/v_axi4s_vid_out_0/inst/COUPLER_INST/FIFO_READY/O
                         net (fo=1, routed)           0.512     2.104    VGA_source_bd_i/v_vid_in_axi4s_0/inst/COUPLER_INST/generate_async_fifo.FIFO_INST/m_axis_video_tready
    SLICE_X91Y2          LUT2 (Prop_lut2_I0_O)        0.328     2.432 r  VGA_source_bd_i/v_vid_in_axi4s_0/inst/COUPLER_INST/generate_async_fifo.FIFO_INST/XPM_FIFO_ASYNC_INST_i_1/O
                         net (fo=10, routed)          0.310     2.742    VGA_source_bd_i/v_vid_in_axi4s_0/inst/COUPLER_INST/generate_async_fifo.FIFO_INST/XPM_FIFO_ASYNC_INST/gnuram_async_fifo.xpm_fifo_base_inst/rdpp1_inst/rd_en
    SLICE_X91Y2          LUT4 (Prop_lut4_I2_O)        0.120     2.862 r  VGA_source_bd_i/v_vid_in_axi4s_0/inst/COUPLER_INST/generate_async_fifo.FIFO_INST/XPM_FIFO_ASYNC_INST/gnuram_async_fifo.xpm_fifo_base_inst/rdpp1_inst/gen_sdpram.xpm_memory_base_inst_i_2/O
                         net (fo=23, routed)          0.700     3.562    VGA_source_bd_i/v_vid_in_axi4s_0/inst/COUPLER_INST/generate_async_fifo.FIFO_INST/XPM_FIFO_ASYNC_INST/gnuram_async_fifo.xpm_fifo_base_inst/rdpp1_inst/E[0]
    SLICE_X87Y1          FDRE                                         r  VGA_source_bd_i/v_vid_in_axi4s_0/inst/COUPLER_INST/generate_async_fifo.FIFO_INST/XPM_FIFO_ASYNC_INST/gnuram_async_fifo.xpm_fifo_base_inst/rdpp1_inst/count_value_i_reg[7]/CE
  -------------------------------------------------------------------    -------------------

                         (clock clk_out1_VGA_source_bd_clk_wiz_0_0 rise edge)
                                                      9.263     9.263 r  
    Y9                                                0.000     9.263 r  clk (IN)
                         net (fo=0)                   0.000     9.263    VGA_source_bd_i/clk_wiz_0/inst/clk_in1
    Y9                   IBUF (Prop_ibuf_I_O)         1.420    10.683 r  VGA_source_bd_i/clk_wiz_0/inst/clkin1_ibufg/O
                         net (fo=1, routed)           1.162    11.845    VGA_source_bd_i/clk_wiz_0/inst/clk_in1_VGA_source_bd_clk_wiz_0_0
    MMCME2_ADV_X0Y0      MMCME2_ADV (Prop_mmcme2_adv_CLKIN1_CLKOUT0)
                                                     -7.438     4.407 r  VGA_source_bd_i/clk_wiz_0/inst/mmcm_adv_inst/CLKOUT0
                         net (fo=1, routed)           1.691     6.098    VGA_source_bd_i/clk_wiz_0/inst/clk_out1_VGA_source_bd_clk_wiz_0_0
    BUFGCTRL_X0Y1        BUFG (Prop_bufg_I_O)         0.091     6.189 r  VGA_source_bd_i/clk_wiz_0/inst/clkout1_buf/O
                         net (fo=246, routed)         1.561     7.751    VGA_source_bd_i/v_vid_in_axi4s_0/inst/COUPLER_INST/generate_async_fifo.FIFO_INST/XPM_FIFO_ASYNC_INST/gnuram_async_fifo.xpm_fifo_base_inst/rdpp1_inst/rd_clk
    SLICE_X87Y1          FDRE                                         r  VGA_source_bd_i/v_vid_in_axi4s_0/inst/COUPLER_INST/generate_async_fifo.FIFO_INST/XPM_FIFO_ASYNC_INST/gnuram_async_fifo.xpm_fifo_base_inst/rdpp1_inst/count_value_i_reg[7]/C
                         clock pessimism              0.577     8.328    
                         clock uncertainty           -0.067     8.260    
    SLICE_X87Y1          FDRE (Setup_fdre_C_CE)      -0.408     7.852    VGA_source_bd_i/v_vid_in_axi4s_0/inst/COUPLER_INST/generate_async_fifo.FIFO_INST/XPM_FIFO_ASYNC_INST/gnuram_async_fifo.xpm_fifo_base_inst/rdpp1_inst/count_value_i_reg[7]
  -------------------------------------------------------------------
                         required time                          7.852    
                         arrival time                          -3.562    
  -------------------------------------------------------------------
                         slack                                  4.290    

Slack (MET) :             4.290ns  (required time - arrival time)
  Source:                 VGA_source_bd_i/v_axi4s_vid_out_0/inst/COUPLER_INST/generate_async_fifo.FIFO_INST/XPM_FIFO_ASYNC_INST/gnuram_async_fifo.xpm_fifo_base_inst/xpm_fifo_rst_inst/gen_rst_ic.wr_rst_busy_ic_reg/C
                            (rising edge-triggered cell FDRE clocked by clk_out1_VGA_source_bd_clk_wiz_0_0  {rise@0.000ns fall@4.632ns period=9.263ns})
  Destination:            VGA_source_bd_i/v_vid_in_axi4s_0/inst/COUPLER_INST/generate_async_fifo.FIFO_INST/XPM_FIFO_ASYNC_INST/gnuram_async_fifo.xpm_fifo_base_inst/rdpp1_inst/count_value_i_reg[8]/CE
                            (rising edge-triggered cell FDRE clocked by clk_out1_VGA_source_bd_clk_wiz_0_0  {rise@0.000ns fall@4.632ns period=9.263ns})
  Path Group:             clk_out1_VGA_source_bd_clk_wiz_0_0
  Path Type:              Setup (Max at Slow Process Corner)
  Requirement:            9.263ns  (clk_out1_VGA_source_bd_clk_wiz_0_0 rise@9.263ns - clk_out1_VGA_source_bd_clk_wiz_0_0 rise@0.000ns)
  Data Path Delay:        4.375ns  (logic 1.492ns (34.107%)  route 2.883ns (65.893%))
  Logic Levels:           4  (LUT2=2 LUT3=1 LUT4=1)
  Clock Path Skew:        -0.123ns (DCD - SCD + CPR)
    Destination Clock Delay (DCD):    -1.512ns = ( 7.751 - 9.263 ) 
    Source Clock Delay      (SCD):    -0.813ns
    Clock Pessimism Removal (CPR):    0.577ns
  Clock Uncertainty:      0.067ns  ((TSJ^2 + DJ^2)^1/2) / 2 + PE
    Total System Jitter     (TSJ):    0.071ns
    Discrete Jitter          (DJ):    0.115ns
    Phase Error              (PE):    0.000ns

    Location             Delay type                Incr(ns)  Path(ns)    Netlist Resource(s)
  -------------------------------------------------------------------    -------------------
                         (clock clk_out1_VGA_source_bd_clk_wiz_0_0 rise edge)
                                                      0.000     0.000 r  
    Y9                                                0.000     0.000 r  clk (IN)
                         net (fo=0)                   0.000     0.000    VGA_source_bd_i/clk_wiz_0/inst/clk_in1
    Y9                   IBUF (Prop_ibuf_I_O)         1.490     1.490 r  VGA_source_bd_i/clk_wiz_0/inst/clkin1_ibufg/O
                         net (fo=1, routed)           1.285     2.775    VGA_source_bd_i/clk_wiz_0/inst/clk_in1_VGA_source_bd_clk_wiz_0_0
    MMCME2_ADV_X0Y0      MMCME2_ADV (Prop_mmcme2_adv_CLKIN1_CLKOUT0)
                                                     -7.343    -4.568 r  VGA_source_bd_i/clk_wiz_0/inst/mmcm_adv_inst/CLKOUT0
                         net (fo=1, routed)           1.855    -2.713    VGA_source_bd_i/clk_wiz_0/inst/clk_out1_VGA_source_bd_clk_wiz_0_0
    BUFGCTRL_X0Y1        BUFG (Prop_bufg_I_O)         0.101    -2.612 r  VGA_source_bd_i/clk_wiz_0/inst/clkout1_buf/O
                         net (fo=246, routed)         1.799    -0.813    VGA_source_bd_i/v_axi4s_vid_out_0/inst/COUPLER_INST/generate_async_fifo.FIFO_INST/XPM_FIFO_ASYNC_INST/gnuram_async_fifo.xpm_fifo_base_inst/xpm_fifo_rst_inst/wr_clk
    SLICE_X98Y3          FDRE                                         r  VGA_source_bd_i/v_axi4s_vid_out_0/inst/COUPLER_INST/generate_async_fifo.FIFO_INST/XPM_FIFO_ASYNC_INST/gnuram_async_fifo.xpm_fifo_base_inst/xpm_fifo_rst_inst/gen_rst_ic.wr_rst_busy_ic_reg/C
  -------------------------------------------------------------------    -------------------
    SLICE_X98Y3          FDRE (Prop_fdre_C_Q)         0.518    -0.295 f  VGA_source_bd_i/v_axi4s_vid_out_0/inst/COUPLER_INST/generate_async_fifo.FIFO_INST/XPM_FIFO_ASYNC_INST/gnuram_async_fifo.xpm_fifo_base_inst/xpm_fifo_rst_inst/gen_rst_ic.wr_rst_busy_ic_reg/Q
                         net (fo=51, routed)          0.677     0.383    VGA_source_bd_i/v_axi4s_vid_out_0/inst/COUPLER_INST/generate_async_fifo.FIFO_INST/XPM_FIFO_ASYNC_INST/gnuram_async_fifo.xpm_fifo_base_inst/xpm_fifo_rst_inst/wrst_busy
    SLICE_X98Y3          LUT2 (Prop_lut2_I0_O)        0.152     0.535 f  VGA_source_bd_i/v_axi4s_vid_out_0/inst/COUPLER_INST/generate_async_fifo.FIFO_INST/XPM_FIFO_ASYNC_INST/gnuram_async_fifo.xpm_fifo_base_inst/xpm_fifo_rst_inst/wr_rst_busy_INST_0/O
                         net (fo=2, routed)           0.684     1.219    VGA_source_bd_i/v_axi4s_vid_out_0/inst/COUPLER_INST/wr_rst_busy_i
    SLICE_X98Y3          LUT3 (Prop_lut3_I0_O)        0.374     1.593 r  VGA_source_bd_i/v_axi4s_vid_out_0/inst/COUPLER_INST/FIFO_READY/O
                         net (fo=1, routed)           0.512     2.104    VGA_source_bd_i/v_vid_in_axi4s_0/inst/COUPLER_INST/generate_async_fifo.FIFO_INST/m_axis_video_tready
    SLICE_X91Y2          LUT2 (Prop_lut2_I0_O)        0.328     2.432 r  VGA_source_bd_i/v_vid_in_axi4s_0/inst/COUPLER_INST/generate_async_fifo.FIFO_INST/XPM_FIFO_ASYNC_INST_i_1/O
                         net (fo=10, routed)          0.310     2.742    VGA_source_bd_i/v_vid_in_axi4s_0/inst/COUPLER_INST/generate_async_fifo.FIFO_INST/XPM_FIFO_ASYNC_INST/gnuram_async_fifo.xpm_fifo_base_inst/rdpp1_inst/rd_en
    SLICE_X91Y2          LUT4 (Prop_lut4_I2_O)        0.120     2.862 r  VGA_source_bd_i/v_vid_in_axi4s_0/inst/COUPLER_INST/generate_async_fifo.FIFO_INST/XPM_FIFO_ASYNC_INST/gnuram_async_fifo.xpm_fifo_base_inst/rdpp1_inst/gen_sdpram.xpm_memory_base_inst_i_2/O
                         net (fo=23, routed)          0.700     3.562    VGA_source_bd_i/v_vid_in_axi4s_0/inst/COUPLER_INST/generate_async_fifo.FIFO_INST/XPM_FIFO_ASYNC_INST/gnuram_async_fifo.xpm_fifo_base_inst/rdpp1_inst/E[0]
    SLICE_X87Y1          FDRE                                         r  VGA_source_bd_i/v_vid_in_axi4s_0/inst/COUPLER_INST/generate_async_fifo.FIFO_INST/XPM_FIFO_ASYNC_INST/gnuram_async_fifo.xpm_fifo_base_inst/rdpp1_inst/count_value_i_reg[8]/CE
  -------------------------------------------------------------------    -------------------

                         (clock clk_out1_VGA_source_bd_clk_wiz_0_0 rise edge)
                                                      9.263     9.263 r  
    Y9                                                0.000     9.263 r  clk (IN)
                         net (fo=0)                   0.000     9.263    VGA_source_bd_i/clk_wiz_0/inst/clk_in1
    Y9                   IBUF (Prop_ibuf_I_O)         1.420    10.683 r  VGA_source_bd_i/clk_wiz_0/inst/clkin1_ibufg/O
                         net (fo=1, routed)           1.162    11.845    VGA_source_bd_i/clk_wiz_0/inst/clk_in1_VGA_source_bd_clk_wiz_0_0
    MMCME2_ADV_X0Y0      MMCME2_ADV (Prop_mmcme2_adv_CLKIN1_CLKOUT0)
                                                     -7.438     4.407 r  VGA_source_bd_i/clk_wiz_0/inst/mmcm_adv_inst/CLKOUT0
                         net (fo=1, routed)           1.691     6.098    VGA_source_bd_i/clk_wiz_0/inst/clk_out1_VGA_source_bd_clk_wiz_0_0
    BUFGCTRL_X0Y1        BUFG (Prop_bufg_I_O)         0.091     6.189 r  VGA_source_bd_i/clk_wiz_0/inst/clkout1_buf/O
                         net (fo=246, routed)         1.561     7.751    VGA_source_bd_i/v_vid_in_axi4s_0/inst/COUPLER_INST/generate_async_fifo.FIFO_INST/XPM_FIFO_ASYNC_INST/gnuram_async_fifo.xpm_fifo_base_inst/rdpp1_inst/rd_clk
    SLICE_X87Y1          FDRE                                         r  VGA_source_bd_i/v_vid_in_axi4s_0/inst/COUPLER_INST/generate_async_fifo.FIFO_INST/XPM_FIFO_ASYNC_INST/gnuram_async_fifo.xpm_fifo_base_inst/rdpp1_inst/count_value_i_reg[8]/C
                         clock pessimism              0.577     8.328    
                         clock uncertainty           -0.067     8.260    
    SLICE_X87Y1          FDRE (Setup_fdre_C_CE)      -0.408     7.852    VGA_source_bd_i/v_vid_in_axi4s_0/inst/COUPLER_INST/generate_async_fifo.FIFO_INST/XPM_FIFO_ASYNC_INST/gnuram_async_fifo.xpm_fifo_base_inst/rdpp1_inst/count_value_i_reg[8]
  -------------------------------------------------------------------
                         required time                          7.852    
                         arrival time                          -3.562    
  -------------------------------------------------------------------
                         slack                                  4.290    

Slack (MET) :             4.290ns  (required time - arrival time)
  Source:                 VGA_source_bd_i/v_axi4s_vid_out_0/inst/COUPLER_INST/generate_async_fifo.FIFO_INST/XPM_FIFO_ASYNC_INST/gnuram_async_fifo.xpm_fifo_base_inst/xpm_fifo_rst_inst/gen_rst_ic.wr_rst_busy_ic_reg/C
                            (rising edge-triggered cell FDRE clocked by clk_out1_VGA_source_bd_clk_wiz_0_0  {rise@0.000ns fall@4.632ns period=9.263ns})
  Destination:            VGA_source_bd_i/v_vid_in_axi4s_0/inst/COUPLER_INST/generate_async_fifo.FIFO_INST/XPM_FIFO_ASYNC_INST/gnuram_async_fifo.xpm_fifo_base_inst/rdpp1_inst/count_value_i_reg[9]/CE
                            (rising edge-triggered cell FDRE clocked by clk_out1_VGA_source_bd_clk_wiz_0_0  {rise@0.000ns fall@4.632ns period=9.263ns})
  Path Group:             clk_out1_VGA_source_bd_clk_wiz_0_0
  Path Type:              Setup (Max at Slow Process Corner)
  Requirement:            9.263ns  (clk_out1_VGA_source_bd_clk_wiz_0_0 rise@9.263ns - clk_out1_VGA_source_bd_clk_wiz_0_0 rise@0.000ns)
  Data Path Delay:        4.375ns  (logic 1.492ns (34.107%)  route 2.883ns (65.893%))
  Logic Levels:           4  (LUT2=2 LUT3=1 LUT4=1)
  Clock Path Skew:        -0.123ns (DCD - SCD + CPR)
    Destination Clock Delay (DCD):    -1.512ns = ( 7.751 - 9.263 ) 
    Source Clock Delay      (SCD):    -0.813ns
    Clock Pessimism Removal (CPR):    0.577ns
  Clock Uncertainty:      0.067ns  ((TSJ^2 + DJ^2)^1/2) / 2 + PE
    Total System Jitter     (TSJ):    0.071ns
    Discrete Jitter          (DJ):    0.115ns
    Phase Error              (PE):    0.000ns

    Location             Delay type                Incr(ns)  Path(ns)    Netlist Resource(s)
  -------------------------------------------------------------------    -------------------
                         (clock clk_out1_VGA_source_bd_clk_wiz_0_0 rise edge)
                                                      0.000     0.000 r  
    Y9                                                0.000     0.000 r  clk (IN)
                         net (fo=0)                   0.000     0.000    VGA_source_bd_i/clk_wiz_0/inst/clk_in1
    Y9                   IBUF (Prop_ibuf_I_O)         1.490     1.490 r  VGA_source_bd_i/clk_wiz_0/inst/clkin1_ibufg/O
                         net (fo=1, routed)           1.285     2.775    VGA_source_bd_i/clk_wiz_0/inst/clk_in1_VGA_source_bd_clk_wiz_0_0
    MMCME2_ADV_X0Y0      MMCME2_ADV (Prop_mmcme2_adv_CLKIN1_CLKOUT0)
                                                     -7.343    -4.568 r  VGA_source_bd_i/clk_wiz_0/inst/mmcm_adv_inst/CLKOUT0
                         net (fo=1, routed)           1.855    -2.713    VGA_source_bd_i/clk_wiz_0/inst/clk_out1_VGA_source_bd_clk_wiz_0_0
    BUFGCTRL_X0Y1        BUFG (Prop_bufg_I_O)         0.101    -2.612 r  VGA_source_bd_i/clk_wiz_0/inst/clkout1_buf/O
                         net (fo=246, routed)         1.799    -0.813    VGA_source_bd_i/v_axi4s_vid_out_0/inst/COUPLER_INST/generate_async_fifo.FIFO_INST/XPM_FIFO_ASYNC_INST/gnuram_async_fifo.xpm_fifo_base_inst/xpm_fifo_rst_inst/wr_clk
    SLICE_X98Y3          FDRE                                         r  VGA_source_bd_i/v_axi4s_vid_out_0/inst/COUPLER_INST/generate_async_fifo.FIFO_INST/XPM_FIFO_ASYNC_INST/gnuram_async_fifo.xpm_fifo_base_inst/xpm_fifo_rst_inst/gen_rst_ic.wr_rst_busy_ic_reg/C
  -------------------------------------------------------------------    -------------------
    SLICE_X98Y3          FDRE (Prop_fdre_C_Q)         0.518    -0.295 f  VGA_source_bd_i/v_axi4s_vid_out_0/inst/COUPLER_INST/generate_async_fifo.FIFO_INST/XPM_FIFO_ASYNC_INST/gnuram_async_fifo.xpm_fifo_base_inst/xpm_fifo_rst_inst/gen_rst_ic.wr_rst_busy_ic_reg/Q
                         net (fo=51, routed)          0.677     0.383    VGA_source_bd_i/v_axi4s_vid_out_0/inst/COUPLER_INST/generate_async_fifo.FIFO_INST/XPM_FIFO_ASYNC_INST/gnuram_async_fifo.xpm_fifo_base_inst/xpm_fifo_rst_inst/wrst_busy
    SLICE_X98Y3          LUT2 (Prop_lut2_I0_O)        0.152     0.535 f  VGA_source_bd_i/v_axi4s_vid_out_0/inst/COUPLER_INST/generate_async_fifo.FIFO_INST/XPM_FIFO_ASYNC_INST/gnuram_async_fifo.xpm_fifo_base_inst/xpm_fifo_rst_inst/wr_rst_busy_INST_0/O
                         net (fo=2, routed)           0.684     1.219    VGA_source_bd_i/v_axi4s_vid_out_0/inst/COUPLER_INST/wr_rst_busy_i
    SLICE_X98Y3          LUT3 (Prop_lut3_I0_O)        0.374     1.593 r  VGA_source_bd_i/v_axi4s_vid_out_0/inst/COUPLER_INST/FIFO_READY/O
                         net (fo=1, routed)           0.512     2.104    VGA_source_bd_i/v_vid_in_axi4s_0/inst/COUPLER_INST/generate_async_fifo.FIFO_INST/m_axis_video_tready
    SLICE_X91Y2          LUT2 (Prop_lut2_I0_O)        0.328     2.432 r  VGA_source_bd_i/v_vid_in_axi4s_0/inst/COUPLER_INST/generate_async_fifo.FIFO_INST/XPM_FIFO_ASYNC_INST_i_1/O
                         net (fo=10, routed)          0.310     2.742    VGA_source_bd_i/v_vid_in_axi4s_0/inst/COUPLER_INST/generate_async_fifo.FIFO_INST/XPM_FIFO_ASYNC_INST/gnuram_async_fifo.xpm_fifo_base_inst/rdpp1_inst/rd_en
    SLICE_X91Y2          LUT4 (Prop_lut4_I2_O)        0.120     2.862 r  VGA_source_bd_i/v_vid_in_axi4s_0/inst/COUPLER_INST/generate_async_fifo.FIFO_INST/XPM_FIFO_ASYNC_INST/gnuram_async_fifo.xpm_fifo_base_inst/rdpp1_inst/gen_sdpram.xpm_memory_base_inst_i_2/O
                         net (fo=23, routed)          0.700     3.562    VGA_source_bd_i/v_vid_in_axi4s_0/inst/COUPLER_INST/generate_async_fifo.FIFO_INST/XPM_FIFO_ASYNC_INST/gnuram_async_fifo.xpm_fifo_base_inst/rdpp1_inst/E[0]
    SLICE_X87Y1          FDRE                                         r  VGA_source_bd_i/v_vid_in_axi4s_0/inst/COUPLER_INST/generate_async_fifo.FIFO_INST/XPM_FIFO_ASYNC_INST/gnuram_async_fifo.xpm_fifo_base_inst/rdpp1_inst/count_value_i_reg[9]/CE
  -------------------------------------------------------------------    -------------------

                         (clock clk_out1_VGA_source_bd_clk_wiz_0_0 rise edge)
                                                      9.263     9.263 r  
    Y9                                                0.000     9.263 r  clk (IN)
                         net (fo=0)                   0.000     9.263    VGA_source_bd_i/clk_wiz_0/inst/clk_in1
    Y9                   IBUF (Prop_ibuf_I_O)         1.420    10.683 r  VGA_source_bd_i/clk_wiz_0/inst/clkin1_ibufg/O
                         net (fo=1, routed)           1.162    11.845    VGA_source_bd_i/clk_wiz_0/inst/clk_in1_VGA_source_bd_clk_wiz_0_0
    MMCME2_ADV_X0Y0      MMCME2_ADV (Prop_mmcme2_adv_CLKIN1_CLKOUT0)
                                                     -7.438     4.407 r  VGA_source_bd_i/clk_wiz_0/inst/mmcm_adv_inst/CLKOUT0
                         net (fo=1, routed)           1.691     6.098    VGA_source_bd_i/clk_wiz_0/inst/clk_out1_VGA_source_bd_clk_wiz_0_0
    BUFGCTRL_X0Y1        BUFG (Prop_bufg_I_O)         0.091     6.189 r  VGA_source_bd_i/clk_wiz_0/inst/clkout1_buf/O
                         net (fo=246, routed)         1.561     7.751    VGA_source_bd_i/v_vid_in_axi4s_0/inst/COUPLER_INST/generate_async_fifo.FIFO_INST/XPM_FIFO_ASYNC_INST/gnuram_async_fifo.xpm_fifo_base_inst/rdpp1_inst/rd_clk
    SLICE_X87Y1          FDRE                                         r  VGA_source_bd_i/v_vid_in_axi4s_0/inst/COUPLER_INST/generate_async_fifo.FIFO_INST/XPM_FIFO_ASYNC_INST/gnuram_async_fifo.xpm_fifo_base_inst/rdpp1_inst/count_value_i_reg[9]/C
                         clock pessimism              0.577     8.328    
                         clock uncertainty           -0.067     8.260    
    SLICE_X87Y1          FDRE (Setup_fdre_C_CE)      -0.408     7.852    VGA_source_bd_i/v_vid_in_axi4s_0/inst/COUPLER_INST/generate_async_fifo.FIFO_INST/XPM_FIFO_ASYNC_INST/gnuram_async_fifo.xpm_fifo_base_inst/rdpp1_inst/count_value_i_reg[9]
  -------------------------------------------------------------------
                         required time                          7.852    
                         arrival time                          -3.562    
  -------------------------------------------------------------------
                         slack                                  4.290    





Min Delay Paths
--------------------------------------------------------------------------------------
Slack (MET) :             0.121ns  (arrival time - required time)
  Source:                 VGA_source_bd_i/v_vid_in_axi4s_0/inst/COUPLER_INST/generate_async_fifo.FIFO_INST/XPM_FIFO_ASYNC_INST/gnuram_async_fifo.xpm_fifo_base_inst/gen_cdc_pntr.wr_pntr_cdc_inst/dest_graysync_ff_reg[0][7]/C
                            (rising edge-triggered cell FDRE clocked by clk_out1_VGA_source_bd_clk_wiz_0_0  {rise@0.000ns fall@4.632ns period=9.263ns})
  Destination:            VGA_source_bd_i/v_vid_in_axi4s_0/inst/COUPLER_INST/generate_async_fifo.FIFO_INST/XPM_FIFO_ASYNC_INST/gnuram_async_fifo.xpm_fifo_base_inst/gen_cdc_pntr.wr_pntr_cdc_inst/dest_graysync_ff_reg[1][7]/D
                            (rising edge-triggered cell FDRE clocked by clk_out1_VGA_source_bd_clk_wiz_0_0  {rise@0.000ns fall@4.632ns period=9.263ns})
  Path Group:             clk_out1_VGA_source_bd_clk_wiz_0_0
  Path Type:              Hold (Min at Fast Process Corner)
  Requirement:            0.000ns  (clk_out1_VGA_source_bd_clk_wiz_0_0 rise@0.000ns - clk_out1_VGA_source_bd_clk_wiz_0_0 rise@0.000ns)
  Data Path Delay:        0.197ns  (logic 0.141ns (71.611%)  route 0.056ns (28.389%))
  Logic Levels:           0  
  Clock Path Skew:        0.000ns (DCD - SCD - CPR)
    Destination Clock Delay (DCD):    -0.829ns
    Source Clock Delay      (SCD):    -0.591ns
    Clock Pessimism Removal (CPR):    -0.238ns

    Location             Delay type                Incr(ns)  Path(ns)    Netlist Resource(s)
  -------------------------------------------------------------------    -------------------
                         (clock clk_out1_VGA_source_bd_clk_wiz_0_0 rise edge)
                                                      0.000     0.000 r  
    Y9                                                0.000     0.000 r  clk (IN)
                         net (fo=0)                   0.000     0.000    VGA_source_bd_i/clk_wiz_0/inst/clk_in1
    Y9                   IBUF (Prop_ibuf_I_O)         0.258     0.258 r  VGA_source_bd_i/clk_wiz_0/inst/clkin1_ibufg/O
                         net (fo=1, routed)           0.440     0.698    VGA_source_bd_i/clk_wiz_0/inst/clk_in1_VGA_source_bd_clk_wiz_0_0
    MMCME2_ADV_X0Y0      MMCME2_ADV (Prop_mmcme2_adv_CLKIN1_CLKOUT0)
                                                     -2.421    -1.722 r  VGA_source_bd_i/clk_wiz_0/inst/mmcm_adv_inst/CLKOUT0
                         net (fo=1, routed)           0.518    -1.204    VGA_source_bd_i/clk_wiz_0/inst/clk_out1_VGA_source_bd_clk_wiz_0_0
    BUFGCTRL_X0Y1        BUFG (Prop_bufg_I_O)         0.026    -1.178 r  VGA_source_bd_i/clk_wiz_0/inst/clkout1_buf/O
                         net (fo=246, routed)         0.588    -0.591    VGA_source_bd_i/v_vid_in_axi4s_0/inst/COUPLER_INST/generate_async_fifo.FIFO_INST/XPM_FIFO_ASYNC_INST/gnuram_async_fifo.xpm_fifo_base_inst/gen_cdc_pntr.wr_pntr_cdc_inst/dest_clk
    SLICE_X87Y4          FDRE                                         r  VGA_source_bd_i/v_vid_in_axi4s_0/inst/COUPLER_INST/generate_async_fifo.FIFO_INST/XPM_FIFO_ASYNC_INST/gnuram_async_fifo.xpm_fifo_base_inst/gen_cdc_pntr.wr_pntr_cdc_inst/dest_graysync_ff_reg[0][7]/C
  -------------------------------------------------------------------    -------------------
    SLICE_X87Y4          FDRE (Prop_fdre_C_Q)         0.141    -0.450 r  VGA_source_bd_i/v_vid_in_axi4s_0/inst/COUPLER_INST/generate_async_fifo.FIFO_INST/XPM_FIFO_ASYNC_INST/gnuram_async_fifo.xpm_fifo_base_inst/gen_cdc_pntr.wr_pntr_cdc_inst/dest_graysync_ff_reg[0][7]/Q
                         net (fo=1, routed)           0.056    -0.394    VGA_source_bd_i/v_vid_in_axi4s_0/inst/COUPLER_INST/generate_async_fifo.FIFO_INST/XPM_FIFO_ASYNC_INST/gnuram_async_fifo.xpm_fifo_base_inst/gen_cdc_pntr.wr_pntr_cdc_inst/dest_graysync_ff[0][7]
    SLICE_X87Y4          FDRE                                         r  VGA_source_bd_i/v_vid_in_axi4s_0/inst/COUPLER_INST/generate_async_fifo.FIFO_INST/XPM_FIFO_ASYNC_INST/gnuram_async_fifo.xpm_fifo_base_inst/gen_cdc_pntr.wr_pntr_cdc_inst/dest_graysync_ff_reg[1][7]/D
  -------------------------------------------------------------------    -------------------

                         (clock clk_out1_VGA_source_bd_clk_wiz_0_0 rise edge)
                                                      0.000     0.000 r  
    Y9                                                0.000     0.000 r  clk (IN)
                         net (fo=0)                   0.000     0.000    VGA_source_bd_i/clk_wiz_0/inst/clk_in1
    Y9                   IBUF (Prop_ibuf_I_O)         0.446     0.446 r  VGA_source_bd_i/clk_wiz_0/inst/clkin1_ibufg/O
                         net (fo=1, routed)           0.480     0.926    VGA_source_bd_i/clk_wiz_0/inst/clk_in1_VGA_source_bd_clk_wiz_0_0
    MMCME2_ADV_X0Y0      MMCME2_ADV (Prop_mmcme2_adv_CLKIN1_CLKOUT0)
                                                     -3.204    -2.278 r  VGA_source_bd_i/clk_wiz_0/inst/mmcm_adv_inst/CLKOUT0
                         net (fo=1, routed)           0.564    -1.714    VGA_source_bd_i/clk_wiz_0/inst/clk_out1_VGA_source_bd_clk_wiz_0_0
    BUFGCTRL_X0Y1        BUFG (Prop_bufg_I_O)         0.029    -1.685 r  VGA_source_bd_i/clk_wiz_0/inst/clkout1_buf/O
                         net (fo=246, routed)         0.856    -0.829    VGA_source_bd_i/v_vid_in_axi4s_0/inst/COUPLER_INST/generate_async_fifo.FIFO_INST/XPM_FIFO_ASYNC_INST/gnuram_async_fifo.xpm_fifo_base_inst/gen_cdc_pntr.wr_pntr_cdc_inst/dest_clk
    SLICE_X87Y4          FDRE                                         r  VGA_source_bd_i/v_vid_in_axi4s_0/inst/COUPLER_INST/generate_async_fifo.FIFO_INST/XPM_FIFO_ASYNC_INST/gnuram_async_fifo.xpm_fifo_base_inst/gen_cdc_pntr.wr_pntr_cdc_inst/dest_graysync_ff_reg[1][7]/C
                         clock pessimism              0.238    -0.591    
    SLICE_X87Y4          FDRE (Hold_fdre_C_D)         0.076    -0.515    VGA_source_bd_i/v_vid_in_axi4s_0/inst/COUPLER_INST/generate_async_fifo.FIFO_INST/XPM_FIFO_ASYNC_INST/gnuram_async_fifo.xpm_fifo_base_inst/gen_cdc_pntr.wr_pntr_cdc_inst/dest_graysync_ff_reg[1][7]
  -------------------------------------------------------------------
                         required time                          0.515    
                         arrival time                          -0.394    
  -------------------------------------------------------------------
                         slack                                  0.121    

Slack (MET) :             0.121ns  (arrival time - required time)
  Source:                 VGA_source_bd_i/v_axi4s_vid_out_0/inst/COUPLER_INST/generate_async_fifo.FIFO_INST/XPM_FIFO_ASYNC_INST/gnuram_async_fifo.xpm_fifo_base_inst/gen_cdc_pntr.rd_pntr_cdc_inst/dest_graysync_ff_reg[0][3]/C
                            (rising edge-triggered cell FDRE clocked by clk_out1_VGA_source_bd_clk_wiz_0_0  {rise@0.000ns fall@4.632ns period=9.263ns})
  Destination:            VGA_source_bd_i/v_axi4s_vid_out_0/inst/COUPLER_INST/generate_async_fifo.FIFO_INST/XPM_FIFO_ASYNC_INST/gnuram_async_fifo.xpm_fifo_base_inst/gen_cdc_pntr.rd_pntr_cdc_inst/dest_graysync_ff_reg[1][3]/D
                            (rising edge-triggered cell FDRE clocked by clk_out1_VGA_source_bd_clk_wiz_0_0  {rise@0.000ns fall@4.632ns period=9.263ns})
  Path Group:             clk_out1_VGA_source_bd_clk_wiz_0_0
  Path Type:              Hold (Min at Fast Process Corner)
  Requirement:            0.000ns  (clk_out1_VGA_source_bd_clk_wiz_0_0 rise@0.000ns - clk_out1_VGA_source_bd_clk_wiz_0_0 rise@0.000ns)
  Data Path Delay:        0.197ns  (logic 0.141ns (71.611%)  route 0.056ns (28.389%))
  Logic Levels:           0  
  Clock Path Skew:        0.000ns (DCD - SCD - CPR)
    Destination Clock Delay (DCD):    -0.802ns
    Source Clock Delay      (SCD):    -0.566ns
    Clock Pessimism Removal (CPR):    -0.236ns

    Location             Delay type                Incr(ns)  Path(ns)    Netlist Resource(s)
  -------------------------------------------------------------------    -------------------
                         (clock clk_out1_VGA_source_bd_clk_wiz_0_0 rise edge)
                                                      0.000     0.000 r  
    Y9                                                0.000     0.000 r  clk (IN)
                         net (fo=0)                   0.000     0.000    VGA_source_bd_i/clk_wiz_0/inst/clk_in1
    Y9                   IBUF (Prop_ibuf_I_O)         0.258     0.258 r  VGA_source_bd_i/clk_wiz_0/inst/clkin1_ibufg/O
                         net (fo=1, routed)           0.440     0.698    VGA_source_bd_i/clk_wiz_0/inst/clk_in1_VGA_source_bd_clk_wiz_0_0
    MMCME2_ADV_X0Y0      MMCME2_ADV (Prop_mmcme2_adv_CLKIN1_CLKOUT0)
                                                     -2.421    -1.722 r  VGA_source_bd_i/clk_wiz_0/inst/mmcm_adv_inst/CLKOUT0
                         net (fo=1, routed)           0.518    -1.204    VGA_source_bd_i/clk_wiz_0/inst/clk_out1_VGA_source_bd_clk_wiz_0_0
    BUFGCTRL_X0Y1        BUFG (Prop_bufg_I_O)         0.026    -1.178 r  VGA_source_bd_i/clk_wiz_0/inst/clkout1_buf/O
                         net (fo=246, routed)         0.613    -0.566    VGA_source_bd_i/v_axi4s_vid_out_0/inst/COUPLER_INST/generate_async_fifo.FIFO_INST/XPM_FIFO_ASYNC_INST/gnuram_async_fifo.xpm_fifo_base_inst/gen_cdc_pntr.rd_pntr_cdc_inst/dest_clk
    SLICE_X103Y2         FDRE                                         r  VGA_source_bd_i/v_axi4s_vid_out_0/inst/COUPLER_INST/generate_async_fifo.FIFO_INST/XPM_FIFO_ASYNC_INST/gnuram_async_fifo.xpm_fifo_base_inst/gen_cdc_pntr.rd_pntr_cdc_inst/dest_graysync_ff_reg[0][3]/C
  -------------------------------------------------------------------    -------------------
    SLICE_X103Y2         FDRE (Prop_fdre_C_Q)         0.141    -0.425 r  VGA_source_bd_i/v_axi4s_vid_out_0/inst/COUPLER_INST/generate_async_fifo.FIFO_INST/XPM_FIFO_ASYNC_INST/gnuram_async_fifo.xpm_fifo_base_inst/gen_cdc_pntr.rd_pntr_cdc_inst/dest_graysync_ff_reg[0][3]/Q
                         net (fo=1, routed)           0.056    -0.369    VGA_source_bd_i/v_axi4s_vid_out_0/inst/COUPLER_INST/generate_async_fifo.FIFO_INST/XPM_FIFO_ASYNC_INST/gnuram_async_fifo.xpm_fifo_base_inst/gen_cdc_pntr.rd_pntr_cdc_inst/dest_graysync_ff[0][3]
    SLICE_X103Y2         FDRE                                         r  VGA_source_bd_i/v_axi4s_vid_out_0/inst/COUPLER_INST/generate_async_fifo.FIFO_INST/XPM_FIFO_ASYNC_INST/gnuram_async_fifo.xpm_fifo_base_inst/gen_cdc_pntr.rd_pntr_cdc_inst/dest_graysync_ff_reg[1][3]/D
  -------------------------------------------------------------------    -------------------

                         (clock clk_out1_VGA_source_bd_clk_wiz_0_0 rise edge)
                                                      0.000     0.000 r  
    Y9                                                0.000     0.000 r  clk (IN)
                         net (fo=0)                   0.000     0.000    VGA_source_bd_i/clk_wiz_0/inst/clk_in1
    Y9                   IBUF (Prop_ibuf_I_O)         0.446     0.446 r  VGA_source_bd_i/clk_wiz_0/inst/clkin1_ibufg/O
                         net (fo=1, routed)           0.480     0.926    VGA_source_bd_i/clk_wiz_0/inst/clk_in1_VGA_source_bd_clk_wiz_0_0
    MMCME2_ADV_X0Y0      MMCME2_ADV (Prop_mmcme2_adv_CLKIN1_CLKOUT0)
                                                     -3.204    -2.278 r  VGA_source_bd_i/clk_wiz_0/inst/mmcm_adv_inst/CLKOUT0
                         net (fo=1, routed)           0.564    -1.714    VGA_source_bd_i/clk_wiz_0/inst/clk_out1_VGA_source_bd_clk_wiz_0_0
    BUFGCTRL_X0Y1        BUFG (Prop_bufg_I_O)         0.029    -1.685 r  VGA_source_bd_i/clk_wiz_0/inst/clkout1_buf/O
                         net (fo=246, routed)         0.883    -0.802    VGA_source_bd_i/v_axi4s_vid_out_0/inst/COUPLER_INST/generate_async_fifo.FIFO_INST/XPM_FIFO_ASYNC_INST/gnuram_async_fifo.xpm_fifo_base_inst/gen_cdc_pntr.rd_pntr_cdc_inst/dest_clk
    SLICE_X103Y2         FDRE                                         r  VGA_source_bd_i/v_axi4s_vid_out_0/inst/COUPLER_INST/generate_async_fifo.FIFO_INST/XPM_FIFO_ASYNC_INST/gnuram_async_fifo.xpm_fifo_base_inst/gen_cdc_pntr.rd_pntr_cdc_inst/dest_graysync_ff_reg[1][3]/C
                         clock pessimism              0.236    -0.566    
    SLICE_X103Y2         FDRE (Hold_fdre_C_D)         0.076    -0.490    VGA_source_bd_i/v_axi4s_vid_out_0/inst/COUPLER_INST/generate_async_fifo.FIFO_INST/XPM_FIFO_ASYNC_INST/gnuram_async_fifo.xpm_fifo_base_inst/gen_cdc_pntr.rd_pntr_cdc_inst/dest_graysync_ff_reg[1][3]
  -------------------------------------------------------------------
                         required time                          0.490    
                         arrival time                          -0.369    
  -------------------------------------------------------------------
                         slack                                  0.121    

Slack (MET) :             0.121ns  (arrival time - required time)
  Source:                 VGA_source_bd_i/v_axi4s_vid_out_0/inst/COUPLER_INST/generate_async_fifo.FIFO_INST/XPM_FIFO_ASYNC_INST/gnuram_async_fifo.xpm_fifo_base_inst/gen_cdc_pntr.rd_pntr_cdc_inst/dest_graysync_ff_reg[0][7]/C
                            (rising edge-triggered cell FDRE clocked by clk_out1_VGA_source_bd_clk_wiz_0_0  {rise@0.000ns fall@4.632ns period=9.263ns})
  Destination:            VGA_source_bd_i/v_axi4s_vid_out_0/inst/COUPLER_INST/generate_async_fifo.FIFO_INST/XPM_FIFO_ASYNC_INST/gnuram_async_fifo.xpm_fifo_base_inst/gen_cdc_pntr.rd_pntr_cdc_inst/dest_graysync_ff_reg[1][7]/D
                            (rising edge-triggered cell FDRE clocked by clk_out1_VGA_source_bd_clk_wiz_0_0  {rise@0.000ns fall@4.632ns period=9.263ns})
  Path Group:             clk_out1_VGA_source_bd_clk_wiz_0_0
  Path Type:              Hold (Min at Fast Process Corner)
  Requirement:            0.000ns  (clk_out1_VGA_source_bd_clk_wiz_0_0 rise@0.000ns - clk_out1_VGA_source_bd_clk_wiz_0_0 rise@0.000ns)
  Data Path Delay:        0.197ns  (logic 0.141ns (71.611%)  route 0.056ns (28.389%))
  Logic Levels:           0  
  Clock Path Skew:        0.000ns (DCD - SCD - CPR)
    Destination Clock Delay (DCD):    -0.802ns
    Source Clock Delay      (SCD):    -0.566ns
    Clock Pessimism Removal (CPR):    -0.236ns

    Location             Delay type                Incr(ns)  Path(ns)    Netlist Resource(s)
  -------------------------------------------------------------------    -------------------
                         (clock clk_out1_VGA_source_bd_clk_wiz_0_0 rise edge)
                                                      0.000     0.000 r  
    Y9                                                0.000     0.000 r  clk (IN)
                         net (fo=0)                   0.000     0.000    VGA_source_bd_i/clk_wiz_0/inst/clk_in1
    Y9                   IBUF (Prop_ibuf_I_O)         0.258     0.258 r  VGA_source_bd_i/clk_wiz_0/inst/clkin1_ibufg/O
                         net (fo=1, routed)           0.440     0.698    VGA_source_bd_i/clk_wiz_0/inst/clk_in1_VGA_source_bd_clk_wiz_0_0
    MMCME2_ADV_X0Y0      MMCME2_ADV (Prop_mmcme2_adv_CLKIN1_CLKOUT0)
                                                     -2.421    -1.722 r  VGA_source_bd_i/clk_wiz_0/inst/mmcm_adv_inst/CLKOUT0
                         net (fo=1, routed)           0.518    -1.204    VGA_source_bd_i/clk_wiz_0/inst/clk_out1_VGA_source_bd_clk_wiz_0_0
    BUFGCTRL_X0Y1        BUFG (Prop_bufg_I_O)         0.026    -1.178 r  VGA_source_bd_i/clk_wiz_0/inst/clkout1_buf/O
                         net (fo=246, routed)         0.613    -0.566    VGA_source_bd_i/v_axi4s_vid_out_0/inst/COUPLER_INST/generate_async_fifo.FIFO_INST/XPM_FIFO_ASYNC_INST/gnuram_async_fifo.xpm_fifo_base_inst/gen_cdc_pntr.rd_pntr_cdc_inst/dest_clk
    SLICE_X103Y0         FDRE                                         r  VGA_source_bd_i/v_axi4s_vid_out_0/inst/COUPLER_INST/generate_async_fifo.FIFO_INST/XPM_FIFO_ASYNC_INST/gnuram_async_fifo.xpm_fifo_base_inst/gen_cdc_pntr.rd_pntr_cdc_inst/dest_graysync_ff_reg[0][7]/C
  -------------------------------------------------------------------    -------------------
    SLICE_X103Y0         FDRE (Prop_fdre_C_Q)         0.141    -0.425 r  VGA_source_bd_i/v_axi4s_vid_out_0/inst/COUPLER_INST/generate_async_fifo.FIFO_INST/XPM_FIFO_ASYNC_INST/gnuram_async_fifo.xpm_fifo_base_inst/gen_cdc_pntr.rd_pntr_cdc_inst/dest_graysync_ff_reg[0][7]/Q
                         net (fo=1, routed)           0.056    -0.369    VGA_source_bd_i/v_axi4s_vid_out_0/inst/COUPLER_INST/generate_async_fifo.FIFO_INST/XPM_FIFO_ASYNC_INST/gnuram_async_fifo.xpm_fifo_base_inst/gen_cdc_pntr.rd_pntr_cdc_inst/dest_graysync_ff[0][7]
    SLICE_X103Y0         FDRE                                         r  VGA_source_bd_i/v_axi4s_vid_out_0/inst/COUPLER_INST/generate_async_fifo.FIFO_INST/XPM_FIFO_ASYNC_INST/gnuram_async_fifo.xpm_fifo_base_inst/gen_cdc_pntr.rd_pntr_cdc_inst/dest_graysync_ff_reg[1][7]/D
  -------------------------------------------------------------------    -------------------

                         (clock clk_out1_VGA_source_bd_clk_wiz_0_0 rise edge)
                                                      0.000     0.000 r  
    Y9                                                0.000     0.000 r  clk (IN)
                         net (fo=0)                   0.000     0.000    VGA_source_bd_i/clk_wiz_0/inst/clk_in1
    Y9                   IBUF (Prop_ibuf_I_O)         0.446     0.446 r  VGA_source_bd_i/clk_wiz_0/inst/clkin1_ibufg/O
                         net (fo=1, routed)           0.480     0.926    VGA_source_bd_i/clk_wiz_0/inst/clk_in1_VGA_source_bd_clk_wiz_0_0
    MMCME2_ADV_X0Y0      MMCME2_ADV (Prop_mmcme2_adv_CLKIN1_CLKOUT0)
                                                     -3.204    -2.278 r  VGA_source_bd_i/clk_wiz_0/inst/mmcm_adv_inst/CLKOUT0
                         net (fo=1, routed)           0.564    -1.714    VGA_source_bd_i/clk_wiz_0/inst/clk_out1_VGA_source_bd_clk_wiz_0_0
    BUFGCTRL_X0Y1        BUFG (Prop_bufg_I_O)         0.029    -1.685 r  VGA_source_bd_i/clk_wiz_0/inst/clkout1_buf/O
                         net (fo=246, routed)         0.883    -0.802    VGA_source_bd_i/v_axi4s_vid_out_0/inst/COUPLER_INST/generate_async_fifo.FIFO_INST/XPM_FIFO_ASYNC_INST/gnuram_async_fifo.xpm_fifo_base_inst/gen_cdc_pntr.rd_pntr_cdc_inst/dest_clk
    SLICE_X103Y0         FDRE                                         r  VGA_source_bd_i/v_axi4s_vid_out_0/inst/COUPLER_INST/generate_async_fifo.FIFO_INST/XPM_FIFO_ASYNC_INST/gnuram_async_fifo.xpm_fifo_base_inst/gen_cdc_pntr.rd_pntr_cdc_inst/dest_graysync_ff_reg[1][7]/C
                         clock pessimism              0.236    -0.566    
    SLICE_X103Y0         FDRE (Hold_fdre_C_D)         0.076    -0.490    VGA_source_bd_i/v_axi4s_vid_out_0/inst/COUPLER_INST/generate_async_fifo.FIFO_INST/XPM_FIFO_ASYNC_INST/gnuram_async_fifo.xpm_fifo_base_inst/gen_cdc_pntr.rd_pntr_cdc_inst/dest_graysync_ff_reg[1][7]
  -------------------------------------------------------------------
                         required time                          0.490    
                         arrival time                          -0.369    
  -------------------------------------------------------------------
                         slack                                  0.121    

Slack (MET) :             0.122ns  (arrival time - required time)
  Source:                 VGA_source_bd_i/v_axi4s_vid_out_0/inst/COUPLER_INST/generate_async_fifo.FIFO_INST/XPM_FIFO_ASYNC_INST/gnuram_async_fifo.xpm_fifo_base_inst/xpm_fifo_rst_inst/gen_rst_ic.rrst_wr_inst/syncstages_ff_reg[0]/C
                            (rising edge-triggered cell FDRE clocked by clk_out1_VGA_source_bd_clk_wiz_0_0  {rise@0.000ns fall@4.632ns period=9.263ns})
  Destination:            VGA_source_bd_i/v_axi4s_vid_out_0/inst/COUPLER_INST/generate_async_fifo.FIFO_INST/XPM_FIFO_ASYNC_INST/gnuram_async_fifo.xpm_fifo_base_inst/xpm_fifo_rst_inst/gen_rst_ic.rrst_wr_inst/syncstages_ff_reg[1]/D
                            (rising edge-triggered cell FDRE clocked by clk_out1_VGA_source_bd_clk_wiz_0_0  {rise@0.000ns fall@4.632ns period=9.263ns})
  Path Group:             clk_out1_VGA_source_bd_clk_wiz_0_0
  Path Type:              Hold (Min at Fast Process Corner)
  Requirement:            0.000ns  (clk_out1_VGA_source_bd_clk_wiz_0_0 rise@0.000ns - clk_out1_VGA_source_bd_clk_wiz_0_0 rise@0.000ns)
  Data Path Delay:        0.197ns  (logic 0.141ns (71.611%)  route 0.056ns (28.389%))
  Logic Levels:           0  
  Clock Path Skew:        0.000ns (DCD - SCD - CPR)
    Destination Clock Delay (DCD):    -0.775ns
    Source Clock Delay      (SCD):    -0.540ns
    Clock Pessimism Removal (CPR):    -0.235ns

    Location             Delay type                Incr(ns)  Path(ns)    Netlist Resource(s)
  -------------------------------------------------------------------    -------------------
                         (clock clk_out1_VGA_source_bd_clk_wiz_0_0 rise edge)
                                                      0.000     0.000 r  
    Y9                                                0.000     0.000 r  clk (IN)
                         net (fo=0)                   0.000     0.000    VGA_source_bd_i/clk_wiz_0/inst/clk_in1
    Y9                   IBUF (Prop_ibuf_I_O)         0.258     0.258 r  VGA_source_bd_i/clk_wiz_0/inst/clkin1_ibufg/O
                         net (fo=1, routed)           0.440     0.698    VGA_source_bd_i/clk_wiz_0/inst/clk_in1_VGA_source_bd_clk_wiz_0_0
    MMCME2_ADV_X0Y0      MMCME2_ADV (Prop_mmcme2_adv_CLKIN1_CLKOUT0)
                                                     -2.421    -1.722 r  VGA_source_bd_i/clk_wiz_0/inst/mmcm_adv_inst/CLKOUT0
                         net (fo=1, routed)           0.518    -1.204    VGA_source_bd_i/clk_wiz_0/inst/clk_out1_VGA_source_bd_clk_wiz_0_0
    BUFGCTRL_X0Y1        BUFG (Prop_bufg_I_O)         0.026    -1.178 r  VGA_source_bd_i/clk_wiz_0/inst/clkout1_buf/O
                         net (fo=246, routed)         0.639    -0.540    VGA_source_bd_i/v_axi4s_vid_out_0/inst/COUPLER_INST/generate_async_fifo.FIFO_INST/XPM_FIFO_ASYNC_INST/gnuram_async_fifo.xpm_fifo_base_inst/xpm_fifo_rst_inst/gen_rst_ic.rrst_wr_inst/dest_clk
    SLICE_X107Y5         FDRE                                         r  VGA_source_bd_i/v_axi4s_vid_out_0/inst/COUPLER_INST/generate_async_fifo.FIFO_INST/XPM_FIFO_ASYNC_INST/gnuram_async_fifo.xpm_fifo_base_inst/xpm_fifo_rst_inst/gen_rst_ic.rrst_wr_inst/syncstages_ff_reg[0]/C
  -------------------------------------------------------------------    -------------------
    SLICE_X107Y5         FDRE (Prop_fdre_C_Q)         0.141    -0.399 r  VGA_source_bd_i/v_axi4s_vid_out_0/inst/COUPLER_INST/generate_async_fifo.FIFO_INST/XPM_FIFO_ASYNC_INST/gnuram_async_fifo.xpm_fifo_base_inst/xpm_fifo_rst_inst/gen_rst_ic.rrst_wr_inst/syncstages_ff_reg[0]/Q
                         net (fo=1, routed)           0.056    -0.343    VGA_source_bd_i/v_axi4s_vid_out_0/inst/COUPLER_INST/generate_async_fifo.FIFO_INST/XPM_FIFO_ASYNC_INST/gnuram_async_fifo.xpm_fifo_base_inst/xpm_fifo_rst_inst/gen_rst_ic.rrst_wr_inst/syncstages_ff[0]
    SLICE_X107Y5         FDRE                                         r  VGA_source_bd_i/v_axi4s_vid_out_0/inst/COUPLER_INST/generate_async_fifo.FIFO_INST/XPM_FIFO_ASYNC_INST/gnuram_async_fifo.xpm_fifo_base_inst/xpm_fifo_rst_inst/gen_rst_ic.rrst_wr_inst/syncstages_ff_reg[1]/D
  -------------------------------------------------------------------    -------------------

                         (clock clk_out1_VGA_source_bd_clk_wiz_0_0 rise edge)
                                                      0.000     0.000 r  
    Y9                                                0.000     0.000 r  clk (IN)
                         net (fo=0)                   0.000     0.000    VGA_source_bd_i/clk_wiz_0/inst/clk_in1
    Y9                   IBUF (Prop_ibuf_I_O)         0.446     0.446 r  VGA_source_bd_i/clk_wiz_0/inst/clkin1_ibufg/O
                         net (fo=1, routed)           0.480     0.926    VGA_source_bd_i/clk_wiz_0/inst/clk_in1_VGA_source_bd_clk_wiz_0_0
    MMCME2_ADV_X0Y0      MMCME2_ADV (Prop_mmcme2_adv_CLKIN1_CLKOUT0)
                                                     -3.204    -2.278 r  VGA_source_bd_i/clk_wiz_0/inst/mmcm_adv_inst/CLKOUT0
                         net (fo=1, routed)           0.564    -1.714    VGA_source_bd_i/clk_wiz_0/inst/clk_out1_VGA_source_bd_clk_wiz_0_0
    BUFGCTRL_X0Y1        BUFG (Prop_bufg_I_O)         0.029    -1.685 r  VGA_source_bd_i/clk_wiz_0/inst/clkout1_buf/O
                         net (fo=246, routed)         0.910    -0.775    VGA_source_bd_i/v_axi4s_vid_out_0/inst/COUPLER_INST/generate_async_fifo.FIFO_INST/XPM_FIFO_ASYNC_INST/gnuram_async_fifo.xpm_fifo_base_inst/xpm_fifo_rst_inst/gen_rst_ic.rrst_wr_inst/dest_clk
    SLICE_X107Y5         FDRE                                         r  VGA_source_bd_i/v_axi4s_vid_out_0/inst/COUPLER_INST/generate_async_fifo.FIFO_INST/XPM_FIFO_ASYNC_INST/gnuram_async_fifo.xpm_fifo_base_inst/xpm_fifo_rst_inst/gen_rst_ic.rrst_wr_inst/syncstages_ff_reg[1]/C
                         clock pessimism              0.235    -0.540    
    SLICE_X107Y5         FDRE (Hold_fdre_C_D)         0.075    -0.465    VGA_source_bd_i/v_axi4s_vid_out_0/inst/COUPLER_INST/generate_async_fifo.FIFO_INST/XPM_FIFO_ASYNC_INST/gnuram_async_fifo.xpm_fifo_base_inst/xpm_fifo_rst_inst/gen_rst_ic.rrst_wr_inst/syncstages_ff_reg[1]
  -------------------------------------------------------------------
                         required time                          0.465    
                         arrival time                          -0.343    
  -------------------------------------------------------------------
                         slack                                  0.122    

Slack (MET) :             0.122ns  (arrival time - required time)
  Source:                 VGA_source_bd_i/v_vid_in_axi4s_0/inst/COUPLER_INST/generate_async_fifo.FIFO_INST/XPM_FIFO_ASYNC_INST/gnuram_async_fifo.xpm_fifo_base_inst/gen_cdc_pntr.wr_pntr_cdc_inst/dest_graysync_ff_reg[0][0]/C
                            (rising edge-triggered cell FDRE clocked by clk_out1_VGA_source_bd_clk_wiz_0_0  {rise@0.000ns fall@4.632ns period=9.263ns})
  Destination:            VGA_source_bd_i/v_vid_in_axi4s_0/inst/COUPLER_INST/generate_async_fifo.FIFO_INST/XPM_FIFO_ASYNC_INST/gnuram_async_fifo.xpm_fifo_base_inst/gen_cdc_pntr.wr_pntr_cdc_inst/dest_graysync_ff_reg[1][0]/D
                            (rising edge-triggered cell FDRE clocked by clk_out1_VGA_source_bd_clk_wiz_0_0  {rise@0.000ns fall@4.632ns period=9.263ns})
  Path Group:             clk_out1_VGA_source_bd_clk_wiz_0_0
  Path Type:              Hold (Min at Fast Process Corner)
  Requirement:            0.000ns  (clk_out1_VGA_source_bd_clk_wiz_0_0 rise@0.000ns - clk_out1_VGA_source_bd_clk_wiz_0_0 rise@0.000ns)
  Data Path Delay:        0.197ns  (logic 0.141ns (71.611%)  route 0.056ns (28.389%))
  Logic Levels:           0  
  Clock Path Skew:        0.000ns (DCD - SCD - CPR)
    Destination Clock Delay (DCD):    -0.806ns
    Source Clock Delay      (SCD):    -0.569ns
    Clock Pessimism Removal (CPR):    -0.237ns

    Location             Delay type                Incr(ns)  Path(ns)    Netlist Resource(s)
  -------------------------------------------------------------------    -------------------
                         (clock clk_out1_VGA_source_bd_clk_wiz_0_0 rise edge)
                                                      0.000     0.000 r  
    Y9                                                0.000     0.000 r  clk (IN)
                         net (fo=0)                   0.000     0.000    VGA_source_bd_i/clk_wiz_0/inst/clk_in1
    Y9                   IBUF (Prop_ibuf_I_O)         0.258     0.258 r  VGA_source_bd_i/clk_wiz_0/inst/clkin1_ibufg/O
                         net (fo=1, routed)           0.440     0.698    VGA_source_bd_i/clk_wiz_0/inst/clk_in1_VGA_source_bd_clk_wiz_0_0
    MMCME2_ADV_X0Y0      MMCME2_ADV (Prop_mmcme2_adv_CLKIN1_CLKOUT0)
                                                     -2.421    -1.722 r  VGA_source_bd_i/clk_wiz_0/inst/mmcm_adv_inst/CLKOUT0
                         net (fo=1, routed)           0.518    -1.204    VGA_source_bd_i/clk_wiz_0/inst/clk_out1_VGA_source_bd_clk_wiz_0_0
    BUFGCTRL_X0Y1        BUFG (Prop_bufg_I_O)         0.026    -1.178 r  VGA_source_bd_i/clk_wiz_0/inst/clkout1_buf/O
                         net (fo=246, routed)         0.610    -0.569    VGA_source_bd_i/v_vid_in_axi4s_0/inst/COUPLER_INST/generate_async_fifo.FIFO_INST/XPM_FIFO_ASYNC_INST/gnuram_async_fifo.xpm_fifo_base_inst/gen_cdc_pntr.wr_pntr_cdc_inst/dest_clk
    SLICE_X91Y4          FDRE                                         r  VGA_source_bd_i/v_vid_in_axi4s_0/inst/COUPLER_INST/generate_async_fifo.FIFO_INST/XPM_FIFO_ASYNC_INST/gnuram_async_fifo.xpm_fifo_base_inst/gen_cdc_pntr.wr_pntr_cdc_inst/dest_graysync_ff_reg[0][0]/C
  -------------------------------------------------------------------    -------------------
    SLICE_X91Y4          FDRE (Prop_fdre_C_Q)         0.141    -0.428 r  VGA_source_bd_i/v_vid_in_axi4s_0/inst/COUPLER_INST/generate_async_fifo.FIFO_INST/XPM_FIFO_ASYNC_INST/gnuram_async_fifo.xpm_fifo_base_inst/gen_cdc_pntr.wr_pntr_cdc_inst/dest_graysync_ff_reg[0][0]/Q
                         net (fo=1, routed)           0.056    -0.372    VGA_source_bd_i/v_vid_in_axi4s_0/inst/COUPLER_INST/generate_async_fifo.FIFO_INST/XPM_FIFO_ASYNC_INST/gnuram_async_fifo.xpm_fifo_base_inst/gen_cdc_pntr.wr_pntr_cdc_inst/dest_graysync_ff[0][0]
    SLICE_X91Y4          FDRE                                         r  VGA_source_bd_i/v_vid_in_axi4s_0/inst/COUPLER_INST/generate_async_fifo.FIFO_INST/XPM_FIFO_ASYNC_INST/gnuram_async_fifo.xpm_fifo_base_inst/gen_cdc_pntr.wr_pntr_cdc_inst/dest_graysync_ff_reg[1][0]/D
  -------------------------------------------------------------------    -------------------

                         (clock clk_out1_VGA_source_bd_clk_wiz_0_0 rise edge)
                                                      0.000     0.000 r  
    Y9                                                0.000     0.000 r  clk (IN)
                         net (fo=0)                   0.000     0.000    VGA_source_bd_i/clk_wiz_0/inst/clk_in1
    Y9                   IBUF (Prop_ibuf_I_O)         0.446     0.446 r  VGA_source_bd_i/clk_wiz_0/inst/clkin1_ibufg/O
                         net (fo=1, routed)           0.480     0.926    VGA_source_bd_i/clk_wiz_0/inst/clk_in1_VGA_source_bd_clk_wiz_0_0
    MMCME2_ADV_X0Y0      MMCME2_ADV (Prop_mmcme2_adv_CLKIN1_CLKOUT0)
                                                     -3.204    -2.278 r  VGA_source_bd_i/clk_wiz_0/inst/mmcm_adv_inst/CLKOUT0
                         net (fo=1, routed)           0.564    -1.714    VGA_source_bd_i/clk_wiz_0/inst/clk_out1_VGA_source_bd_clk_wiz_0_0
    BUFGCTRL_X0Y1        BUFG (Prop_bufg_I_O)         0.029    -1.685 r  VGA_source_bd_i/clk_wiz_0/inst/clkout1_buf/O
                         net (fo=246, routed)         0.879    -0.806    VGA_source_bd_i/v_vid_in_axi4s_0/inst/COUPLER_INST/generate_async_fifo.FIFO_INST/XPM_FIFO_ASYNC_INST/gnuram_async_fifo.xpm_fifo_base_inst/gen_cdc_pntr.wr_pntr_cdc_inst/dest_clk
    SLICE_X91Y4          FDRE                                         r  VGA_source_bd_i/v_vid_in_axi4s_0/inst/COUPLER_INST/generate_async_fifo.FIFO_INST/XPM_FIFO_ASYNC_INST/gnuram_async_fifo.xpm_fifo_base_inst/gen_cdc_pntr.wr_pntr_cdc_inst/dest_graysync_ff_reg[1][0]/C
                         clock pessimism              0.237    -0.569    
    SLICE_X91Y4          FDRE (Hold_fdre_C_D)         0.075    -0.494    VGA_source_bd_i/v_vid_in_axi4s_0/inst/COUPLER_INST/generate_async_fifo.FIFO_INST/XPM_FIFO_ASYNC_INST/gnuram_async_fifo.xpm_fifo_base_inst/gen_cdc_pntr.wr_pntr_cdc_inst/dest_graysync_ff_reg[1][0]
  -------------------------------------------------------------------
                         required time                          0.494    
                         arrival time                          -0.372    
  -------------------------------------------------------------------
                         slack                                  0.122    

Slack (MET) :             0.122ns  (arrival time - required time)
  Source:                 VGA_source_bd_i/v_vid_in_axi4s_0/inst/COUPLER_INST/generate_async_fifo.FIFO_INST/XPM_FIFO_ASYNC_INST/gnuram_async_fifo.xpm_fifo_base_inst/gen_cdc_pntr.wr_pntr_cdc_inst/dest_graysync_ff_reg[0][4]/C
                            (rising edge-triggered cell FDRE clocked by clk_out1_VGA_source_bd_clk_wiz_0_0  {rise@0.000ns fall@4.632ns period=9.263ns})
  Destination:            VGA_source_bd_i/v_vid_in_axi4s_0/inst/COUPLER_INST/generate_async_fifo.FIFO_INST/XPM_FIFO_ASYNC_INST/gnuram_async_fifo.xpm_fifo_base_inst/gen_cdc_pntr.wr_pntr_cdc_inst/dest_graysync_ff_reg[1][4]/D
                            (rising edge-triggered cell FDRE clocked by clk_out1_VGA_source_bd_clk_wiz_0_0  {rise@0.000ns fall@4.632ns period=9.263ns})
  Path Group:             clk_out1_VGA_source_bd_clk_wiz_0_0
  Path Type:              Hold (Min at Fast Process Corner)
  Requirement:            0.000ns  (clk_out1_VGA_source_bd_clk_wiz_0_0 rise@0.000ns - clk_out1_VGA_source_bd_clk_wiz_0_0 rise@0.000ns)
  Data Path Delay:        0.197ns  (logic 0.141ns (71.611%)  route 0.056ns (28.389%))
  Logic Levels:           0  
  Clock Path Skew:        0.000ns (DCD - SCD - CPR)
    Destination Clock Delay (DCD):    -0.829ns
    Source Clock Delay      (SCD):    -0.591ns
    Clock Pessimism Removal (CPR):    -0.238ns

    Location             Delay type                Incr(ns)  Path(ns)    Netlist Resource(s)
  -------------------------------------------------------------------    -------------------
                         (clock clk_out1_VGA_source_bd_clk_wiz_0_0 rise edge)
                                                      0.000     0.000 r  
    Y9                                                0.000     0.000 r  clk (IN)
                         net (fo=0)                   0.000     0.000    VGA_source_bd_i/clk_wiz_0/inst/clk_in1
    Y9                   IBUF (Prop_ibuf_I_O)         0.258     0.258 r  VGA_source_bd_i/clk_wiz_0/inst/clkin1_ibufg/O
                         net (fo=1, routed)           0.440     0.698    VGA_source_bd_i/clk_wiz_0/inst/clk_in1_VGA_source_bd_clk_wiz_0_0
    MMCME2_ADV_X0Y0      MMCME2_ADV (Prop_mmcme2_adv_CLKIN1_CLKOUT0)
                                                     -2.421    -1.722 r  VGA_source_bd_i/clk_wiz_0/inst/mmcm_adv_inst/CLKOUT0
                         net (fo=1, routed)           0.518    -1.204    VGA_source_bd_i/clk_wiz_0/inst/clk_out1_VGA_source_bd_clk_wiz_0_0
    BUFGCTRL_X0Y1        BUFG (Prop_bufg_I_O)         0.026    -1.178 r  VGA_source_bd_i/clk_wiz_0/inst/clkout1_buf/O
                         net (fo=246, routed)         0.588    -0.591    VGA_source_bd_i/v_vid_in_axi4s_0/inst/COUPLER_INST/generate_async_fifo.FIFO_INST/XPM_FIFO_ASYNC_INST/gnuram_async_fifo.xpm_fifo_base_inst/gen_cdc_pntr.wr_pntr_cdc_inst/dest_clk
    SLICE_X87Y4          FDRE                                         r  VGA_source_bd_i/v_vid_in_axi4s_0/inst/COUPLER_INST/generate_async_fifo.FIFO_INST/XPM_FIFO_ASYNC_INST/gnuram_async_fifo.xpm_fifo_base_inst/gen_cdc_pntr.wr_pntr_cdc_inst/dest_graysync_ff_reg[0][4]/C
  -------------------------------------------------------------------    -------------------
    SLICE_X87Y4          FDRE (Prop_fdre_C_Q)         0.141    -0.450 r  VGA_source_bd_i/v_vid_in_axi4s_0/inst/COUPLER_INST/generate_async_fifo.FIFO_INST/XPM_FIFO_ASYNC_INST/gnuram_async_fifo.xpm_fifo_base_inst/gen_cdc_pntr.wr_pntr_cdc_inst/dest_graysync_ff_reg[0][4]/Q
                         net (fo=1, routed)           0.056    -0.394    VGA_source_bd_i/v_vid_in_axi4s_0/inst/COUPLER_INST/generate_async_fifo.FIFO_INST/XPM_FIFO_ASYNC_INST/gnuram_async_fifo.xpm_fifo_base_inst/gen_cdc_pntr.wr_pntr_cdc_inst/dest_graysync_ff[0][4]
    SLICE_X87Y4          FDRE                                         r  VGA_source_bd_i/v_vid_in_axi4s_0/inst/COUPLER_INST/generate_async_fifo.FIFO_INST/XPM_FIFO_ASYNC_INST/gnuram_async_fifo.xpm_fifo_base_inst/gen_cdc_pntr.wr_pntr_cdc_inst/dest_graysync_ff_reg[1][4]/D
  -------------------------------------------------------------------    -------------------

                         (clock clk_out1_VGA_source_bd_clk_wiz_0_0 rise edge)
                                                      0.000     0.000 r  
    Y9                                                0.000     0.000 r  clk (IN)
                         net (fo=0)                   0.000     0.000    VGA_source_bd_i/clk_wiz_0/inst/clk_in1
    Y9                   IBUF (Prop_ibuf_I_O)         0.446     0.446 r  VGA_source_bd_i/clk_wiz_0/inst/clkin1_ibufg/O
                         net (fo=1, routed)           0.480     0.926    VGA_source_bd_i/clk_wiz_0/inst/clk_in1_VGA_source_bd_clk_wiz_0_0
    MMCME2_ADV_X0Y0      MMCME2_ADV (Prop_mmcme2_adv_CLKIN1_CLKOUT0)
                                                     -3.204    -2.278 r  VGA_source_bd_i/clk_wiz_0/inst/mmcm_adv_inst/CLKOUT0
                         net (fo=1, routed)           0.564    -1.714    VGA_source_bd_i/clk_wiz_0/inst/clk_out1_VGA_source_bd_clk_wiz_0_0
    BUFGCTRL_X0Y1        BUFG (Prop_bufg_I_O)         0.029    -1.685 r  VGA_source_bd_i/clk_wiz_0/inst/clkout1_buf/O
                         net (fo=246, routed)         0.856    -0.829    VGA_source_bd_i/v_vid_in_axi4s_0/inst/COUPLER_INST/generate_async_fifo.FIFO_INST/XPM_FIFO_ASYNC_INST/gnuram_async_fifo.xpm_fifo_base_inst/gen_cdc_pntr.wr_pntr_cdc_inst/dest_clk
    SLICE_X87Y4          FDRE                                         r  VGA_source_bd_i/v_vid_in_axi4s_0/inst/COUPLER_INST/generate_async_fifo.FIFO_INST/XPM_FIFO_ASYNC_INST/gnuram_async_fifo.xpm_fifo_base_inst/gen_cdc_pntr.wr_pntr_cdc_inst/dest_graysync_ff_reg[1][4]/C
                         clock pessimism              0.238    -0.591    
    SLICE_X87Y4          FDRE (Hold_fdre_C_D)         0.075    -0.516    VGA_source_bd_i/v_vid_in_axi4s_0/inst/COUPLER_INST/generate_async_fifo.FIFO_INST/XPM_FIFO_ASYNC_INST/gnuram_async_fifo.xpm_fifo_base_inst/gen_cdc_pntr.wr_pntr_cdc_inst/dest_graysync_ff_reg[1][4]
  -------------------------------------------------------------------
                         required time                          0.516    
                         arrival time                          -0.394    
  -------------------------------------------------------------------
                         slack                                  0.122    

Slack (MET) :             0.122ns  (arrival time - required time)
  Source:                 VGA_source_bd_i/v_vid_in_axi4s_0/inst/COUPLER_INST/generate_async_fifo.FIFO_INST/XPM_FIFO_ASYNC_INST/gnuram_async_fifo.xpm_fifo_base_inst/gen_cdc_pntr.wr_pntr_cdc_inst/dest_graysync_ff_reg[0][9]/C
                            (rising edge-triggered cell FDRE clocked by clk_out1_VGA_source_bd_clk_wiz_0_0  {rise@0.000ns fall@4.632ns period=9.263ns})
  Destination:            VGA_source_bd_i/v_vid_in_axi4s_0/inst/COUPLER_INST/generate_async_fifo.FIFO_INST/XPM_FIFO_ASYNC_INST/gnuram_async_fifo.xpm_fifo_base_inst/gen_cdc_pntr.wr_pntr_cdc_inst/dest_graysync_ff_reg[1][9]/D
                            (rising edge-triggered cell FDRE clocked by clk_out1_VGA_source_bd_clk_wiz_0_0  {rise@0.000ns fall@4.632ns period=9.263ns})
  Path Group:             clk_out1_VGA_source_bd_clk_wiz_0_0
  Path Type:              Hold (Min at Fast Process Corner)
  Requirement:            0.000ns  (clk_out1_VGA_source_bd_clk_wiz_0_0 rise@0.000ns - clk_out1_VGA_source_bd_clk_wiz_0_0 rise@0.000ns)
  Data Path Delay:        0.197ns  (logic 0.141ns (71.611%)  route 0.056ns (28.389%))
  Logic Levels:           0  
  Clock Path Skew:        0.000ns (DCD - SCD - CPR)
    Destination Clock Delay (DCD):    -0.829ns
    Source Clock Delay      (SCD):    -0.591ns
    Clock Pessimism Removal (CPR):    -0.238ns

    Location             Delay type                Incr(ns)  Path(ns)    Netlist Resource(s)
  -------------------------------------------------------------------    -------------------
                         (clock clk_out1_VGA_source_bd_clk_wiz_0_0 rise edge)
                                                      0.000     0.000 r  
    Y9                                                0.000     0.000 r  clk (IN)
                         net (fo=0)                   0.000     0.000    VGA_source_bd_i/clk_wiz_0/inst/clk_in1
    Y9                   IBUF (Prop_ibuf_I_O)         0.258     0.258 r  VGA_source_bd_i/clk_wiz_0/inst/clkin1_ibufg/O
                         net (fo=1, routed)           0.440     0.698    VGA_source_bd_i/clk_wiz_0/inst/clk_in1_VGA_source_bd_clk_wiz_0_0
    MMCME2_ADV_X0Y0      MMCME2_ADV (Prop_mmcme2_adv_CLKIN1_CLKOUT0)
                                                     -2.421    -1.722 r  VGA_source_bd_i/clk_wiz_0/inst/mmcm_adv_inst/CLKOUT0
                         net (fo=1, routed)           0.518    -1.204    VGA_source_bd_i/clk_wiz_0/inst/clk_out1_VGA_source_bd_clk_wiz_0_0
    BUFGCTRL_X0Y1        BUFG (Prop_bufg_I_O)         0.026    -1.178 r  VGA_source_bd_i/clk_wiz_0/inst/clkout1_buf/O
                         net (fo=246, routed)         0.588    -0.591    VGA_source_bd_i/v_vid_in_axi4s_0/inst/COUPLER_INST/generate_async_fifo.FIFO_INST/XPM_FIFO_ASYNC_INST/gnuram_async_fifo.xpm_fifo_base_inst/gen_cdc_pntr.wr_pntr_cdc_inst/dest_clk
    SLICE_X89Y3          FDRE                                         r  VGA_source_bd_i/v_vid_in_axi4s_0/inst/COUPLER_INST/generate_async_fifo.FIFO_INST/XPM_FIFO_ASYNC_INST/gnuram_async_fifo.xpm_fifo_base_inst/gen_cdc_pntr.wr_pntr_cdc_inst/dest_graysync_ff_reg[0][9]/C
  -------------------------------------------------------------------    -------------------
    SLICE_X89Y3          FDRE (Prop_fdre_C_Q)         0.141    -0.450 r  VGA_source_bd_i/v_vid_in_axi4s_0/inst/COUPLER_INST/generate_async_fifo.FIFO_INST/XPM_FIFO_ASYNC_INST/gnuram_async_fifo.xpm_fifo_base_inst/gen_cdc_pntr.wr_pntr_cdc_inst/dest_graysync_ff_reg[0][9]/Q
                         net (fo=1, routed)           0.056    -0.394    VGA_source_bd_i/v_vid_in_axi4s_0/inst/COUPLER_INST/generate_async_fifo.FIFO_INST/XPM_FIFO_ASYNC_INST/gnuram_async_fifo.xpm_fifo_base_inst/gen_cdc_pntr.wr_pntr_cdc_inst/dest_graysync_ff[0][9]
    SLICE_X89Y3          FDRE                                         r  VGA_source_bd_i/v_vid_in_axi4s_0/inst/COUPLER_INST/generate_async_fifo.FIFO_INST/XPM_FIFO_ASYNC_INST/gnuram_async_fifo.xpm_fifo_base_inst/gen_cdc_pntr.wr_pntr_cdc_inst/dest_graysync_ff_reg[1][9]/D
  -------------------------------------------------------------------    -------------------

                         (clock clk_out1_VGA_source_bd_clk_wiz_0_0 rise edge)
                                                      0.000     0.000 r  
    Y9                                                0.000     0.000 r  clk (IN)
                         net (fo=0)                   0.000     0.000    VGA_source_bd_i/clk_wiz_0/inst/clk_in1
    Y9                   IBUF (Prop_ibuf_I_O)         0.446     0.446 r  VGA_source_bd_i/clk_wiz_0/inst/clkin1_ibufg/O
                         net (fo=1, routed)           0.480     0.926    VGA_source_bd_i/clk_wiz_0/inst/clk_in1_VGA_source_bd_clk_wiz_0_0
    MMCME2_ADV_X0Y0      MMCME2_ADV (Prop_mmcme2_adv_CLKIN1_CLKOUT0)
                                                     -3.204    -2.278 r  VGA_source_bd_i/clk_wiz_0/inst/mmcm_adv_inst/CLKOUT0
                         net (fo=1, routed)           0.564    -1.714    VGA_source_bd_i/clk_wiz_0/inst/clk_out1_VGA_source_bd_clk_wiz_0_0
    BUFGCTRL_X0Y1        BUFG (Prop_bufg_I_O)         0.029    -1.685 r  VGA_source_bd_i/clk_wiz_0/inst/clkout1_buf/O
                         net (fo=246, routed)         0.856    -0.829    VGA_source_bd_i/v_vid_in_axi4s_0/inst/COUPLER_INST/generate_async_fifo.FIFO_INST/XPM_FIFO_ASYNC_INST/gnuram_async_fifo.xpm_fifo_base_inst/gen_cdc_pntr.wr_pntr_cdc_inst/dest_clk
    SLICE_X89Y3          FDRE                                         r  VGA_source_bd_i/v_vid_in_axi4s_0/inst/COUPLER_INST/generate_async_fifo.FIFO_INST/XPM_FIFO_ASYNC_INST/gnuram_async_fifo.xpm_fifo_base_inst/gen_cdc_pntr.wr_pntr_cdc_inst/dest_graysync_ff_reg[1][9]/C
                         clock pessimism              0.238    -0.591    
    SLICE_X89Y3          FDRE (Hold_fdre_C_D)         0.075    -0.516    VGA_source_bd_i/v_vid_in_axi4s_0/inst/COUPLER_INST/generate_async_fifo.FIFO_INST/XPM_FIFO_ASYNC_INST/gnuram_async_fifo.xpm_fifo_base_inst/gen_cdc_pntr.wr_pntr_cdc_inst/dest_graysync_ff_reg[1][9]
  -------------------------------------------------------------------
                         required time                          0.516    
                         arrival time                          -0.394    
  -------------------------------------------------------------------
                         slack                                  0.122    

Slack (MET) :             0.122ns  (arrival time - required time)
  Source:                 VGA_source_bd_i/v_vid_in_axi4s_0/inst/COUPLER_INST/generate_async_fifo.FIFO_INST/XPM_FIFO_ASYNC_INST/gnuram_async_fifo.xpm_fifo_base_inst/xpm_fifo_rst_inst/gen_rst_ic.wrst_rd_inst/syncstages_ff_reg[0]/C
                            (rising edge-triggered cell FDRE clocked by clk_out1_VGA_source_bd_clk_wiz_0_0  {rise@0.000ns fall@4.632ns period=9.263ns})
  Destination:            VGA_source_bd_i/v_vid_in_axi4s_0/inst/COUPLER_INST/generate_async_fifo.FIFO_INST/XPM_FIFO_ASYNC_INST/gnuram_async_fifo.xpm_fifo_base_inst/xpm_fifo_rst_inst/gen_rst_ic.wrst_rd_inst/syncstages_ff_reg[1]/D
                            (rising edge-triggered cell FDRE clocked by clk_out1_VGA_source_bd_clk_wiz_0_0  {rise@0.000ns fall@4.632ns period=9.263ns})
  Path Group:             clk_out1_VGA_source_bd_clk_wiz_0_0
  Path Type:              Hold (Min at Fast Process Corner)
  Requirement:            0.000ns  (clk_out1_VGA_source_bd_clk_wiz_0_0 rise@0.000ns - clk_out1_VGA_source_bd_clk_wiz_0_0 rise@0.000ns)
  Data Path Delay:        0.197ns  (logic 0.141ns (71.611%)  route 0.056ns (28.389%))
  Logic Levels:           0  
  Clock Path Skew:        0.000ns (DCD - SCD - CPR)
    Destination Clock Delay (DCD):    -0.804ns
    Source Clock Delay      (SCD):    -0.567ns
    Clock Pessimism Removal (CPR):    -0.237ns

    Location             Delay type                Incr(ns)  Path(ns)    Netlist Resource(s)
  -------------------------------------------------------------------    -------------------
                         (clock clk_out1_VGA_source_bd_clk_wiz_0_0 rise edge)
                                                      0.000     0.000 r  
    Y9                                                0.000     0.000 r  clk (IN)
                         net (fo=0)                   0.000     0.000    VGA_source_bd_i/clk_wiz_0/inst/clk_in1
    Y9                   IBUF (Prop_ibuf_I_O)         0.258     0.258 r  VGA_source_bd_i/clk_wiz_0/inst/clkin1_ibufg/O
                         net (fo=1, routed)           0.440     0.698    VGA_source_bd_i/clk_wiz_0/inst/clk_in1_VGA_source_bd_clk_wiz_0_0
    MMCME2_ADV_X0Y0      MMCME2_ADV (Prop_mmcme2_adv_CLKIN1_CLKOUT0)
                                                     -2.421    -1.722 r  VGA_source_bd_i/clk_wiz_0/inst/mmcm_adv_inst/CLKOUT0
                         net (fo=1, routed)           0.518    -1.204    VGA_source_bd_i/clk_wiz_0/inst/clk_out1_VGA_source_bd_clk_wiz_0_0
    BUFGCTRL_X0Y1        BUFG (Prop_bufg_I_O)         0.026    -1.178 r  VGA_source_bd_i/clk_wiz_0/inst/clkout1_buf/O
                         net (fo=246, routed)         0.612    -0.567    VGA_source_bd_i/v_vid_in_axi4s_0/inst/COUPLER_INST/generate_async_fifo.FIFO_INST/XPM_FIFO_ASYNC_INST/gnuram_async_fifo.xpm_fifo_base_inst/xpm_fifo_rst_inst/gen_rst_ic.wrst_rd_inst/dest_clk
    SLICE_X99Y6          FDRE                                         r  VGA_source_bd_i/v_vid_in_axi4s_0/inst/COUPLER_INST/generate_async_fifo.FIFO_INST/XPM_FIFO_ASYNC_INST/gnuram_async_fifo.xpm_fifo_base_inst/xpm_fifo_rst_inst/gen_rst_ic.wrst_rd_inst/syncstages_ff_reg[0]/C
  -------------------------------------------------------------------    -------------------
    SLICE_X99Y6          FDRE (Prop_fdre_C_Q)         0.141    -0.426 r  VGA_source_bd_i/v_vid_in_axi4s_0/inst/COUPLER_INST/generate_async_fifo.FIFO_INST/XPM_FIFO_ASYNC_INST/gnuram_async_fifo.xpm_fifo_base_inst/xpm_fifo_rst_inst/gen_rst_ic.wrst_rd_inst/syncstages_ff_reg[0]/Q
                         net (fo=1, routed)           0.056    -0.370    VGA_source_bd_i/v_vid_in_axi4s_0/inst/COUPLER_INST/generate_async_fifo.FIFO_INST/XPM_FIFO_ASYNC_INST/gnuram_async_fifo.xpm_fifo_base_inst/xpm_fifo_rst_inst/gen_rst_ic.wrst_rd_inst/syncstages_ff[0]
    SLICE_X99Y6          FDRE                                         r  VGA_source_bd_i/v_vid_in_axi4s_0/inst/COUPLER_INST/generate_async_fifo.FIFO_INST/XPM_FIFO_ASYNC_INST/gnuram_async_fifo.xpm_fifo_base_inst/xpm_fifo_rst_inst/gen_rst_ic.wrst_rd_inst/syncstages_ff_reg[1]/D
  -------------------------------------------------------------------    -------------------

                         (clock clk_out1_VGA_source_bd_clk_wiz_0_0 rise edge)
                                                      0.000     0.000 r  
    Y9                                                0.000     0.000 r  clk (IN)
                         net (fo=0)                   0.000     0.000    VGA_source_bd_i/clk_wiz_0/inst/clk_in1
    Y9                   IBUF (Prop_ibuf_I_O)         0.446     0.446 r  VGA_source_bd_i/clk_wiz_0/inst/clkin1_ibufg/O
                         net (fo=1, routed)           0.480     0.926    VGA_source_bd_i/clk_wiz_0/inst/clk_in1_VGA_source_bd_clk_wiz_0_0
    MMCME2_ADV_X0Y0      MMCME2_ADV (Prop_mmcme2_adv_CLKIN1_CLKOUT0)
                                                     -3.204    -2.278 r  VGA_source_bd_i/clk_wiz_0/inst/mmcm_adv_inst/CLKOUT0
                         net (fo=1, routed)           0.564    -1.714    VGA_source_bd_i/clk_wiz_0/inst/clk_out1_VGA_source_bd_clk_wiz_0_0
    BUFGCTRL_X0Y1        BUFG (Prop_bufg_I_O)         0.029    -1.685 r  VGA_source_bd_i/clk_wiz_0/inst/clkout1_buf/O
                         net (fo=246, routed)         0.881    -0.804    VGA_source_bd_i/v_vid_in_axi4s_0/inst/COUPLER_INST/generate_async_fifo.FIFO_INST/XPM_FIFO_ASYNC_INST/gnuram_async_fifo.xpm_fifo_base_inst/xpm_fifo_rst_inst/gen_rst_ic.wrst_rd_inst/dest_clk
    SLICE_X99Y6          FDRE                                         r  VGA_source_bd_i/v_vid_in_axi4s_0/inst/COUPLER_INST/generate_async_fifo.FIFO_INST/XPM_FIFO_ASYNC_INST/gnuram_async_fifo.xpm_fifo_base_inst/xpm_fifo_rst_inst/gen_rst_ic.wrst_rd_inst/syncstages_ff_reg[1]/C
                         clock pessimism              0.237    -0.567    
    SLICE_X99Y6          FDRE (Hold_fdre_C_D)         0.075    -0.492    VGA_source_bd_i/v_vid_in_axi4s_0/inst/COUPLER_INST/generate_async_fifo.FIFO_INST/XPM_FIFO_ASYNC_INST/gnuram_async_fifo.xpm_fifo_base_inst/xpm_fifo_rst_inst/gen_rst_ic.wrst_rd_inst/syncstages_ff_reg[1]
  -------------------------------------------------------------------
                         required time                          0.492    
                         arrival time                          -0.370    
  -------------------------------------------------------------------
                         slack                                  0.122    

Slack (MET) :             0.122ns  (arrival time - required time)
  Source:                 VGA_source_bd_i/v_axi4s_vid_out_0/inst/COUPLER_INST/generate_async_fifo.FIFO_INST/XPM_FIFO_ASYNC_INST/gnuram_async_fifo.xpm_fifo_base_inst/gen_cdc_pntr.rd_pntr_cdc_inst/dest_graysync_ff_reg[0][1]/C
                            (rising edge-triggered cell FDRE clocked by clk_out1_VGA_source_bd_clk_wiz_0_0  {rise@0.000ns fall@4.632ns period=9.263ns})
  Destination:            VGA_source_bd_i/v_axi4s_vid_out_0/inst/COUPLER_INST/generate_async_fifo.FIFO_INST/XPM_FIFO_ASYNC_INST/gnuram_async_fifo.xpm_fifo_base_inst/gen_cdc_pntr.rd_pntr_cdc_inst/dest_graysync_ff_reg[1][1]/D
                            (rising edge-triggered cell FDRE clocked by clk_out1_VGA_source_bd_clk_wiz_0_0  {rise@0.000ns fall@4.632ns period=9.263ns})
  Path Group:             clk_out1_VGA_source_bd_clk_wiz_0_0
  Path Type:              Hold (Min at Fast Process Corner)
  Requirement:            0.000ns  (clk_out1_VGA_source_bd_clk_wiz_0_0 rise@0.000ns - clk_out1_VGA_source_bd_clk_wiz_0_0 rise@0.000ns)
  Data Path Delay:        0.197ns  (logic 0.141ns (71.611%)  route 0.056ns (28.389%))
  Logic Levels:           0  
  Clock Path Skew:        0.000ns (DCD - SCD - CPR)
    Destination Clock Delay (DCD):    -0.802ns
    Source Clock Delay      (SCD):    -0.566ns
    Clock Pessimism Removal (CPR):    -0.236ns

    Location             Delay type                Incr(ns)  Path(ns)    Netlist Resource(s)
  -------------------------------------------------------------------    -------------------
                         (clock clk_out1_VGA_source_bd_clk_wiz_0_0 rise edge)
                                                      0.000     0.000 r  
    Y9                                                0.000     0.000 r  clk (IN)
                         net (fo=0)                   0.000     0.000    VGA_source_bd_i/clk_wiz_0/inst/clk_in1
    Y9                   IBUF (Prop_ibuf_I_O)         0.258     0.258 r  VGA_source_bd_i/clk_wiz_0/inst/clkin1_ibufg/O
                         net (fo=1, routed)           0.440     0.698    VGA_source_bd_i/clk_wiz_0/inst/clk_in1_VGA_source_bd_clk_wiz_0_0
    MMCME2_ADV_X0Y0      MMCME2_ADV (Prop_mmcme2_adv_CLKIN1_CLKOUT0)
                                                     -2.421    -1.722 r  VGA_source_bd_i/clk_wiz_0/inst/mmcm_adv_inst/CLKOUT0
                         net (fo=1, routed)           0.518    -1.204    VGA_source_bd_i/clk_wiz_0/inst/clk_out1_VGA_source_bd_clk_wiz_0_0
    BUFGCTRL_X0Y1        BUFG (Prop_bufg_I_O)         0.026    -1.178 r  VGA_source_bd_i/clk_wiz_0/inst/clkout1_buf/O
                         net (fo=246, routed)         0.613    -0.566    VGA_source_bd_i/v_axi4s_vid_out_0/inst/COUPLER_INST/generate_async_fifo.FIFO_INST/XPM_FIFO_ASYNC_INST/gnuram_async_fifo.xpm_fifo_base_inst/gen_cdc_pntr.rd_pntr_cdc_inst/dest_clk
    SLICE_X103Y2         FDRE                                         r  VGA_source_bd_i/v_axi4s_vid_out_0/inst/COUPLER_INST/generate_async_fifo.FIFO_INST/XPM_FIFO_ASYNC_INST/gnuram_async_fifo.xpm_fifo_base_inst/gen_cdc_pntr.rd_pntr_cdc_inst/dest_graysync_ff_reg[0][1]/C
  -------------------------------------------------------------------    -------------------
    SLICE_X103Y2         FDRE (Prop_fdre_C_Q)         0.141    -0.425 r  VGA_source_bd_i/v_axi4s_vid_out_0/inst/COUPLER_INST/generate_async_fifo.FIFO_INST/XPM_FIFO_ASYNC_INST/gnuram_async_fifo.xpm_fifo_base_inst/gen_cdc_pntr.rd_pntr_cdc_inst/dest_graysync_ff_reg[0][1]/Q
                         net (fo=1, routed)           0.056    -0.369    VGA_source_bd_i/v_axi4s_vid_out_0/inst/COUPLER_INST/generate_async_fifo.FIFO_INST/XPM_FIFO_ASYNC_INST/gnuram_async_fifo.xpm_fifo_base_inst/gen_cdc_pntr.rd_pntr_cdc_inst/dest_graysync_ff[0][1]
    SLICE_X103Y2         FDRE                                         r  VGA_source_bd_i/v_axi4s_vid_out_0/inst/COUPLER_INST/generate_async_fifo.FIFO_INST/XPM_FIFO_ASYNC_INST/gnuram_async_fifo.xpm_fifo_base_inst/gen_cdc_pntr.rd_pntr_cdc_inst/dest_graysync_ff_reg[1][1]/D
  -------------------------------------------------------------------    -------------------

                         (clock clk_out1_VGA_source_bd_clk_wiz_0_0 rise edge)
                                                      0.000     0.000 r  
    Y9                                                0.000     0.000 r  clk (IN)
                         net (fo=0)                   0.000     0.000    VGA_source_bd_i/clk_wiz_0/inst/clk_in1
    Y9                   IBUF (Prop_ibuf_I_O)         0.446     0.446 r  VGA_source_bd_i/clk_wiz_0/inst/clkin1_ibufg/O
                         net (fo=1, routed)           0.480     0.926    VGA_source_bd_i/clk_wiz_0/inst/clk_in1_VGA_source_bd_clk_wiz_0_0
    MMCME2_ADV_X0Y0      MMCME2_ADV (Prop_mmcme2_adv_CLKIN1_CLKOUT0)
                                                     -3.204    -2.278 r  VGA_source_bd_i/clk_wiz_0/inst/mmcm_adv_inst/CLKOUT0
                         net (fo=1, routed)           0.564    -1.714    VGA_source_bd_i/clk_wiz_0/inst/clk_out1_VGA_source_bd_clk_wiz_0_0
    BUFGCTRL_X0Y1        BUFG (Prop_bufg_I_O)         0.029    -1.685 r  VGA_source_bd_i/clk_wiz_0/inst/clkout1_buf/O
                         net (fo=246, routed)         0.883    -0.802    VGA_source_bd_i/v_axi4s_vid_out_0/inst/COUPLER_INST/generate_async_fifo.FIFO_INST/XPM_FIFO_ASYNC_INST/gnuram_async_fifo.xpm_fifo_base_inst/gen_cdc_pntr.rd_pntr_cdc_inst/dest_clk
    SLICE_X103Y2         FDRE                                         r  VGA_source_bd_i/v_axi4s_vid_out_0/inst/COUPLER_INST/generate_async_fifo.FIFO_INST/XPM_FIFO_ASYNC_INST/gnuram_async_fifo.xpm_fifo_base_inst/gen_cdc_pntr.rd_pntr_cdc_inst/dest_graysync_ff_reg[1][1]/C
                         clock pessimism              0.236    -0.566    
    SLICE_X103Y2         FDRE (Hold_fdre_C_D)         0.075    -0.491    VGA_source_bd_i/v_axi4s_vid_out_0/inst/COUPLER_INST/generate_async_fifo.FIFO_INST/XPM_FIFO_ASYNC_INST/gnuram_async_fifo.xpm_fifo_base_inst/gen_cdc_pntr.rd_pntr_cdc_inst/dest_graysync_ff_reg[1][1]
  -------------------------------------------------------------------
                         required time                          0.491    
                         arrival time                          -0.369    
  -------------------------------------------------------------------
                         slack                                  0.122    

Slack (MET) :             0.122ns  (arrival time - required time)
  Source:                 VGA_source_bd_i/v_axi4s_vid_out_0/inst/COUPLER_INST/generate_async_fifo.FIFO_INST/XPM_FIFO_ASYNC_INST/gnuram_async_fifo.xpm_fifo_base_inst/gen_cdc_pntr.rd_pntr_cdc_inst/dest_graysync_ff_reg[0][5]/C
                            (rising edge-triggered cell FDRE clocked by clk_out1_VGA_source_bd_clk_wiz_0_0  {rise@0.000ns fall@4.632ns period=9.263ns})
  Destination:            VGA_source_bd_i/v_axi4s_vid_out_0/inst/COUPLER_INST/generate_async_fifo.FIFO_INST/XPM_FIFO_ASYNC_INST/gnuram_async_fifo.xpm_fifo_base_inst/gen_cdc_pntr.rd_pntr_cdc_inst/dest_graysync_ff_reg[1][5]/D
                            (rising edge-triggered cell FDRE clocked by clk_out1_VGA_source_bd_clk_wiz_0_0  {rise@0.000ns fall@4.632ns period=9.263ns})
  Path Group:             clk_out1_VGA_source_bd_clk_wiz_0_0
  Path Type:              Hold (Min at Fast Process Corner)
  Requirement:            0.000ns  (clk_out1_VGA_source_bd_clk_wiz_0_0 rise@0.000ns - clk_out1_VGA_source_bd_clk_wiz_0_0 rise@0.000ns)
  Data Path Delay:        0.197ns  (logic 0.141ns (71.611%)  route 0.056ns (28.389%))
  Logic Levels:           0  
  Clock Path Skew:        0.000ns (DCD - SCD - CPR)
    Destination Clock Delay (DCD):    -0.802ns
    Source Clock Delay      (SCD):    -0.566ns
    Clock Pessimism Removal (CPR):    -0.236ns

    Location             Delay type                Incr(ns)  Path(ns)    Netlist Resource(s)
  -------------------------------------------------------------------    -------------------
                         (clock clk_out1_VGA_source_bd_clk_wiz_0_0 rise edge)
                                                      0.000     0.000 r  
    Y9                                                0.000     0.000 r  clk (IN)
                         net (fo=0)                   0.000     0.000    VGA_source_bd_i/clk_wiz_0/inst/clk_in1
    Y9                   IBUF (Prop_ibuf_I_O)         0.258     0.258 r  VGA_source_bd_i/clk_wiz_0/inst/clkin1_ibufg/O
                         net (fo=1, routed)           0.440     0.698    VGA_source_bd_i/clk_wiz_0/inst/clk_in1_VGA_source_bd_clk_wiz_0_0
    MMCME2_ADV_X0Y0      MMCME2_ADV (Prop_mmcme2_adv_CLKIN1_CLKOUT0)
                                                     -2.421    -1.722 r  VGA_source_bd_i/clk_wiz_0/inst/mmcm_adv_inst/CLKOUT0
                         net (fo=1, routed)           0.518    -1.204    VGA_source_bd_i/clk_wiz_0/inst/clk_out1_VGA_source_bd_clk_wiz_0_0
    BUFGCTRL_X0Y1        BUFG (Prop_bufg_I_O)         0.026    -1.178 r  VGA_source_bd_i/clk_wiz_0/inst/clkout1_buf/O
                         net (fo=246, routed)         0.613    -0.566    VGA_source_bd_i/v_axi4s_vid_out_0/inst/COUPLER_INST/generate_async_fifo.FIFO_INST/XPM_FIFO_ASYNC_INST/gnuram_async_fifo.xpm_fifo_base_inst/gen_cdc_pntr.rd_pntr_cdc_inst/dest_clk
    SLICE_X103Y0         FDRE                                         r  VGA_source_bd_i/v_axi4s_vid_out_0/inst/COUPLER_INST/generate_async_fifo.FIFO_INST/XPM_FIFO_ASYNC_INST/gnuram_async_fifo.xpm_fifo_base_inst/gen_cdc_pntr.rd_pntr_cdc_inst/dest_graysync_ff_reg[0][5]/C
  -------------------------------------------------------------------    -------------------
    SLICE_X103Y0         FDRE (Prop_fdre_C_Q)         0.141    -0.425 r  VGA_source_bd_i/v_axi4s_vid_out_0/inst/COUPLER_INST/generate_async_fifo.FIFO_INST/XPM_FIFO_ASYNC_INST/gnuram_async_fifo.xpm_fifo_base_inst/gen_cdc_pntr.rd_pntr_cdc_inst/dest_graysync_ff_reg[0][5]/Q
                         net (fo=1, routed)           0.056    -0.369    VGA_source_bd_i/v_axi4s_vid_out_0/inst/COUPLER_INST/generate_async_fifo.FIFO_INST/XPM_FIFO_ASYNC_INST/gnuram_async_fifo.xpm_fifo_base_inst/gen_cdc_pntr.rd_pntr_cdc_inst/dest_graysync_ff[0][5]
    SLICE_X103Y0         FDRE                                         r  VGA_source_bd_i/v_axi4s_vid_out_0/inst/COUPLER_INST/generate_async_fifo.FIFO_INST/XPM_FIFO_ASYNC_INST/gnuram_async_fifo.xpm_fifo_base_inst/gen_cdc_pntr.rd_pntr_cdc_inst/dest_graysync_ff_reg[1][5]/D
  -------------------------------------------------------------------    -------------------

                         (clock clk_out1_VGA_source_bd_clk_wiz_0_0 rise edge)
                                                      0.000     0.000 r  
    Y9                                                0.000     0.000 r  clk (IN)
                         net (fo=0)                   0.000     0.000    VGA_source_bd_i/clk_wiz_0/inst/clk_in1
    Y9                   IBUF (Prop_ibuf_I_O)         0.446     0.446 r  VGA_source_bd_i/clk_wiz_0/inst/clkin1_ibufg/O
                         net (fo=1, routed)           0.480     0.926    VGA_source_bd_i/clk_wiz_0/inst/clk_in1_VGA_source_bd_clk_wiz_0_0
    MMCME2_ADV_X0Y0      MMCME2_ADV (Prop_mmcme2_adv_CLKIN1_CLKOUT0)
                                                     -3.204    -2.278 r  VGA_source_bd_i/clk_wiz_0/inst/mmcm_adv_inst/CLKOUT0
                         net (fo=1, routed)           0.564    -1.714    VGA_source_bd_i/clk_wiz_0/inst/clk_out1_VGA_source_bd_clk_wiz_0_0
    BUFGCTRL_X0Y1        BUFG (Prop_bufg_I_O)         0.029    -1.685 r  VGA_source_bd_i/clk_wiz_0/inst/clkout1_buf/O
                         net (fo=246, routed)         0.883    -0.802    VGA_source_bd_i/v_axi4s_vid_out_0/inst/COUPLER_INST/generate_async_fifo.FIFO_INST/XPM_FIFO_ASYNC_INST/gnuram_async_fifo.xpm_fifo_base_inst/gen_cdc_pntr.rd_pntr_cdc_inst/dest_clk
    SLICE_X103Y0         FDRE                                         r  VGA_source_bd_i/v_axi4s_vid_out_0/inst/COUPLER_INST/generate_async_fifo.FIFO_INST/XPM_FIFO_ASYNC_INST/gnuram_async_fifo.xpm_fifo_base_inst/gen_cdc_pntr.rd_pntr_cdc_inst/dest_graysync_ff_reg[1][5]/C
                         clock pessimism              0.236    -0.566    
    SLICE_X103Y0         FDRE (Hold_fdre_C_D)         0.075    -0.491    VGA_source_bd_i/v_axi4s_vid_out_0/inst/COUPLER_INST/generate_async_fifo.FIFO_INST/XPM_FIFO_ASYNC_INST/gnuram_async_fifo.xpm_fifo_base_inst/gen_cdc_pntr.rd_pntr_cdc_inst/dest_graysync_ff_reg[1][5]
  -------------------------------------------------------------------
                         required time                          0.491    
                         arrival time                          -0.369    
  -------------------------------------------------------------------
                         slack                                  0.122    





Pulse Width Checks
--------------------------------------------------------------------------------------
Clock Name:         clk_out1_VGA_source_bd_clk_wiz_0_0
Waveform(ns):       { 0.000 4.632 }
Period(ns):         9.263
Sources:            { VGA_source_bd_i/clk_wiz_0/inst/mmcm_adv_inst/CLKOUT0 }

Check Type        Corner  Lib Pin             Reference Pin  Required(ns)  Actual(ns)  Slack(ns)  Location         Pin
Min Period        n/a     RAMB18E1/CLKBWRCLK  n/a            2.576         9.263       6.687      RAMB18_X4Y3      VGA_source_bd_i/v_vid_in_axi4s_0/inst/COUPLER_INST/generate_async_fifo.FIFO_INST/XPM_FIFO_ASYNC_INST/gnuram_async_fifo.xpm_fifo_base_inst/gen_sdpram.xpm_memory_base_inst/gen_wr_a.gen_word_narrow.mem_reg/CLKBWRCLK
Min Period        n/a     RAMB18E1/CLKARDCLK  n/a            2.576         9.263       6.687      RAMB18_X4Y2      VGA_source_bd_i/v_axi4s_vid_out_0/inst/COUPLER_INST/generate_async_fifo.FIFO_INST/XPM_FIFO_ASYNC_INST/gnuram_async_fifo.xpm_fifo_base_inst/gen_sdpram.xpm_memory_base_inst/gen_wr_a.gen_word_narrow.mem_reg/CLKARDCLK
Min Period        n/a     BUFG/I              n/a            2.155         9.263       7.108      BUFGCTRL_X0Y1    VGA_source_bd_i/clk_wiz_0/inst/clkout1_buf/I
Min Period        n/a     MMCME2_ADV/CLKOUT0  n/a            1.249         9.263       8.014      MMCME2_ADV_X0Y0  VGA_source_bd_i/clk_wiz_0/inst/mmcm_adv_inst/CLKOUT0
Min Period        n/a     FDRE/C              n/a            1.000         9.263       8.263      SLICE_X86Y2      VGA_source_bd_i/v_vid_in_axi4s_0/inst/COUPLER_INST/generate_async_fifo.FIFO_INST/XPM_FIFO_ASYNC_INST/gnuram_async_fifo.xpm_fifo_base_inst/gen_cdc_pntr.wpr_gray_reg/reg_out_i_reg[0]/C
Min Period        n/a     FDRE/C              n/a            1.000         9.263       8.263      SLICE_X86Y2      VGA_source_bd_i/v_vid_in_axi4s_0/inst/COUPLER_INST/generate_async_fifo.FIFO_INST/XPM_FIFO_ASYNC_INST/gnuram_async_fifo.xpm_fifo_base_inst/gen_cdc_pntr.wpr_gray_reg/reg_out_i_reg[1]/C
Min Period        n/a     FDRE/C              n/a            1.000         9.263       8.263      SLICE_X86Y2      VGA_source_bd_i/v_vid_in_axi4s_0/inst/COUPLER_INST/generate_async_fifo.FIFO_INST/XPM_FIFO_ASYNC_INST/gnuram_async_fifo.xpm_fifo_base_inst/gen_cdc_pntr.wpr_gray_reg/reg_out_i_reg[2]/C
Min Period        n/a     FDRE/C              n/a            1.000         9.263       8.263      SLICE_X86Y2      VGA_source_bd_i/v_vid_in_axi4s_0/inst/COUPLER_INST/generate_async_fifo.FIFO_INST/XPM_FIFO_ASYNC_INST/gnuram_async_fifo.xpm_fifo_base_inst/gen_cdc_pntr.wpr_gray_reg/reg_out_i_reg[3]/C
Min Period        n/a     FDRE/C              n/a            1.000         9.263       8.263      SLICE_X87Y2      VGA_source_bd_i/v_vid_in_axi4s_0/inst/COUPLER_INST/generate_async_fifo.FIFO_INST/XPM_FIFO_ASYNC_INST/gnuram_async_fifo.xpm_fifo_base_inst/gen_cdc_pntr.wpr_gray_reg/reg_out_i_reg[4]/C
Min Period        n/a     FDRE/C              n/a            1.000         9.263       8.263      SLICE_X87Y3      VGA_source_bd_i/v_vid_in_axi4s_0/inst/COUPLER_INST/generate_async_fifo.FIFO_INST/XPM_FIFO_ASYNC_INST/gnuram_async_fifo.xpm_fifo_base_inst/gen_cdc_pntr.wpr_gray_reg/reg_out_i_reg[5]/C
Max Period        n/a     MMCME2_ADV/CLKOUT0  n/a            213.360       9.263       204.097    MMCME2_ADV_X0Y0  VGA_source_bd_i/clk_wiz_0/inst/mmcm_adv_inst/CLKOUT0
Low Pulse Width   Fast    SRL16E/CLK          n/a            0.980         4.632       3.652      SLICE_X108Y6     VGA_source_bd_i/proc_sys_reset_0/U0/EXT_LPF/POR_SRL_I/CLK
Low Pulse Width   Slow    SRL16E/CLK          n/a            0.980         4.632       3.652      SLICE_X108Y6     VGA_source_bd_i/proc_sys_reset_0/U0/EXT_LPF/POR_SRL_I/CLK
Low Pulse Width   Slow    FDRE/C              n/a            0.500         4.632       4.132      SLICE_X98Y3      VGA_source_bd_i/v_axi4s_vid_out_0/inst/COUPLER_INST/generate_async_fifo.FIFO_INST/XPM_FIFO_ASYNC_INST/gnuram_async_fifo.xpm_fifo_base_inst/rst_d1_inst/d_out_reg/C
Low Pulse Width   Slow    FDRE/C              n/a            0.500         4.632       4.132      SLICE_X98Y6      VGA_source_bd_i/v_vid_in_axi4s_0/inst/COUPLER_INST/generate_async_fifo.FIFO_INST/XPM_FIFO_ASYNC_INST/gnuram_async_fifo.xpm_fifo_base_inst/xpm_fifo_rst_inst/FSM_sequential_gen_rst_ic.curr_rrst_state_reg[0]/C
Low Pulse Width   Slow    FDRE/C              n/a            0.500         4.632       4.132      SLICE_X98Y6      VGA_source_bd_i/v_vid_in_axi4s_0/inst/COUPLER_INST/generate_async_fifo.FIFO_INST/XPM_FIFO_ASYNC_INST/gnuram_async_fifo.xpm_fifo_base_inst/xpm_fifo_rst_inst/FSM_sequential_gen_rst_ic.curr_rrst_state_reg[1]/C
Low Pulse Width   Slow    FDRE/C              n/a            0.500         4.632       4.132      SLICE_X98Y3      VGA_source_bd_i/v_vid_in_axi4s_0/inst/COUPLER_INST/generate_async_fifo.FIFO_INST/XPM_FIFO_ASYNC_INST/gnuram_async_fifo.xpm_fifo_base_inst/xpm_fifo_rst_inst/gen_rst_ic.fifo_rd_rst_ic_reg/C
Low Pulse Width   Slow    FDRE/C              n/a            0.500         4.632       4.132      SLICE_X99Y6      VGA_source_bd_i/v_vid_in_axi4s_0/inst/COUPLER_INST/generate_async_fifo.FIFO_INST/XPM_FIFO_ASYNC_INST/gnuram_async_fifo.xpm_fifo_base_inst/xpm_fifo_rst_inst/gen_rst_ic.wrst_rd_inst/syncstages_ff_reg[0]/C
Low Pulse Width   Slow    FDRE/C              n/a            0.500         4.632       4.132      SLICE_X99Y6      VGA_source_bd_i/v_vid_in_axi4s_0/inst/COUPLER_INST/generate_async_fifo.FIFO_INST/XPM_FIFO_ASYNC_INST/gnuram_async_fifo.xpm_fifo_base_inst/xpm_fifo_rst_inst/gen_rst_ic.wrst_rd_inst/syncstages_ff_reg[1]/C
Low Pulse Width   Slow    FDRE/C              n/a            0.500         4.632       4.132      SLICE_X99Y6      VGA_source_bd_i/v_vid_in_axi4s_0/inst/COUPLER_INST/generate_async_fifo.FIFO_INST/XPM_FIFO_ASYNC_INST/gnuram_async_fifo.xpm_fifo_base_inst/xpm_fifo_rst_inst/gen_rst_ic.wrst_rd_inst/syncstages_ff_reg[2]/C
Low Pulse Width   Slow    FDRE/C              n/a            0.500         4.632       4.132      SLICE_X99Y6      VGA_source_bd_i/v_vid_in_axi4s_0/inst/COUPLER_INST/generate_async_fifo.FIFO_INST/XPM_FIFO_ASYNC_INST/gnuram_async_fifo.xpm_fifo_base_inst/xpm_fifo_rst_inst/gen_rst_ic.wrst_rd_inst/syncstages_ff_reg[3]/C
High Pulse Width  Slow    SRL16E/CLK          n/a            0.980         4.632       3.652      SLICE_X108Y6     VGA_source_bd_i/proc_sys_reset_0/U0/EXT_LPF/POR_SRL_I/CLK
High Pulse Width  Fast    SRL16E/CLK          n/a            0.980         4.632       3.652      SLICE_X108Y6     VGA_source_bd_i/proc_sys_reset_0/U0/EXT_LPF/POR_SRL_I/CLK
High Pulse Width  Fast    FDRE/C              n/a            0.500         4.632       4.132      SLICE_X86Y2      VGA_source_bd_i/v_vid_in_axi4s_0/inst/COUPLER_INST/generate_async_fifo.FIFO_INST/XPM_FIFO_ASYNC_INST/gnuram_async_fifo.xpm_fifo_base_inst/gen_cdc_pntr.wpr_gray_reg/reg_out_i_reg[0]/C
High Pulse Width  Fast    FDRE/C              n/a            0.500         4.632       4.132      SLICE_X86Y2      VGA_source_bd_i/v_vid_in_axi4s_0/inst/COUPLER_INST/generate_async_fifo.FIFO_INST/XPM_FIFO_ASYNC_INST/gnuram_async_fifo.xpm_fifo_base_inst/gen_cdc_pntr.wpr_gray_reg/reg_out_i_reg[1]/C
High Pulse Width  Fast    FDRE/C              n/a            0.500         4.632       4.132      SLICE_X86Y2      VGA_source_bd_i/v_vid_in_axi4s_0/inst/COUPLER_INST/generate_async_fifo.FIFO_INST/XPM_FIFO_ASYNC_INST/gnuram_async_fifo.xpm_fifo_base_inst/gen_cdc_pntr.wpr_gray_reg/reg_out_i_reg[2]/C
High Pulse Width  Fast    FDRE/C              n/a            0.500         4.632       4.132      SLICE_X86Y2      VGA_source_bd_i/v_vid_in_axi4s_0/inst/COUPLER_INST/generate_async_fifo.FIFO_INST/XPM_FIFO_ASYNC_INST/gnuram_async_fifo.xpm_fifo_base_inst/gen_cdc_pntr.wpr_gray_reg/reg_out_i_reg[3]/C
High Pulse Width  Fast    FDRE/C              n/a            0.500         4.632       4.132      SLICE_X87Y2      VGA_source_bd_i/v_vid_in_axi4s_0/inst/COUPLER_INST/generate_async_fifo.FIFO_INST/XPM_FIFO_ASYNC_INST/gnuram_async_fifo.xpm_fifo_base_inst/gen_cdc_pntr.wpr_gray_reg/reg_out_i_reg[4]/C
High Pulse Width  Fast    FDRE/C              n/a            0.500         4.632       4.132      SLICE_X89Y2      VGA_source_bd_i/v_vid_in_axi4s_0/inst/COUPLER_INST/generate_async_fifo.FIFO_INST/XPM_FIFO_ASYNC_INST/gnuram_async_fifo.xpm_fifo_base_inst/gen_cdc_pntr.wpr_gray_reg/reg_out_i_reg[8]/C
High Pulse Width  Fast    FDRE/C              n/a            0.500         4.632       4.132      SLICE_X88Y2      VGA_source_bd_i/v_vid_in_axi4s_0/inst/COUPLER_INST/generate_async_fifo.FIFO_INST/XPM_FIFO_ASYNC_INST/gnuram_async_fifo.xpm_fifo_base_inst/gen_cdc_pntr.wpr_gray_reg/reg_out_i_reg[9]/C
High Pulse Width  Fast    FDRE/C              n/a            0.500         4.632       4.132      SLICE_X85Y2      VGA_source_bd_i/v_vid_in_axi4s_0/inst/COUPLER_INST/generate_async_fifo.FIFO_INST/XPM_FIFO_ASYNC_INST/gnuram_async_fifo.xpm_fifo_base_inst/gen_cdc_pntr.wr_pntr_cdc_inst/dest_graysync_ff_reg[0][2]/C



---------------------------------------------------------------------------------------------------
From Clock:  clk_out2_VGA_source_bd_clk_wiz_0_0
  To Clock:  clk_out2_VGA_source_bd_clk_wiz_0_0

Setup :            0  Failing Endpoints,  Worst Slack       32.770ns,  Total Violation        0.000ns
Hold  :            0  Failing Endpoints,  Worst Slack        0.059ns,  Total Violation        0.000ns
PW    :            0  Failing Endpoints,  Worst Slack       18.809ns,  Total Violation        0.000ns
---------------------------------------------------------------------------------------------------


Max Delay Paths
--------------------------------------------------------------------------------------
Slack (MET) :             32.770ns  (required time - arrival time)
  Source:                 VGA_source_bd_i/rst_clk_wiz_0_107M/U0/ACTIVE_LOW_PR_OUT_DFF[0].FDRE_PER_N/C
                            (rising edge-triggered cell FDRE clocked by clk_out2_VGA_source_bd_clk_wiz_0_0  {rise@0.000ns fall@19.789ns period=39.579ns})
  Destination:            VGA_source_bd_i/v_tc_0/U0/U_TC_TOP/GEN_GENERATOR.U_TC_GEN/v_count_reg[0]/R
                            (rising edge-triggered cell FDRE clocked by clk_out2_VGA_source_bd_clk_wiz_0_0  {rise@0.000ns fall@19.789ns period=39.579ns})
  Path Group:             clk_out2_VGA_source_bd_clk_wiz_0_0
  Path Type:              Setup (Max at Slow Process Corner)
  Requirement:            39.579ns  (clk_out2_VGA_source_bd_clk_wiz_0_0 rise@39.579ns - clk_out2_VGA_source_bd_clk_wiz_0_0 rise@0.000ns)
  Data Path Delay:        6.040ns  (logic 1.090ns (18.046%)  route 4.950ns (81.954%))
  Logic Levels:           3  (LUT2=2 LUT3=1)
  Clock Path Skew:        -0.047ns (DCD - SCD + CPR)
    Destination Clock Delay (DCD):    -1.456ns = ( 38.123 - 39.579 ) 
    Source Clock Delay      (SCD):    -0.833ns
    Clock Pessimism Removal (CPR):    0.577ns
  Clock Uncertainty:      0.085ns  ((TSJ^2 + DJ^2)^1/2) / 2 + PE
    Total System Jitter     (TSJ):    0.071ns
    Discrete Jitter          (DJ):    0.155ns
    Phase Error              (PE):    0.000ns

    Location             Delay type                Incr(ns)  Path(ns)    Netlist Resource(s)
  -------------------------------------------------------------------    -------------------
                         (clock clk_out2_VGA_source_bd_clk_wiz_0_0 rise edge)
                                                      0.000     0.000 r  
    Y9                                                0.000     0.000 r  clk (IN)
                         net (fo=0)                   0.000     0.000    VGA_source_bd_i/clk_wiz_0/inst/clk_in1
    Y9                   IBUF (Prop_ibuf_I_O)         1.490     1.490 r  VGA_source_bd_i/clk_wiz_0/inst/clkin1_ibufg/O
                         net (fo=1, routed)           1.285     2.775    VGA_source_bd_i/clk_wiz_0/inst/clk_in1_VGA_source_bd_clk_wiz_0_0
    MMCME2_ADV_X0Y0      MMCME2_ADV (Prop_mmcme2_adv_CLKIN1_CLKOUT1)
                                                     -7.343    -4.568 r  VGA_source_bd_i/clk_wiz_0/inst/mmcm_adv_inst/CLKOUT1
                         net (fo=1, routed)           1.855    -2.713    VGA_source_bd_i/clk_wiz_0/inst/clk_out2_VGA_source_bd_clk_wiz_0_0
    BUFGCTRL_X0Y0        BUFG (Prop_bufg_I_O)         0.101    -2.612 r  VGA_source_bd_i/clk_wiz_0/inst/clkout2_buf/O
                         net (fo=1366, routed)        1.779    -0.833    VGA_source_bd_i/rst_clk_wiz_0_107M/U0/slowest_sync_clk
    SLICE_X99Y24         FDRE                                         r  VGA_source_bd_i/rst_clk_wiz_0_107M/U0/ACTIVE_LOW_PR_OUT_DFF[0].FDRE_PER_N/C
  -------------------------------------------------------------------    -------------------
    SLICE_X99Y24         FDRE (Prop_fdre_C_Q)         0.456    -0.377 f  VGA_source_bd_i/rst_clk_wiz_0_107M/U0/ACTIVE_LOW_PR_OUT_DFF[0].FDRE_PER_N/Q
                         net (fo=20, routed)          2.179     1.802    VGA_source_bd_i/v_tc_0/U0/U_TC_TOP/GEN_GENERATOR.U_TC_GEN/resetn_out
    SLICE_X101Y10        LUT2 (Prop_lut2_I0_O)        0.124     1.926 r  VGA_source_bd_i/v_tc_0/U0/U_TC_TOP/GEN_GENERATOR.U_TC_GEN/htotal[11]_i_1/O
                         net (fo=60, routed)          1.194     3.120    VGA_source_bd_i/v_tc_0/U0/U_TC_TOP/GEN_GENERATOR.U_TC_GEN/htotal[11]_i_1_n_0
    SLICE_X91Y12         LUT2 (Prop_lut2_I0_O)        0.149     3.269 r  VGA_source_bd_i/v_tc_0/U0/U_TC_TOP/GEN_GENERATOR.U_TC_GEN/fsync_out[0]_i_1/O
                         net (fo=25, routed)          0.799     4.067    VGA_source_bd_i/v_tc_0/U0/U_TC_TOP/GEN_GENERATOR.U_TC_GEN/p_3_in
    SLICE_X90Y12         LUT3 (Prop_lut3_I0_O)        0.361     4.428 r  VGA_source_bd_i/v_tc_0/U0/U_TC_TOP/GEN_GENERATOR.U_TC_GEN/v_count[0]_i_1/O
                         net (fo=12, routed)          0.779     5.208    VGA_source_bd_i/v_tc_0/U0/U_TC_TOP/GEN_GENERATOR.U_TC_GEN/v_count[0]_i_1_n_0
    SLICE_X91Y9          FDRE                                         r  VGA_source_bd_i/v_tc_0/U0/U_TC_TOP/GEN_GENERATOR.U_TC_GEN/v_count_reg[0]/R
  -------------------------------------------------------------------    -------------------

                         (clock clk_out2_VGA_source_bd_clk_wiz_0_0 rise edge)
                                                     39.579    39.579 r  
    Y9                                                0.000    39.579 r  clk (IN)
                         net (fo=0)                   0.000    39.579    VGA_source_bd_i/clk_wiz_0/inst/clk_in1
    Y9                   IBUF (Prop_ibuf_I_O)         1.420    40.999 r  VGA_source_bd_i/clk_wiz_0/inst/clkin1_ibufg/O
                         net (fo=1, routed)           1.162    42.161    VGA_source_bd_i/clk_wiz_0/inst/clk_in1_VGA_source_bd_clk_wiz_0_0
    MMCME2_ADV_X0Y0      MMCME2_ADV (Prop_mmcme2_adv_CLKIN1_CLKOUT1)
                                                     -7.438    34.723 r  VGA_source_bd_i/clk_wiz_0/inst/mmcm_adv_inst/CLKOUT1
                         net (fo=1, routed)           1.691    36.414    VGA_source_bd_i/clk_wiz_0/inst/clk_out2_VGA_source_bd_clk_wiz_0_0
    BUFGCTRL_X0Y0        BUFG (Prop_bufg_I_O)         0.091    36.505 r  VGA_source_bd_i/clk_wiz_0/inst/clkout2_buf/O
                         net (fo=1366, routed)        1.617    38.123    VGA_source_bd_i/v_tc_0/U0/U_TC_TOP/GEN_GENERATOR.U_TC_GEN/clk
    SLICE_X91Y9          FDRE                                         r  VGA_source_bd_i/v_tc_0/U0/U_TC_TOP/GEN_GENERATOR.U_TC_GEN/v_count_reg[0]/C
                         clock pessimism              0.577    38.699    
                         clock uncertainty           -0.085    38.614    
    SLICE_X91Y9          FDRE (Setup_fdre_C_R)       -0.636    37.978    VGA_source_bd_i/v_tc_0/U0/U_TC_TOP/GEN_GENERATOR.U_TC_GEN/v_count_reg[0]
  -------------------------------------------------------------------
                         required time                         37.978    
                         arrival time                          -5.208    
  -------------------------------------------------------------------
                         slack                                 32.770    

Slack (MET) :             32.770ns  (required time - arrival time)
  Source:                 VGA_source_bd_i/rst_clk_wiz_0_107M/U0/ACTIVE_LOW_PR_OUT_DFF[0].FDRE_PER_N/C
                            (rising edge-triggered cell FDRE clocked by clk_out2_VGA_source_bd_clk_wiz_0_0  {rise@0.000ns fall@19.789ns period=39.579ns})
  Destination:            VGA_source_bd_i/v_tc_0/U0/U_TC_TOP/GEN_GENERATOR.U_TC_GEN/v_count_reg[1]/R
                            (rising edge-triggered cell FDRE clocked by clk_out2_VGA_source_bd_clk_wiz_0_0  {rise@0.000ns fall@19.789ns period=39.579ns})
  Path Group:             clk_out2_VGA_source_bd_clk_wiz_0_0
  Path Type:              Setup (Max at Slow Process Corner)
  Requirement:            39.579ns  (clk_out2_VGA_source_bd_clk_wiz_0_0 rise@39.579ns - clk_out2_VGA_source_bd_clk_wiz_0_0 rise@0.000ns)
  Data Path Delay:        6.040ns  (logic 1.090ns (18.046%)  route 4.950ns (81.954%))
  Logic Levels:           3  (LUT2=2 LUT3=1)
  Clock Path Skew:        -0.047ns (DCD - SCD + CPR)
    Destination Clock Delay (DCD):    -1.456ns = ( 38.123 - 39.579 ) 
    Source Clock Delay      (SCD):    -0.833ns
    Clock Pessimism Removal (CPR):    0.577ns
  Clock Uncertainty:      0.085ns  ((TSJ^2 + DJ^2)^1/2) / 2 + PE
    Total System Jitter     (TSJ):    0.071ns
    Discrete Jitter          (DJ):    0.155ns
    Phase Error              (PE):    0.000ns

    Location             Delay type                Incr(ns)  Path(ns)    Netlist Resource(s)
  -------------------------------------------------------------------    -------------------
                         (clock clk_out2_VGA_source_bd_clk_wiz_0_0 rise edge)
                                                      0.000     0.000 r  
    Y9                                                0.000     0.000 r  clk (IN)
                         net (fo=0)                   0.000     0.000    VGA_source_bd_i/clk_wiz_0/inst/clk_in1
    Y9                   IBUF (Prop_ibuf_I_O)         1.490     1.490 r  VGA_source_bd_i/clk_wiz_0/inst/clkin1_ibufg/O
                         net (fo=1, routed)           1.285     2.775    VGA_source_bd_i/clk_wiz_0/inst/clk_in1_VGA_source_bd_clk_wiz_0_0
    MMCME2_ADV_X0Y0      MMCME2_ADV (Prop_mmcme2_adv_CLKIN1_CLKOUT1)
                                                     -7.343    -4.568 r  VGA_source_bd_i/clk_wiz_0/inst/mmcm_adv_inst/CLKOUT1
                         net (fo=1, routed)           1.855    -2.713    VGA_source_bd_i/clk_wiz_0/inst/clk_out2_VGA_source_bd_clk_wiz_0_0
    BUFGCTRL_X0Y0        BUFG (Prop_bufg_I_O)         0.101    -2.612 r  VGA_source_bd_i/clk_wiz_0/inst/clkout2_buf/O
                         net (fo=1366, routed)        1.779    -0.833    VGA_source_bd_i/rst_clk_wiz_0_107M/U0/slowest_sync_clk
    SLICE_X99Y24         FDRE                                         r  VGA_source_bd_i/rst_clk_wiz_0_107M/U0/ACTIVE_LOW_PR_OUT_DFF[0].FDRE_PER_N/C
  -------------------------------------------------------------------    -------------------
    SLICE_X99Y24         FDRE (Prop_fdre_C_Q)         0.456    -0.377 f  VGA_source_bd_i/rst_clk_wiz_0_107M/U0/ACTIVE_LOW_PR_OUT_DFF[0].FDRE_PER_N/Q
                         net (fo=20, routed)          2.179     1.802    VGA_source_bd_i/v_tc_0/U0/U_TC_TOP/GEN_GENERATOR.U_TC_GEN/resetn_out
    SLICE_X101Y10        LUT2 (Prop_lut2_I0_O)        0.124     1.926 r  VGA_source_bd_i/v_tc_0/U0/U_TC_TOP/GEN_GENERATOR.U_TC_GEN/htotal[11]_i_1/O
                         net (fo=60, routed)          1.194     3.120    VGA_source_bd_i/v_tc_0/U0/U_TC_TOP/GEN_GENERATOR.U_TC_GEN/htotal[11]_i_1_n_0
    SLICE_X91Y12         LUT2 (Prop_lut2_I0_O)        0.149     3.269 r  VGA_source_bd_i/v_tc_0/U0/U_TC_TOP/GEN_GENERATOR.U_TC_GEN/fsync_out[0]_i_1/O
                         net (fo=25, routed)          0.799     4.067    VGA_source_bd_i/v_tc_0/U0/U_TC_TOP/GEN_GENERATOR.U_TC_GEN/p_3_in
    SLICE_X90Y12         LUT3 (Prop_lut3_I0_O)        0.361     4.428 r  VGA_source_bd_i/v_tc_0/U0/U_TC_TOP/GEN_GENERATOR.U_TC_GEN/v_count[0]_i_1/O
                         net (fo=12, routed)          0.779     5.208    VGA_source_bd_i/v_tc_0/U0/U_TC_TOP/GEN_GENERATOR.U_TC_GEN/v_count[0]_i_1_n_0
    SLICE_X91Y9          FDRE                                         r  VGA_source_bd_i/v_tc_0/U0/U_TC_TOP/GEN_GENERATOR.U_TC_GEN/v_count_reg[1]/R
  -------------------------------------------------------------------    -------------------

                         (clock clk_out2_VGA_source_bd_clk_wiz_0_0 rise edge)
                                                     39.579    39.579 r  
    Y9                                                0.000    39.579 r  clk (IN)
                         net (fo=0)                   0.000    39.579    VGA_source_bd_i/clk_wiz_0/inst/clk_in1
    Y9                   IBUF (Prop_ibuf_I_O)         1.420    40.999 r  VGA_source_bd_i/clk_wiz_0/inst/clkin1_ibufg/O
                         net (fo=1, routed)           1.162    42.161    VGA_source_bd_i/clk_wiz_0/inst/clk_in1_VGA_source_bd_clk_wiz_0_0
    MMCME2_ADV_X0Y0      MMCME2_ADV (Prop_mmcme2_adv_CLKIN1_CLKOUT1)
                                                     -7.438    34.723 r  VGA_source_bd_i/clk_wiz_0/inst/mmcm_adv_inst/CLKOUT1
                         net (fo=1, routed)           1.691    36.414    VGA_source_bd_i/clk_wiz_0/inst/clk_out2_VGA_source_bd_clk_wiz_0_0
    BUFGCTRL_X0Y0        BUFG (Prop_bufg_I_O)         0.091    36.505 r  VGA_source_bd_i/clk_wiz_0/inst/clkout2_buf/O
                         net (fo=1366, routed)        1.617    38.123    VGA_source_bd_i/v_tc_0/U0/U_TC_TOP/GEN_GENERATOR.U_TC_GEN/clk
    SLICE_X91Y9          FDRE                                         r  VGA_source_bd_i/v_tc_0/U0/U_TC_TOP/GEN_GENERATOR.U_TC_GEN/v_count_reg[1]/C
                         clock pessimism              0.577    38.699    
                         clock uncertainty           -0.085    38.614    
    SLICE_X91Y9          FDRE (Setup_fdre_C_R)       -0.636    37.978    VGA_source_bd_i/v_tc_0/U0/U_TC_TOP/GEN_GENERATOR.U_TC_GEN/v_count_reg[1]
  -------------------------------------------------------------------
                         required time                         37.978    
                         arrival time                          -5.208    
  -------------------------------------------------------------------
                         slack                                 32.770    

Slack (MET) :             32.770ns  (required time - arrival time)
  Source:                 VGA_source_bd_i/rst_clk_wiz_0_107M/U0/ACTIVE_LOW_PR_OUT_DFF[0].FDRE_PER_N/C
                            (rising edge-triggered cell FDRE clocked by clk_out2_VGA_source_bd_clk_wiz_0_0  {rise@0.000ns fall@19.789ns period=39.579ns})
  Destination:            VGA_source_bd_i/v_tc_0/U0/U_TC_TOP/GEN_GENERATOR.U_TC_GEN/v_count_reg[2]/R
                            (rising edge-triggered cell FDRE clocked by clk_out2_VGA_source_bd_clk_wiz_0_0  {rise@0.000ns fall@19.789ns period=39.579ns})
  Path Group:             clk_out2_VGA_source_bd_clk_wiz_0_0
  Path Type:              Setup (Max at Slow Process Corner)
  Requirement:            39.579ns  (clk_out2_VGA_source_bd_clk_wiz_0_0 rise@39.579ns - clk_out2_VGA_source_bd_clk_wiz_0_0 rise@0.000ns)
  Data Path Delay:        6.040ns  (logic 1.090ns (18.046%)  route 4.950ns (81.954%))
  Logic Levels:           3  (LUT2=2 LUT3=1)
  Clock Path Skew:        -0.047ns (DCD - SCD + CPR)
    Destination Clock Delay (DCD):    -1.456ns = ( 38.123 - 39.579 ) 
    Source Clock Delay      (SCD):    -0.833ns
    Clock Pessimism Removal (CPR):    0.577ns
  Clock Uncertainty:      0.085ns  ((TSJ^2 + DJ^2)^1/2) / 2 + PE
    Total System Jitter     (TSJ):    0.071ns
    Discrete Jitter          (DJ):    0.155ns
    Phase Error              (PE):    0.000ns

    Location             Delay type                Incr(ns)  Path(ns)    Netlist Resource(s)
  -------------------------------------------------------------------    -------------------
                         (clock clk_out2_VGA_source_bd_clk_wiz_0_0 rise edge)
                                                      0.000     0.000 r  
    Y9                                                0.000     0.000 r  clk (IN)
                         net (fo=0)                   0.000     0.000    VGA_source_bd_i/clk_wiz_0/inst/clk_in1
    Y9                   IBUF (Prop_ibuf_I_O)         1.490     1.490 r  VGA_source_bd_i/clk_wiz_0/inst/clkin1_ibufg/O
                         net (fo=1, routed)           1.285     2.775    VGA_source_bd_i/clk_wiz_0/inst/clk_in1_VGA_source_bd_clk_wiz_0_0
    MMCME2_ADV_X0Y0      MMCME2_ADV (Prop_mmcme2_adv_CLKIN1_CLKOUT1)
                                                     -7.343    -4.568 r  VGA_source_bd_i/clk_wiz_0/inst/mmcm_adv_inst/CLKOUT1
                         net (fo=1, routed)           1.855    -2.713    VGA_source_bd_i/clk_wiz_0/inst/clk_out2_VGA_source_bd_clk_wiz_0_0
    BUFGCTRL_X0Y0        BUFG (Prop_bufg_I_O)         0.101    -2.612 r  VGA_source_bd_i/clk_wiz_0/inst/clkout2_buf/O
                         net (fo=1366, routed)        1.779    -0.833    VGA_source_bd_i/rst_clk_wiz_0_107M/U0/slowest_sync_clk
    SLICE_X99Y24         FDRE                                         r  VGA_source_bd_i/rst_clk_wiz_0_107M/U0/ACTIVE_LOW_PR_OUT_DFF[0].FDRE_PER_N/C
  -------------------------------------------------------------------    -------------------
    SLICE_X99Y24         FDRE (Prop_fdre_C_Q)         0.456    -0.377 f  VGA_source_bd_i/rst_clk_wiz_0_107M/U0/ACTIVE_LOW_PR_OUT_DFF[0].FDRE_PER_N/Q
                         net (fo=20, routed)          2.179     1.802    VGA_source_bd_i/v_tc_0/U0/U_TC_TOP/GEN_GENERATOR.U_TC_GEN/resetn_out
    SLICE_X101Y10        LUT2 (Prop_lut2_I0_O)        0.124     1.926 r  VGA_source_bd_i/v_tc_0/U0/U_TC_TOP/GEN_GENERATOR.U_TC_GEN/htotal[11]_i_1/O
                         net (fo=60, routed)          1.194     3.120    VGA_source_bd_i/v_tc_0/U0/U_TC_TOP/GEN_GENERATOR.U_TC_GEN/htotal[11]_i_1_n_0
    SLICE_X91Y12         LUT2 (Prop_lut2_I0_O)        0.149     3.269 r  VGA_source_bd_i/v_tc_0/U0/U_TC_TOP/GEN_GENERATOR.U_TC_GEN/fsync_out[0]_i_1/O
                         net (fo=25, routed)          0.799     4.067    VGA_source_bd_i/v_tc_0/U0/U_TC_TOP/GEN_GENERATOR.U_TC_GEN/p_3_in
    SLICE_X90Y12         LUT3 (Prop_lut3_I0_O)        0.361     4.428 r  VGA_source_bd_i/v_tc_0/U0/U_TC_TOP/GEN_GENERATOR.U_TC_GEN/v_count[0]_i_1/O
                         net (fo=12, routed)          0.779     5.208    VGA_source_bd_i/v_tc_0/U0/U_TC_TOP/GEN_GENERATOR.U_TC_GEN/v_count[0]_i_1_n_0
    SLICE_X91Y9          FDRE                                         r  VGA_source_bd_i/v_tc_0/U0/U_TC_TOP/GEN_GENERATOR.U_TC_GEN/v_count_reg[2]/R
  -------------------------------------------------------------------    -------------------

                         (clock clk_out2_VGA_source_bd_clk_wiz_0_0 rise edge)
                                                     39.579    39.579 r  
    Y9                                                0.000    39.579 r  clk (IN)
                         net (fo=0)                   0.000    39.579    VGA_source_bd_i/clk_wiz_0/inst/clk_in1
    Y9                   IBUF (Prop_ibuf_I_O)         1.420    40.999 r  VGA_source_bd_i/clk_wiz_0/inst/clkin1_ibufg/O
                         net (fo=1, routed)           1.162    42.161    VGA_source_bd_i/clk_wiz_0/inst/clk_in1_VGA_source_bd_clk_wiz_0_0
    MMCME2_ADV_X0Y0      MMCME2_ADV (Prop_mmcme2_adv_CLKIN1_CLKOUT1)
                                                     -7.438    34.723 r  VGA_source_bd_i/clk_wiz_0/inst/mmcm_adv_inst/CLKOUT1
                         net (fo=1, routed)           1.691    36.414    VGA_source_bd_i/clk_wiz_0/inst/clk_out2_VGA_source_bd_clk_wiz_0_0
    BUFGCTRL_X0Y0        BUFG (Prop_bufg_I_O)         0.091    36.505 r  VGA_source_bd_i/clk_wiz_0/inst/clkout2_buf/O
                         net (fo=1366, routed)        1.617    38.123    VGA_source_bd_i/v_tc_0/U0/U_TC_TOP/GEN_GENERATOR.U_TC_GEN/clk
    SLICE_X91Y9          FDRE                                         r  VGA_source_bd_i/v_tc_0/U0/U_TC_TOP/GEN_GENERATOR.U_TC_GEN/v_count_reg[2]/C
                         clock pessimism              0.577    38.699    
                         clock uncertainty           -0.085    38.614    
    SLICE_X91Y9          FDRE (Setup_fdre_C_R)       -0.636    37.978    VGA_source_bd_i/v_tc_0/U0/U_TC_TOP/GEN_GENERATOR.U_TC_GEN/v_count_reg[2]
  -------------------------------------------------------------------
                         required time                         37.978    
                         arrival time                          -5.208    
  -------------------------------------------------------------------
                         slack                                 32.770    

Slack (MET) :             32.770ns  (required time - arrival time)
  Source:                 VGA_source_bd_i/rst_clk_wiz_0_107M/U0/ACTIVE_LOW_PR_OUT_DFF[0].FDRE_PER_N/C
                            (rising edge-triggered cell FDRE clocked by clk_out2_VGA_source_bd_clk_wiz_0_0  {rise@0.000ns fall@19.789ns period=39.579ns})
  Destination:            VGA_source_bd_i/v_tc_0/U0/U_TC_TOP/GEN_GENERATOR.U_TC_GEN/v_count_reg[3]/R
                            (rising edge-triggered cell FDRE clocked by clk_out2_VGA_source_bd_clk_wiz_0_0  {rise@0.000ns fall@19.789ns period=39.579ns})
  Path Group:             clk_out2_VGA_source_bd_clk_wiz_0_0
  Path Type:              Setup (Max at Slow Process Corner)
  Requirement:            39.579ns  (clk_out2_VGA_source_bd_clk_wiz_0_0 rise@39.579ns - clk_out2_VGA_source_bd_clk_wiz_0_0 rise@0.000ns)
  Data Path Delay:        6.040ns  (logic 1.090ns (18.046%)  route 4.950ns (81.954%))
  Logic Levels:           3  (LUT2=2 LUT3=1)
  Clock Path Skew:        -0.047ns (DCD - SCD + CPR)
    Destination Clock Delay (DCD):    -1.456ns = ( 38.123 - 39.579 ) 
    Source Clock Delay      (SCD):    -0.833ns
    Clock Pessimism Removal (CPR):    0.577ns
  Clock Uncertainty:      0.085ns  ((TSJ^2 + DJ^2)^1/2) / 2 + PE
    Total System Jitter     (TSJ):    0.071ns
    Discrete Jitter          (DJ):    0.155ns
    Phase Error              (PE):    0.000ns

    Location             Delay type                Incr(ns)  Path(ns)    Netlist Resource(s)
  -------------------------------------------------------------------    -------------------
                         (clock clk_out2_VGA_source_bd_clk_wiz_0_0 rise edge)
                                                      0.000     0.000 r  
    Y9                                                0.000     0.000 r  clk (IN)
                         net (fo=0)                   0.000     0.000    VGA_source_bd_i/clk_wiz_0/inst/clk_in1
    Y9                   IBUF (Prop_ibuf_I_O)         1.490     1.490 r  VGA_source_bd_i/clk_wiz_0/inst/clkin1_ibufg/O
                         net (fo=1, routed)           1.285     2.775    VGA_source_bd_i/clk_wiz_0/inst/clk_in1_VGA_source_bd_clk_wiz_0_0
    MMCME2_ADV_X0Y0      MMCME2_ADV (Prop_mmcme2_adv_CLKIN1_CLKOUT1)
                                                     -7.343    -4.568 r  VGA_source_bd_i/clk_wiz_0/inst/mmcm_adv_inst/CLKOUT1
                         net (fo=1, routed)           1.855    -2.713    VGA_source_bd_i/clk_wiz_0/inst/clk_out2_VGA_source_bd_clk_wiz_0_0
    BUFGCTRL_X0Y0        BUFG (Prop_bufg_I_O)         0.101    -2.612 r  VGA_source_bd_i/clk_wiz_0/inst/clkout2_buf/O
                         net (fo=1366, routed)        1.779    -0.833    VGA_source_bd_i/rst_clk_wiz_0_107M/U0/slowest_sync_clk
    SLICE_X99Y24         FDRE                                         r  VGA_source_bd_i/rst_clk_wiz_0_107M/U0/ACTIVE_LOW_PR_OUT_DFF[0].FDRE_PER_N/C
  -------------------------------------------------------------------    -------------------
    SLICE_X99Y24         FDRE (Prop_fdre_C_Q)         0.456    -0.377 f  VGA_source_bd_i/rst_clk_wiz_0_107M/U0/ACTIVE_LOW_PR_OUT_DFF[0].FDRE_PER_N/Q
                         net (fo=20, routed)          2.179     1.802    VGA_source_bd_i/v_tc_0/U0/U_TC_TOP/GEN_GENERATOR.U_TC_GEN/resetn_out
    SLICE_X101Y10        LUT2 (Prop_lut2_I0_O)        0.124     1.926 r  VGA_source_bd_i/v_tc_0/U0/U_TC_TOP/GEN_GENERATOR.U_TC_GEN/htotal[11]_i_1/O
                         net (fo=60, routed)          1.194     3.120    VGA_source_bd_i/v_tc_0/U0/U_TC_TOP/GEN_GENERATOR.U_TC_GEN/htotal[11]_i_1_n_0
    SLICE_X91Y12         LUT2 (Prop_lut2_I0_O)        0.149     3.269 r  VGA_source_bd_i/v_tc_0/U0/U_TC_TOP/GEN_GENERATOR.U_TC_GEN/fsync_out[0]_i_1/O
                         net (fo=25, routed)          0.799     4.067    VGA_source_bd_i/v_tc_0/U0/U_TC_TOP/GEN_GENERATOR.U_TC_GEN/p_3_in
    SLICE_X90Y12         LUT3 (Prop_lut3_I0_O)        0.361     4.428 r  VGA_source_bd_i/v_tc_0/U0/U_TC_TOP/GEN_GENERATOR.U_TC_GEN/v_count[0]_i_1/O
                         net (fo=12, routed)          0.779     5.208    VGA_source_bd_i/v_tc_0/U0/U_TC_TOP/GEN_GENERATOR.U_TC_GEN/v_count[0]_i_1_n_0
    SLICE_X91Y9          FDRE                                         r  VGA_source_bd_i/v_tc_0/U0/U_TC_TOP/GEN_GENERATOR.U_TC_GEN/v_count_reg[3]/R
  -------------------------------------------------------------------    -------------------

                         (clock clk_out2_VGA_source_bd_clk_wiz_0_0 rise edge)
                                                     39.579    39.579 r  
    Y9                                                0.000    39.579 r  clk (IN)
                         net (fo=0)                   0.000    39.579    VGA_source_bd_i/clk_wiz_0/inst/clk_in1
    Y9                   IBUF (Prop_ibuf_I_O)         1.420    40.999 r  VGA_source_bd_i/clk_wiz_0/inst/clkin1_ibufg/O
                         net (fo=1, routed)           1.162    42.161    VGA_source_bd_i/clk_wiz_0/inst/clk_in1_VGA_source_bd_clk_wiz_0_0
    MMCME2_ADV_X0Y0      MMCME2_ADV (Prop_mmcme2_adv_CLKIN1_CLKOUT1)
                                                     -7.438    34.723 r  VGA_source_bd_i/clk_wiz_0/inst/mmcm_adv_inst/CLKOUT1
                         net (fo=1, routed)           1.691    36.414    VGA_source_bd_i/clk_wiz_0/inst/clk_out2_VGA_source_bd_clk_wiz_0_0
    BUFGCTRL_X0Y0        BUFG (Prop_bufg_I_O)         0.091    36.505 r  VGA_source_bd_i/clk_wiz_0/inst/clkout2_buf/O
                         net (fo=1366, routed)        1.617    38.123    VGA_source_bd_i/v_tc_0/U0/U_TC_TOP/GEN_GENERATOR.U_TC_GEN/clk
    SLICE_X91Y9          FDRE                                         r  VGA_source_bd_i/v_tc_0/U0/U_TC_TOP/GEN_GENERATOR.U_TC_GEN/v_count_reg[3]/C
                         clock pessimism              0.577    38.699    
                         clock uncertainty           -0.085    38.614    
    SLICE_X91Y9          FDRE (Setup_fdre_C_R)       -0.636    37.978    VGA_source_bd_i/v_tc_0/U0/U_TC_TOP/GEN_GENERATOR.U_TC_GEN/v_count_reg[3]
  -------------------------------------------------------------------
                         required time                         37.978    
                         arrival time                          -5.208    
  -------------------------------------------------------------------
                         slack                                 32.770    

Slack (MET) :             32.913ns  (required time - arrival time)
  Source:                 VGA_source_bd_i/rst_clk_wiz_0_107M/U0/ACTIVE_LOW_PR_OUT_DFF[0].FDRE_PER_N/C
                            (rising edge-triggered cell FDRE clocked by clk_out2_VGA_source_bd_clk_wiz_0_0  {rise@0.000ns fall@19.789ns period=39.579ns})
  Destination:            VGA_source_bd_i/v_tc_0/U0/U_TC_TOP/GEN_GENERATOR.U_TC_GEN/v_count_reg[10]/R
                            (rising edge-triggered cell FDRE clocked by clk_out2_VGA_source_bd_clk_wiz_0_0  {rise@0.000ns fall@19.789ns period=39.579ns})
  Path Group:             clk_out2_VGA_source_bd_clk_wiz_0_0
  Path Type:              Setup (Max at Slow Process Corner)
  Requirement:            39.579ns  (clk_out2_VGA_source_bd_clk_wiz_0_0 rise@39.579ns - clk_out2_VGA_source_bd_clk_wiz_0_0 rise@0.000ns)
  Data Path Delay:        5.896ns  (logic 1.090ns (18.487%)  route 4.806ns (81.513%))
  Logic Levels:           3  (LUT2=2 LUT3=1)
  Clock Path Skew:        -0.048ns (DCD - SCD + CPR)
    Destination Clock Delay (DCD):    -1.457ns = ( 38.122 - 39.579 ) 
    Source Clock Delay      (SCD):    -0.833ns
    Clock Pessimism Removal (CPR):    0.577ns
  Clock Uncertainty:      0.085ns  ((TSJ^2 + DJ^2)^1/2) / 2 + PE
    Total System Jitter     (TSJ):    0.071ns
    Discrete Jitter          (DJ):    0.155ns
    Phase Error              (PE):    0.000ns

    Location             Delay type                Incr(ns)  Path(ns)    Netlist Resource(s)
  -------------------------------------------------------------------    -------------------
                         (clock clk_out2_VGA_source_bd_clk_wiz_0_0 rise edge)
                                                      0.000     0.000 r  
    Y9                                                0.000     0.000 r  clk (IN)
                         net (fo=0)                   0.000     0.000    VGA_source_bd_i/clk_wiz_0/inst/clk_in1
    Y9                   IBUF (Prop_ibuf_I_O)         1.490     1.490 r  VGA_source_bd_i/clk_wiz_0/inst/clkin1_ibufg/O
                         net (fo=1, routed)           1.285     2.775    VGA_source_bd_i/clk_wiz_0/inst/clk_in1_VGA_source_bd_clk_wiz_0_0
    MMCME2_ADV_X0Y0      MMCME2_ADV (Prop_mmcme2_adv_CLKIN1_CLKOUT1)
                                                     -7.343    -4.568 r  VGA_source_bd_i/clk_wiz_0/inst/mmcm_adv_inst/CLKOUT1
                         net (fo=1, routed)           1.855    -2.713    VGA_source_bd_i/clk_wiz_0/inst/clk_out2_VGA_source_bd_clk_wiz_0_0
    BUFGCTRL_X0Y0        BUFG (Prop_bufg_I_O)         0.101    -2.612 r  VGA_source_bd_i/clk_wiz_0/inst/clkout2_buf/O
                         net (fo=1366, routed)        1.779    -0.833    VGA_source_bd_i/rst_clk_wiz_0_107M/U0/slowest_sync_clk
    SLICE_X99Y24         FDRE                                         r  VGA_source_bd_i/rst_clk_wiz_0_107M/U0/ACTIVE_LOW_PR_OUT_DFF[0].FDRE_PER_N/C
  -------------------------------------------------------------------    -------------------
    SLICE_X99Y24         FDRE (Prop_fdre_C_Q)         0.456    -0.377 f  VGA_source_bd_i/rst_clk_wiz_0_107M/U0/ACTIVE_LOW_PR_OUT_DFF[0].FDRE_PER_N/Q
                         net (fo=20, routed)          2.179     1.802    VGA_source_bd_i/v_tc_0/U0/U_TC_TOP/GEN_GENERATOR.U_TC_GEN/resetn_out
    SLICE_X101Y10        LUT2 (Prop_lut2_I0_O)        0.124     1.926 r  VGA_source_bd_i/v_tc_0/U0/U_TC_TOP/GEN_GENERATOR.U_TC_GEN/htotal[11]_i_1/O
                         net (fo=60, routed)          1.194     3.120    VGA_source_bd_i/v_tc_0/U0/U_TC_TOP/GEN_GENERATOR.U_TC_GEN/htotal[11]_i_1_n_0
    SLICE_X91Y12         LUT2 (Prop_lut2_I0_O)        0.149     3.269 r  VGA_source_bd_i/v_tc_0/U0/U_TC_TOP/GEN_GENERATOR.U_TC_GEN/fsync_out[0]_i_1/O
                         net (fo=25, routed)          0.799     4.067    VGA_source_bd_i/v_tc_0/U0/U_TC_TOP/GEN_GENERATOR.U_TC_GEN/p_3_in
    SLICE_X90Y12         LUT3 (Prop_lut3_I0_O)        0.361     4.428 r  VGA_source_bd_i/v_tc_0/U0/U_TC_TOP/GEN_GENERATOR.U_TC_GEN/v_count[0]_i_1/O
                         net (fo=12, routed)          0.635     5.064    VGA_source_bd_i/v_tc_0/U0/U_TC_TOP/GEN_GENERATOR.U_TC_GEN/v_count[0]_i_1_n_0
    SLICE_X91Y11         FDRE                                         r  VGA_source_bd_i/v_tc_0/U0/U_TC_TOP/GEN_GENERATOR.U_TC_GEN/v_count_reg[10]/R
  -------------------------------------------------------------------    -------------------

                         (clock clk_out2_VGA_source_bd_clk_wiz_0_0 rise edge)
                                                     39.579    39.579 r  
    Y9                                                0.000    39.579 r  clk (IN)
                         net (fo=0)                   0.000    39.579    VGA_source_bd_i/clk_wiz_0/inst/clk_in1
    Y9                   IBUF (Prop_ibuf_I_O)         1.420    40.999 r  VGA_source_bd_i/clk_wiz_0/inst/clkin1_ibufg/O
                         net (fo=1, routed)           1.162    42.161    VGA_source_bd_i/clk_wiz_0/inst/clk_in1_VGA_source_bd_clk_wiz_0_0
    MMCME2_ADV_X0Y0      MMCME2_ADV (Prop_mmcme2_adv_CLKIN1_CLKOUT1)
                                                     -7.438    34.723 r  VGA_source_bd_i/clk_wiz_0/inst/mmcm_adv_inst/CLKOUT1
                         net (fo=1, routed)           1.691    36.414    VGA_source_bd_i/clk_wiz_0/inst/clk_out2_VGA_source_bd_clk_wiz_0_0
    BUFGCTRL_X0Y0        BUFG (Prop_bufg_I_O)         0.091    36.505 r  VGA_source_bd_i/clk_wiz_0/inst/clkout2_buf/O
                         net (fo=1366, routed)        1.616    38.122    VGA_source_bd_i/v_tc_0/U0/U_TC_TOP/GEN_GENERATOR.U_TC_GEN/clk
    SLICE_X91Y11         FDRE                                         r  VGA_source_bd_i/v_tc_0/U0/U_TC_TOP/GEN_GENERATOR.U_TC_GEN/v_count_reg[10]/C
                         clock pessimism              0.577    38.698    
                         clock uncertainty           -0.085    38.613    
    SLICE_X91Y11         FDRE (Setup_fdre_C_R)       -0.636    37.977    VGA_source_bd_i/v_tc_0/U0/U_TC_TOP/GEN_GENERATOR.U_TC_GEN/v_count_reg[10]
  -------------------------------------------------------------------
                         required time                         37.977    
                         arrival time                          -5.064    
  -------------------------------------------------------------------
                         slack                                 32.913    

Slack (MET) :             32.913ns  (required time - arrival time)
  Source:                 VGA_source_bd_i/rst_clk_wiz_0_107M/U0/ACTIVE_LOW_PR_OUT_DFF[0].FDRE_PER_N/C
                            (rising edge-triggered cell FDRE clocked by clk_out2_VGA_source_bd_clk_wiz_0_0  {rise@0.000ns fall@19.789ns period=39.579ns})
  Destination:            VGA_source_bd_i/v_tc_0/U0/U_TC_TOP/GEN_GENERATOR.U_TC_GEN/v_count_reg[11]/R
                            (rising edge-triggered cell FDRE clocked by clk_out2_VGA_source_bd_clk_wiz_0_0  {rise@0.000ns fall@19.789ns period=39.579ns})
  Path Group:             clk_out2_VGA_source_bd_clk_wiz_0_0
  Path Type:              Setup (Max at Slow Process Corner)
  Requirement:            39.579ns  (clk_out2_VGA_source_bd_clk_wiz_0_0 rise@39.579ns - clk_out2_VGA_source_bd_clk_wiz_0_0 rise@0.000ns)
  Data Path Delay:        5.896ns  (logic 1.090ns (18.487%)  route 4.806ns (81.513%))
  Logic Levels:           3  (LUT2=2 LUT3=1)
  Clock Path Skew:        -0.048ns (DCD - SCD + CPR)
    Destination Clock Delay (DCD):    -1.457ns = ( 38.122 - 39.579 ) 
    Source Clock Delay      (SCD):    -0.833ns
    Clock Pessimism Removal (CPR):    0.577ns
  Clock Uncertainty:      0.085ns  ((TSJ^2 + DJ^2)^1/2) / 2 + PE
    Total System Jitter     (TSJ):    0.071ns
    Discrete Jitter          (DJ):    0.155ns
    Phase Error              (PE):    0.000ns

    Location             Delay type                Incr(ns)  Path(ns)    Netlist Resource(s)
  -------------------------------------------------------------------    -------------------
                         (clock clk_out2_VGA_source_bd_clk_wiz_0_0 rise edge)
                                                      0.000     0.000 r  
    Y9                                                0.000     0.000 r  clk (IN)
                         net (fo=0)                   0.000     0.000    VGA_source_bd_i/clk_wiz_0/inst/clk_in1
    Y9                   IBUF (Prop_ibuf_I_O)         1.490     1.490 r  VGA_source_bd_i/clk_wiz_0/inst/clkin1_ibufg/O
                         net (fo=1, routed)           1.285     2.775    VGA_source_bd_i/clk_wiz_0/inst/clk_in1_VGA_source_bd_clk_wiz_0_0
    MMCME2_ADV_X0Y0      MMCME2_ADV (Prop_mmcme2_adv_CLKIN1_CLKOUT1)
                                                     -7.343    -4.568 r  VGA_source_bd_i/clk_wiz_0/inst/mmcm_adv_inst/CLKOUT1
                         net (fo=1, routed)           1.855    -2.713    VGA_source_bd_i/clk_wiz_0/inst/clk_out2_VGA_source_bd_clk_wiz_0_0
    BUFGCTRL_X0Y0        BUFG (Prop_bufg_I_O)         0.101    -2.612 r  VGA_source_bd_i/clk_wiz_0/inst/clkout2_buf/O
                         net (fo=1366, routed)        1.779    -0.833    VGA_source_bd_i/rst_clk_wiz_0_107M/U0/slowest_sync_clk
    SLICE_X99Y24         FDRE                                         r  VGA_source_bd_i/rst_clk_wiz_0_107M/U0/ACTIVE_LOW_PR_OUT_DFF[0].FDRE_PER_N/C
  -------------------------------------------------------------------    -------------------
    SLICE_X99Y24         FDRE (Prop_fdre_C_Q)         0.456    -0.377 f  VGA_source_bd_i/rst_clk_wiz_0_107M/U0/ACTIVE_LOW_PR_OUT_DFF[0].FDRE_PER_N/Q
                         net (fo=20, routed)          2.179     1.802    VGA_source_bd_i/v_tc_0/U0/U_TC_TOP/GEN_GENERATOR.U_TC_GEN/resetn_out
    SLICE_X101Y10        LUT2 (Prop_lut2_I0_O)        0.124     1.926 r  VGA_source_bd_i/v_tc_0/U0/U_TC_TOP/GEN_GENERATOR.U_TC_GEN/htotal[11]_i_1/O
                         net (fo=60, routed)          1.194     3.120    VGA_source_bd_i/v_tc_0/U0/U_TC_TOP/GEN_GENERATOR.U_TC_GEN/htotal[11]_i_1_n_0
    SLICE_X91Y12         LUT2 (Prop_lut2_I0_O)        0.149     3.269 r  VGA_source_bd_i/v_tc_0/U0/U_TC_TOP/GEN_GENERATOR.U_TC_GEN/fsync_out[0]_i_1/O
                         net (fo=25, routed)          0.799     4.067    VGA_source_bd_i/v_tc_0/U0/U_TC_TOP/GEN_GENERATOR.U_TC_GEN/p_3_in
    SLICE_X90Y12         LUT3 (Prop_lut3_I0_O)        0.361     4.428 r  VGA_source_bd_i/v_tc_0/U0/U_TC_TOP/GEN_GENERATOR.U_TC_GEN/v_count[0]_i_1/O
                         net (fo=12, routed)          0.635     5.064    VGA_source_bd_i/v_tc_0/U0/U_TC_TOP/GEN_GENERATOR.U_TC_GEN/v_count[0]_i_1_n_0
    SLICE_X91Y11         FDRE                                         r  VGA_source_bd_i/v_tc_0/U0/U_TC_TOP/GEN_GENERATOR.U_TC_GEN/v_count_reg[11]/R
  -------------------------------------------------------------------    -------------------

                         (clock clk_out2_VGA_source_bd_clk_wiz_0_0 rise edge)
                                                     39.579    39.579 r  
    Y9                                                0.000    39.579 r  clk (IN)
                         net (fo=0)                   0.000    39.579    VGA_source_bd_i/clk_wiz_0/inst/clk_in1
    Y9                   IBUF (Prop_ibuf_I_O)         1.420    40.999 r  VGA_source_bd_i/clk_wiz_0/inst/clkin1_ibufg/O
                         net (fo=1, routed)           1.162    42.161    VGA_source_bd_i/clk_wiz_0/inst/clk_in1_VGA_source_bd_clk_wiz_0_0
    MMCME2_ADV_X0Y0      MMCME2_ADV (Prop_mmcme2_adv_CLKIN1_CLKOUT1)
                                                     -7.438    34.723 r  VGA_source_bd_i/clk_wiz_0/inst/mmcm_adv_inst/CLKOUT1
                         net (fo=1, routed)           1.691    36.414    VGA_source_bd_i/clk_wiz_0/inst/clk_out2_VGA_source_bd_clk_wiz_0_0
    BUFGCTRL_X0Y0        BUFG (Prop_bufg_I_O)         0.091    36.505 r  VGA_source_bd_i/clk_wiz_0/inst/clkout2_buf/O
                         net (fo=1366, routed)        1.616    38.122    VGA_source_bd_i/v_tc_0/U0/U_TC_TOP/GEN_GENERATOR.U_TC_GEN/clk
    SLICE_X91Y11         FDRE                                         r  VGA_source_bd_i/v_tc_0/U0/U_TC_TOP/GEN_GENERATOR.U_TC_GEN/v_count_reg[11]/C
                         clock pessimism              0.577    38.698    
                         clock uncertainty           -0.085    38.613    
    SLICE_X91Y11         FDRE (Setup_fdre_C_R)       -0.636    37.977    VGA_source_bd_i/v_tc_0/U0/U_TC_TOP/GEN_GENERATOR.U_TC_GEN/v_count_reg[11]
  -------------------------------------------------------------------
                         required time                         37.977    
                         arrival time                          -5.064    
  -------------------------------------------------------------------
                         slack                                 32.913    

Slack (MET) :             32.913ns  (required time - arrival time)
  Source:                 VGA_source_bd_i/rst_clk_wiz_0_107M/U0/ACTIVE_LOW_PR_OUT_DFF[0].FDRE_PER_N/C
                            (rising edge-triggered cell FDRE clocked by clk_out2_VGA_source_bd_clk_wiz_0_0  {rise@0.000ns fall@19.789ns period=39.579ns})
  Destination:            VGA_source_bd_i/v_tc_0/U0/U_TC_TOP/GEN_GENERATOR.U_TC_GEN/v_count_reg[8]/R
                            (rising edge-triggered cell FDRE clocked by clk_out2_VGA_source_bd_clk_wiz_0_0  {rise@0.000ns fall@19.789ns period=39.579ns})
  Path Group:             clk_out2_VGA_source_bd_clk_wiz_0_0
  Path Type:              Setup (Max at Slow Process Corner)
  Requirement:            39.579ns  (clk_out2_VGA_source_bd_clk_wiz_0_0 rise@39.579ns - clk_out2_VGA_source_bd_clk_wiz_0_0 rise@0.000ns)
  Data Path Delay:        5.896ns  (logic 1.090ns (18.487%)  route 4.806ns (81.513%))
  Logic Levels:           3  (LUT2=2 LUT3=1)
  Clock Path Skew:        -0.048ns (DCD - SCD + CPR)
    Destination Clock Delay (DCD):    -1.457ns = ( 38.122 - 39.579 ) 
    Source Clock Delay      (SCD):    -0.833ns
    Clock Pessimism Removal (CPR):    0.577ns
  Clock Uncertainty:      0.085ns  ((TSJ^2 + DJ^2)^1/2) / 2 + PE
    Total System Jitter     (TSJ):    0.071ns
    Discrete Jitter          (DJ):    0.155ns
    Phase Error              (PE):    0.000ns

    Location             Delay type                Incr(ns)  Path(ns)    Netlist Resource(s)
  -------------------------------------------------------------------    -------------------
                         (clock clk_out2_VGA_source_bd_clk_wiz_0_0 rise edge)
                                                      0.000     0.000 r  
    Y9                                                0.000     0.000 r  clk (IN)
                         net (fo=0)                   0.000     0.000    VGA_source_bd_i/clk_wiz_0/inst/clk_in1
    Y9                   IBUF (Prop_ibuf_I_O)         1.490     1.490 r  VGA_source_bd_i/clk_wiz_0/inst/clkin1_ibufg/O
                         net (fo=1, routed)           1.285     2.775    VGA_source_bd_i/clk_wiz_0/inst/clk_in1_VGA_source_bd_clk_wiz_0_0
    MMCME2_ADV_X0Y0      MMCME2_ADV (Prop_mmcme2_adv_CLKIN1_CLKOUT1)
                                                     -7.343    -4.568 r  VGA_source_bd_i/clk_wiz_0/inst/mmcm_adv_inst/CLKOUT1
                         net (fo=1, routed)           1.855    -2.713    VGA_source_bd_i/clk_wiz_0/inst/clk_out2_VGA_source_bd_clk_wiz_0_0
    BUFGCTRL_X0Y0        BUFG (Prop_bufg_I_O)         0.101    -2.612 r  VGA_source_bd_i/clk_wiz_0/inst/clkout2_buf/O
                         net (fo=1366, routed)        1.779    -0.833    VGA_source_bd_i/rst_clk_wiz_0_107M/U0/slowest_sync_clk
    SLICE_X99Y24         FDRE                                         r  VGA_source_bd_i/rst_clk_wiz_0_107M/U0/ACTIVE_LOW_PR_OUT_DFF[0].FDRE_PER_N/C
  -------------------------------------------------------------------    -------------------
    SLICE_X99Y24         FDRE (Prop_fdre_C_Q)         0.456    -0.377 f  VGA_source_bd_i/rst_clk_wiz_0_107M/U0/ACTIVE_LOW_PR_OUT_DFF[0].FDRE_PER_N/Q
                         net (fo=20, routed)          2.179     1.802    VGA_source_bd_i/v_tc_0/U0/U_TC_TOP/GEN_GENERATOR.U_TC_GEN/resetn_out
    SLICE_X101Y10        LUT2 (Prop_lut2_I0_O)        0.124     1.926 r  VGA_source_bd_i/v_tc_0/U0/U_TC_TOP/GEN_GENERATOR.U_TC_GEN/htotal[11]_i_1/O
                         net (fo=60, routed)          1.194     3.120    VGA_source_bd_i/v_tc_0/U0/U_TC_TOP/GEN_GENERATOR.U_TC_GEN/htotal[11]_i_1_n_0
    SLICE_X91Y12         LUT2 (Prop_lut2_I0_O)        0.149     3.269 r  VGA_source_bd_i/v_tc_0/U0/U_TC_TOP/GEN_GENERATOR.U_TC_GEN/fsync_out[0]_i_1/O
                         net (fo=25, routed)          0.799     4.067    VGA_source_bd_i/v_tc_0/U0/U_TC_TOP/GEN_GENERATOR.U_TC_GEN/p_3_in
    SLICE_X90Y12         LUT3 (Prop_lut3_I0_O)        0.361     4.428 r  VGA_source_bd_i/v_tc_0/U0/U_TC_TOP/GEN_GENERATOR.U_TC_GEN/v_count[0]_i_1/O
                         net (fo=12, routed)          0.635     5.064    VGA_source_bd_i/v_tc_0/U0/U_TC_TOP/GEN_GENERATOR.U_TC_GEN/v_count[0]_i_1_n_0
    SLICE_X91Y11         FDRE                                         r  VGA_source_bd_i/v_tc_0/U0/U_TC_TOP/GEN_GENERATOR.U_TC_GEN/v_count_reg[8]/R
  -------------------------------------------------------------------    -------------------

                         (clock clk_out2_VGA_source_bd_clk_wiz_0_0 rise edge)
                                                     39.579    39.579 r  
    Y9                                                0.000    39.579 r  clk (IN)
                         net (fo=0)                   0.000    39.579    VGA_source_bd_i/clk_wiz_0/inst/clk_in1
    Y9                   IBUF (Prop_ibuf_I_O)         1.420    40.999 r  VGA_source_bd_i/clk_wiz_0/inst/clkin1_ibufg/O
                         net (fo=1, routed)           1.162    42.161    VGA_source_bd_i/clk_wiz_0/inst/clk_in1_VGA_source_bd_clk_wiz_0_0
    MMCME2_ADV_X0Y0      MMCME2_ADV (Prop_mmcme2_adv_CLKIN1_CLKOUT1)
                                                     -7.438    34.723 r  VGA_source_bd_i/clk_wiz_0/inst/mmcm_adv_inst/CLKOUT1
                         net (fo=1, routed)           1.691    36.414    VGA_source_bd_i/clk_wiz_0/inst/clk_out2_VGA_source_bd_clk_wiz_0_0
    BUFGCTRL_X0Y0        BUFG (Prop_bufg_I_O)         0.091    36.505 r  VGA_source_bd_i/clk_wiz_0/inst/clkout2_buf/O
                         net (fo=1366, routed)        1.616    38.122    VGA_source_bd_i/v_tc_0/U0/U_TC_TOP/GEN_GENERATOR.U_TC_GEN/clk
    SLICE_X91Y11         FDRE                                         r  VGA_source_bd_i/v_tc_0/U0/U_TC_TOP/GEN_GENERATOR.U_TC_GEN/v_count_reg[8]/C
                         clock pessimism              0.577    38.698    
                         clock uncertainty           -0.085    38.613    
    SLICE_X91Y11         FDRE (Setup_fdre_C_R)       -0.636    37.977    VGA_source_bd_i/v_tc_0/U0/U_TC_TOP/GEN_GENERATOR.U_TC_GEN/v_count_reg[8]
  -------------------------------------------------------------------
                         required time                         37.977    
                         arrival time                          -5.064    
  -------------------------------------------------------------------
                         slack                                 32.913    

Slack (MET) :             32.913ns  (required time - arrival time)
  Source:                 VGA_source_bd_i/rst_clk_wiz_0_107M/U0/ACTIVE_LOW_PR_OUT_DFF[0].FDRE_PER_N/C
                            (rising edge-triggered cell FDRE clocked by clk_out2_VGA_source_bd_clk_wiz_0_0  {rise@0.000ns fall@19.789ns period=39.579ns})
  Destination:            VGA_source_bd_i/v_tc_0/U0/U_TC_TOP/GEN_GENERATOR.U_TC_GEN/v_count_reg[9]/R
                            (rising edge-triggered cell FDRE clocked by clk_out2_VGA_source_bd_clk_wiz_0_0  {rise@0.000ns fall@19.789ns period=39.579ns})
  Path Group:             clk_out2_VGA_source_bd_clk_wiz_0_0
  Path Type:              Setup (Max at Slow Process Corner)
  Requirement:            39.579ns  (clk_out2_VGA_source_bd_clk_wiz_0_0 rise@39.579ns - clk_out2_VGA_source_bd_clk_wiz_0_0 rise@0.000ns)
  Data Path Delay:        5.896ns  (logic 1.090ns (18.487%)  route 4.806ns (81.513%))
  Logic Levels:           3  (LUT2=2 LUT3=1)
  Clock Path Skew:        -0.048ns (DCD - SCD + CPR)
    Destination Clock Delay (DCD):    -1.457ns = ( 38.122 - 39.579 ) 
    Source Clock Delay      (SCD):    -0.833ns
    Clock Pessimism Removal (CPR):    0.577ns
  Clock Uncertainty:      0.085ns  ((TSJ^2 + DJ^2)^1/2) / 2 + PE
    Total System Jitter     (TSJ):    0.071ns
    Discrete Jitter          (DJ):    0.155ns
    Phase Error              (PE):    0.000ns

    Location             Delay type                Incr(ns)  Path(ns)    Netlist Resource(s)
  -------------------------------------------------------------------    -------------------
                         (clock clk_out2_VGA_source_bd_clk_wiz_0_0 rise edge)
                                                      0.000     0.000 r  
    Y9                                                0.000     0.000 r  clk (IN)
                         net (fo=0)                   0.000     0.000    VGA_source_bd_i/clk_wiz_0/inst/clk_in1
    Y9                   IBUF (Prop_ibuf_I_O)         1.490     1.490 r  VGA_source_bd_i/clk_wiz_0/inst/clkin1_ibufg/O
                         net (fo=1, routed)           1.285     2.775    VGA_source_bd_i/clk_wiz_0/inst/clk_in1_VGA_source_bd_clk_wiz_0_0
    MMCME2_ADV_X0Y0      MMCME2_ADV (Prop_mmcme2_adv_CLKIN1_CLKOUT1)
                                                     -7.343    -4.568 r  VGA_source_bd_i/clk_wiz_0/inst/mmcm_adv_inst/CLKOUT1
                         net (fo=1, routed)           1.855    -2.713    VGA_source_bd_i/clk_wiz_0/inst/clk_out2_VGA_source_bd_clk_wiz_0_0
    BUFGCTRL_X0Y0        BUFG (Prop_bufg_I_O)         0.101    -2.612 r  VGA_source_bd_i/clk_wiz_0/inst/clkout2_buf/O
                         net (fo=1366, routed)        1.779    -0.833    VGA_source_bd_i/rst_clk_wiz_0_107M/U0/slowest_sync_clk
    SLICE_X99Y24         FDRE                                         r  VGA_source_bd_i/rst_clk_wiz_0_107M/U0/ACTIVE_LOW_PR_OUT_DFF[0].FDRE_PER_N/C
  -------------------------------------------------------------------    -------------------
    SLICE_X99Y24         FDRE (Prop_fdre_C_Q)         0.456    -0.377 f  VGA_source_bd_i/rst_clk_wiz_0_107M/U0/ACTIVE_LOW_PR_OUT_DFF[0].FDRE_PER_N/Q
                         net (fo=20, routed)          2.179     1.802    VGA_source_bd_i/v_tc_0/U0/U_TC_TOP/GEN_GENERATOR.U_TC_GEN/resetn_out
    SLICE_X101Y10        LUT2 (Prop_lut2_I0_O)        0.124     1.926 r  VGA_source_bd_i/v_tc_0/U0/U_TC_TOP/GEN_GENERATOR.U_TC_GEN/htotal[11]_i_1/O
                         net (fo=60, routed)          1.194     3.120    VGA_source_bd_i/v_tc_0/U0/U_TC_TOP/GEN_GENERATOR.U_TC_GEN/htotal[11]_i_1_n_0
    SLICE_X91Y12         LUT2 (Prop_lut2_I0_O)        0.149     3.269 r  VGA_source_bd_i/v_tc_0/U0/U_TC_TOP/GEN_GENERATOR.U_TC_GEN/fsync_out[0]_i_1/O
                         net (fo=25, routed)          0.799     4.067    VGA_source_bd_i/v_tc_0/U0/U_TC_TOP/GEN_GENERATOR.U_TC_GEN/p_3_in
    SLICE_X90Y12         LUT3 (Prop_lut3_I0_O)        0.361     4.428 r  VGA_source_bd_i/v_tc_0/U0/U_TC_TOP/GEN_GENERATOR.U_TC_GEN/v_count[0]_i_1/O
                         net (fo=12, routed)          0.635     5.064    VGA_source_bd_i/v_tc_0/U0/U_TC_TOP/GEN_GENERATOR.U_TC_GEN/v_count[0]_i_1_n_0
    SLICE_X91Y11         FDRE                                         r  VGA_source_bd_i/v_tc_0/U0/U_TC_TOP/GEN_GENERATOR.U_TC_GEN/v_count_reg[9]/R
  -------------------------------------------------------------------    -------------------

                         (clock clk_out2_VGA_source_bd_clk_wiz_0_0 rise edge)
                                                     39.579    39.579 r  
    Y9                                                0.000    39.579 r  clk (IN)
                         net (fo=0)                   0.000    39.579    VGA_source_bd_i/clk_wiz_0/inst/clk_in1
    Y9                   IBUF (Prop_ibuf_I_O)         1.420    40.999 r  VGA_source_bd_i/clk_wiz_0/inst/clkin1_ibufg/O
                         net (fo=1, routed)           1.162    42.161    VGA_source_bd_i/clk_wiz_0/inst/clk_in1_VGA_source_bd_clk_wiz_0_0
    MMCME2_ADV_X0Y0      MMCME2_ADV (Prop_mmcme2_adv_CLKIN1_CLKOUT1)
                                                     -7.438    34.723 r  VGA_source_bd_i/clk_wiz_0/inst/mmcm_adv_inst/CLKOUT1
                         net (fo=1, routed)           1.691    36.414    VGA_source_bd_i/clk_wiz_0/inst/clk_out2_VGA_source_bd_clk_wiz_0_0
    BUFGCTRL_X0Y0        BUFG (Prop_bufg_I_O)         0.091    36.505 r  VGA_source_bd_i/clk_wiz_0/inst/clkout2_buf/O
                         net (fo=1366, routed)        1.616    38.122    VGA_source_bd_i/v_tc_0/U0/U_TC_TOP/GEN_GENERATOR.U_TC_GEN/clk
    SLICE_X91Y11         FDRE                                         r  VGA_source_bd_i/v_tc_0/U0/U_TC_TOP/GEN_GENERATOR.U_TC_GEN/v_count_reg[9]/C
                         clock pessimism              0.577    38.698    
                         clock uncertainty           -0.085    38.613    
    SLICE_X91Y11         FDRE (Setup_fdre_C_R)       -0.636    37.977    VGA_source_bd_i/v_tc_0/U0/U_TC_TOP/GEN_GENERATOR.U_TC_GEN/v_count_reg[9]
  -------------------------------------------------------------------
                         required time                         37.977    
                         arrival time                          -5.064    
  -------------------------------------------------------------------
                         slack                                 32.913    

Slack (MET) :             32.998ns  (required time - arrival time)
  Source:                 VGA_source_bd_i/rst_clk_wiz_0_107M/U0/ACTIVE_LOW_PR_OUT_DFF[0].FDRE_PER_N/C
                            (rising edge-triggered cell FDRE clocked by clk_out2_VGA_source_bd_clk_wiz_0_0  {rise@0.000ns fall@19.789ns period=39.579ns})
  Destination:            VGA_source_bd_i/v_tc_1/U0/U_TC_TOP/GEN_DETECTION.U_tc_DET/DET_HBLANK.det_hblank_pol_change_reg/R
                            (rising edge-triggered cell FDRE clocked by clk_out2_VGA_source_bd_clk_wiz_0_0  {rise@0.000ns fall@19.789ns period=39.579ns})
  Path Group:             clk_out2_VGA_source_bd_clk_wiz_0_0
  Path Type:              Setup (Max at Slow Process Corner)
  Requirement:            39.579ns  (clk_out2_VGA_source_bd_clk_wiz_0_0 rise@39.579ns - clk_out2_VGA_source_bd_clk_wiz_0_0 rise@0.000ns)
  Data Path Delay:        5.704ns  (logic 0.608ns (10.658%)  route 5.096ns (89.342%))
  Logic Levels:           1  (LUT1=1)
  Clock Path Skew:        -0.043ns (DCD - SCD + CPR)
    Destination Clock Delay (DCD):    -1.452ns = ( 38.127 - 39.579 ) 
    Source Clock Delay      (SCD):    -0.833ns
    Clock Pessimism Removal (CPR):    0.577ns
  Clock Uncertainty:      0.085ns  ((TSJ^2 + DJ^2)^1/2) / 2 + PE
    Total System Jitter     (TSJ):    0.071ns
    Discrete Jitter          (DJ):    0.155ns
    Phase Error              (PE):    0.000ns

    Location             Delay type                Incr(ns)  Path(ns)    Netlist Resource(s)
  -------------------------------------------------------------------    -------------------
                         (clock clk_out2_VGA_source_bd_clk_wiz_0_0 rise edge)
                                                      0.000     0.000 r  
    Y9                                                0.000     0.000 r  clk (IN)
                         net (fo=0)                   0.000     0.000    VGA_source_bd_i/clk_wiz_0/inst/clk_in1
    Y9                   IBUF (Prop_ibuf_I_O)         1.490     1.490 r  VGA_source_bd_i/clk_wiz_0/inst/clkin1_ibufg/O
                         net (fo=1, routed)           1.285     2.775    VGA_source_bd_i/clk_wiz_0/inst/clk_in1_VGA_source_bd_clk_wiz_0_0
    MMCME2_ADV_X0Y0      MMCME2_ADV (Prop_mmcme2_adv_CLKIN1_CLKOUT1)
                                                     -7.343    -4.568 r  VGA_source_bd_i/clk_wiz_0/inst/mmcm_adv_inst/CLKOUT1
                         net (fo=1, routed)           1.855    -2.713    VGA_source_bd_i/clk_wiz_0/inst/clk_out2_VGA_source_bd_clk_wiz_0_0
    BUFGCTRL_X0Y0        BUFG (Prop_bufg_I_O)         0.101    -2.612 r  VGA_source_bd_i/clk_wiz_0/inst/clkout2_buf/O
                         net (fo=1366, routed)        1.779    -0.833    VGA_source_bd_i/rst_clk_wiz_0_107M/U0/slowest_sync_clk
    SLICE_X99Y24         FDRE                                         r  VGA_source_bd_i/rst_clk_wiz_0_107M/U0/ACTIVE_LOW_PR_OUT_DFF[0].FDRE_PER_N/C
  -------------------------------------------------------------------    -------------------
    SLICE_X99Y24         FDRE (Prop_fdre_C_Q)         0.456    -0.377 f  VGA_source_bd_i/rst_clk_wiz_0_107M/U0/ACTIVE_LOW_PR_OUT_DFF[0].FDRE_PER_N/Q
                         net (fo=20, routed)          0.975     0.599    VGA_source_bd_i/v_tc_1/U0/U_TC_TOP/GEN_DETECTION.U_tc_DET/resetn_out
    SLICE_X102Y23        LUT1 (Prop_lut1_I0_O)        0.152     0.751 r  VGA_source_bd_i/v_tc_1/U0/U_TC_TOP/GEN_DETECTION.U_tc_DET/DET_HBLANK.hblank_d_i_1/O
                         net (fo=182, routed)         4.121     4.872    VGA_source_bd_i/v_tc_1/U0/U_TC_TOP/GEN_DETECTION.U_tc_DET/DET_HBLANK.hblank_d_i_1_n_0
    SLICE_X102Y8         FDRE                                         r  VGA_source_bd_i/v_tc_1/U0/U_TC_TOP/GEN_DETECTION.U_tc_DET/DET_HBLANK.det_hblank_pol_change_reg/R
  -------------------------------------------------------------------    -------------------

                         (clock clk_out2_VGA_source_bd_clk_wiz_0_0 rise edge)
                                                     39.579    39.579 r  
    Y9                                                0.000    39.579 r  clk (IN)
                         net (fo=0)                   0.000    39.579    VGA_source_bd_i/clk_wiz_0/inst/clk_in1
    Y9                   IBUF (Prop_ibuf_I_O)         1.420    40.999 r  VGA_source_bd_i/clk_wiz_0/inst/clkin1_ibufg/O
                         net (fo=1, routed)           1.162    42.161    VGA_source_bd_i/clk_wiz_0/inst/clk_in1_VGA_source_bd_clk_wiz_0_0
    MMCME2_ADV_X0Y0      MMCME2_ADV (Prop_mmcme2_adv_CLKIN1_CLKOUT1)
                                                     -7.438    34.723 r  VGA_source_bd_i/clk_wiz_0/inst/mmcm_adv_inst/CLKOUT1
                         net (fo=1, routed)           1.691    36.414    VGA_source_bd_i/clk_wiz_0/inst/clk_out2_VGA_source_bd_clk_wiz_0_0
    BUFGCTRL_X0Y0        BUFG (Prop_bufg_I_O)         0.091    36.505 r  VGA_source_bd_i/clk_wiz_0/inst/clkout2_buf/O
                         net (fo=1366, routed)        1.621    38.127    VGA_source_bd_i/v_tc_1/U0/U_TC_TOP/GEN_DETECTION.U_tc_DET/clk
    SLICE_X102Y8         FDRE                                         r  VGA_source_bd_i/v_tc_1/U0/U_TC_TOP/GEN_DETECTION.U_tc_DET/DET_HBLANK.det_hblank_pol_change_reg/C
                         clock pessimism              0.577    38.703    
                         clock uncertainty           -0.085    38.618    
    SLICE_X102Y8         FDRE (Setup_fdre_C_R)       -0.748    37.870    VGA_source_bd_i/v_tc_1/U0/U_TC_TOP/GEN_DETECTION.U_tc_DET/DET_HBLANK.det_hblank_pol_change_reg
  -------------------------------------------------------------------
                         required time                         37.870    
                         arrival time                          -4.872    
  -------------------------------------------------------------------
                         slack                                 32.998    

Slack (MET) :             33.036ns  (required time - arrival time)
  Source:                 VGA_source_bd_i/v_tc_1/U0/U_TC_TOP/GEN_DETECTION.U_tc_DET/det_hactive_start_int_reg[0]/C
                            (rising edge-triggered cell FDRE clocked by clk_out2_VGA_source_bd_clk_wiz_0_0  {rise@0.000ns fall@19.789ns period=39.579ns})
  Destination:            VGA_source_bd_i/v_tc_1/U0/U_TC_TOP/GEN_DETECTION.U_tc_DET/det_v0active_start_hori_int2_reg[9]/D
                            (rising edge-triggered cell FDRE clocked by clk_out2_VGA_source_bd_clk_wiz_0_0  {rise@0.000ns fall@19.789ns period=39.579ns})
  Path Group:             clk_out2_VGA_source_bd_clk_wiz_0_0
  Path Type:              Setup (Max at Slow Process Corner)
  Requirement:            39.579ns  (clk_out2_VGA_source_bd_clk_wiz_0_0 rise@39.579ns - clk_out2_VGA_source_bd_clk_wiz_0_0 rise@0.000ns)
  Data Path Delay:        6.527ns  (logic 2.466ns (37.782%)  route 4.061ns (62.218%))
  Logic Levels:           6  (CARRY4=4 LUT4=2)
  Clock Path Skew:        0.007ns (DCD - SCD + CPR)
    Destination Clock Delay (DCD):    -1.384ns = ( 38.195 - 39.579 ) 
    Source Clock Delay      (SCD):    -0.815ns
    Clock Pessimism Removal (CPR):    0.577ns
  Clock Uncertainty:      0.085ns  ((TSJ^2 + DJ^2)^1/2) / 2 + PE
    Total System Jitter     (TSJ):    0.071ns
    Discrete Jitter          (DJ):    0.155ns
    Phase Error              (PE):    0.000ns

    Location             Delay type                Incr(ns)  Path(ns)    Netlist Resource(s)
  -------------------------------------------------------------------    -------------------
                         (clock clk_out2_VGA_source_bd_clk_wiz_0_0 rise edge)
                                                      0.000     0.000 r  
    Y9                                                0.000     0.000 r  clk (IN)
                         net (fo=0)                   0.000     0.000    VGA_source_bd_i/clk_wiz_0/inst/clk_in1
    Y9                   IBUF (Prop_ibuf_I_O)         1.490     1.490 r  VGA_source_bd_i/clk_wiz_0/inst/clkin1_ibufg/O
                         net (fo=1, routed)           1.285     2.775    VGA_source_bd_i/clk_wiz_0/inst/clk_in1_VGA_source_bd_clk_wiz_0_0
    MMCME2_ADV_X0Y0      MMCME2_ADV (Prop_mmcme2_adv_CLKIN1_CLKOUT1)
                                                     -7.343    -4.568 r  VGA_source_bd_i/clk_wiz_0/inst/mmcm_adv_inst/CLKOUT1
                         net (fo=1, routed)           1.855    -2.713    VGA_source_bd_i/clk_wiz_0/inst/clk_out2_VGA_source_bd_clk_wiz_0_0
    BUFGCTRL_X0Y0        BUFG (Prop_bufg_I_O)         0.101    -2.612 r  VGA_source_bd_i/clk_wiz_0/inst/clkout2_buf/O
                         net (fo=1366, routed)        1.797    -0.815    VGA_source_bd_i/v_tc_1/U0/U_TC_TOP/GEN_DETECTION.U_tc_DET/clk
    SLICE_X105Y11        FDRE                                         r  VGA_source_bd_i/v_tc_1/U0/U_TC_TOP/GEN_DETECTION.U_tc_DET/det_hactive_start_int_reg[0]/C
  -------------------------------------------------------------------    -------------------
    SLICE_X105Y11        FDRE (Prop_fdre_C_Q)         0.456    -0.359 r  VGA_source_bd_i/v_tc_1/U0/U_TC_TOP/GEN_DETECTION.U_tc_DET/det_hactive_start_int_reg[0]/Q
                         net (fo=16, routed)          2.718     2.359    VGA_source_bd_i/v_tc_1/U0/U_TC_TOP/GEN_DETECTION.U_tc_DET/det_hactive_start_int_reg_n_0_[0]
    SLICE_X108Y18        LUT4 (Prop_lut4_I0_O)        0.124     2.483 r  VGA_source_bd_i/v_tc_1/U0/U_TC_TOP/GEN_DETECTION.U_tc_DET/i__carry_i_8__1/O
                         net (fo=1, routed)           0.000     2.483    VGA_source_bd_i/v_tc_1/U0/U_TC_TOP/GEN_DETECTION.U_tc_DET/i__carry_i_8__1_n_0
    SLICE_X108Y18        CARRY4 (Prop_carry4_S[0]_CO[3])
                                                      0.513     2.996 r  VGA_source_bd_i/v_tc_1/U0/U_TC_TOP/GEN_DETECTION.U_tc_DET/ltOp_inferred__2/i__carry/CO[3]
                         net (fo=1, routed)           0.000     2.996    VGA_source_bd_i/v_tc_1/U0/U_TC_TOP/GEN_DETECTION.U_tc_DET/ltOp_inferred__2/i__carry_n_0
    SLICE_X108Y19        CARRY4 (Prop_carry4_CI_CO[1])
                                                      0.157     3.153 r  VGA_source_bd_i/v_tc_1/U0/U_TC_TOP/GEN_DETECTION.U_tc_DET/ltOp_inferred__2/i__carry__0/CO[1]
                         net (fo=13, routed)          1.343     4.496    VGA_source_bd_i/v_tc_1/U0/U_TC_TOP/GEN_DETECTION.U_tc_DET/ltOp_inferred__2/i__carry__0_n_2
    SLICE_X106Y16        LUT4 (Prop_lut4_I0_O)        0.332     4.828 r  VGA_source_bd_i/v_tc_1/U0/U_TC_TOP/GEN_DETECTION.U_tc_DET/det_v0active_start_hori_int20_carry__0_i_3/O
                         net (fo=1, routed)           0.000     4.828    VGA_source_bd_i/v_tc_1/U0/U_TC_TOP/GEN_DETECTION.U_tc_DET/det_v0active_start_hori_int20_carry__0_i_3_n_0
    SLICE_X106Y16        CARRY4 (Prop_carry4_S[1]_CO[3])
                                                      0.550     5.378 r  VGA_source_bd_i/v_tc_1/U0/U_TC_TOP/GEN_DETECTION.U_tc_DET/det_v0active_start_hori_int20_carry__0/CO[3]
                         net (fo=1, routed)           0.000     5.378    VGA_source_bd_i/v_tc_1/U0/U_TC_TOP/GEN_DETECTION.U_tc_DET/det_v0active_start_hori_int20_carry__0_n_0
    SLICE_X106Y17        CARRY4 (Prop_carry4_CI_O[1])
                                                      0.334     5.712 r  VGA_source_bd_i/v_tc_1/U0/U_TC_TOP/GEN_DETECTION.U_tc_DET/det_v0active_start_hori_int20_carry__1/O[1]
                         net (fo=1, routed)           0.000     5.712    VGA_source_bd_i/v_tc_1/U0/U_TC_TOP/GEN_DETECTION.U_tc_DET/det_v0active_start_hori_int2[9]
    SLICE_X106Y17        FDRE                                         r  VGA_source_bd_i/v_tc_1/U0/U_TC_TOP/GEN_DETECTION.U_tc_DET/det_v0active_start_hori_int2_reg[9]/D
  -------------------------------------------------------------------    -------------------

                         (clock clk_out2_VGA_source_bd_clk_wiz_0_0 rise edge)
                                                     39.579    39.579 r  
    Y9                                                0.000    39.579 r  clk (IN)
                         net (fo=0)                   0.000    39.579    VGA_source_bd_i/clk_wiz_0/inst/clk_in1
    Y9                   IBUF (Prop_ibuf_I_O)         1.420    40.999 r  VGA_source_bd_i/clk_wiz_0/inst/clkin1_ibufg/O
                         net (fo=1, routed)           1.162    42.161    VGA_source_bd_i/clk_wiz_0/inst/clk_in1_VGA_source_bd_clk_wiz_0_0
    MMCME2_ADV_X0Y0      MMCME2_ADV (Prop_mmcme2_adv_CLKIN1_CLKOUT1)
                                                     -7.438    34.723 r  VGA_source_bd_i/clk_wiz_0/inst/mmcm_adv_inst/CLKOUT1
                         net (fo=1, routed)           1.691    36.414    VGA_source_bd_i/clk_wiz_0/inst/clk_out2_VGA_source_bd_clk_wiz_0_0
    BUFGCTRL_X0Y0        BUFG (Prop_bufg_I_O)         0.091    36.505 r  VGA_source_bd_i/clk_wiz_0/inst/clkout2_buf/O
                         net (fo=1366, routed)        1.689    38.195    VGA_source_bd_i/v_tc_1/U0/U_TC_TOP/GEN_DETECTION.U_tc_DET/clk
    SLICE_X106Y17        FDRE                                         r  VGA_source_bd_i/v_tc_1/U0/U_TC_TOP/GEN_DETECTION.U_tc_DET/det_v0active_start_hori_int2_reg[9]/C
                         clock pessimism              0.577    38.771    
                         clock uncertainty           -0.085    38.686    
    SLICE_X106Y17        FDRE (Setup_fdre_C_D)        0.062    38.748    VGA_source_bd_i/v_tc_1/U0/U_TC_TOP/GEN_DETECTION.U_tc_DET/det_v0active_start_hori_int2_reg[9]
  -------------------------------------------------------------------
                         required time                         38.748    
                         arrival time                          -5.712    
  -------------------------------------------------------------------
                         slack                                 33.036    





Min Delay Paths
--------------------------------------------------------------------------------------
Slack (MET) :             0.059ns  (arrival time - required time)
  Source:                 VGA_source_bd_i/v_vid_in_axi4s_0/inst/FORMATTER_INST/field_id_3_reg/C
                            (rising edge-triggered cell FDRE clocked by clk_out2_VGA_source_bd_clk_wiz_0_0  {rise@0.000ns fall@19.789ns period=39.579ns})
  Destination:            VGA_source_bd_i/v_vid_in_axi4s_0/inst/COUPLER_INST/generate_async_fifo.FIFO_INST/XPM_FIFO_ASYNC_INST/gnuram_async_fifo.xpm_fifo_base_inst/gen_sdpram.xpm_memory_base_inst/gen_wr_a.gen_word_narrow.mem_reg/DIADI[10]
                            (rising edge-triggered cell RAMB18E1 clocked by clk_out2_VGA_source_bd_clk_wiz_0_0  {rise@0.000ns fall@19.789ns period=39.579ns})
  Path Group:             clk_out2_VGA_source_bd_clk_wiz_0_0
  Path Type:              Hold (Min at Fast Process Corner)
  Requirement:            0.000ns  (clk_out2_VGA_source_bd_clk_wiz_0_0 rise@0.000ns - clk_out2_VGA_source_bd_clk_wiz_0_0 rise@0.000ns)
  Data Path Delay:        0.434ns  (logic 0.164ns (37.814%)  route 0.270ns (62.186%))
  Logic Levels:           0  
  Clock Path Skew:        0.078ns (DCD - SCD - CPR)
    Destination Clock Delay (DCD):    -0.764ns
    Source Clock Delay      (SCD):    -0.570ns
    Clock Pessimism Removal (CPR):    -0.273ns

    Location             Delay type                Incr(ns)  Path(ns)    Netlist Resource(s)
  -------------------------------------------------------------------    -------------------
                         (clock clk_out2_VGA_source_bd_clk_wiz_0_0 rise edge)
                                                      0.000     0.000 r  
    Y9                                                0.000     0.000 r  clk (IN)
                         net (fo=0)                   0.000     0.000    VGA_source_bd_i/clk_wiz_0/inst/clk_in1
    Y9                   IBUF (Prop_ibuf_I_O)         0.258     0.258 r  VGA_source_bd_i/clk_wiz_0/inst/clkin1_ibufg/O
                         net (fo=1, routed)           0.440     0.698    VGA_source_bd_i/clk_wiz_0/inst/clk_in1_VGA_source_bd_clk_wiz_0_0
    MMCME2_ADV_X0Y0      MMCME2_ADV (Prop_mmcme2_adv_CLKIN1_CLKOUT1)
                                                     -2.421    -1.722 r  VGA_source_bd_i/clk_wiz_0/inst/mmcm_adv_inst/CLKOUT1
                         net (fo=1, routed)           0.518    -1.204    VGA_source_bd_i/clk_wiz_0/inst/clk_out2_VGA_source_bd_clk_wiz_0_0
    BUFGCTRL_X0Y0        BUFG (Prop_bufg_I_O)         0.026    -1.178 r  VGA_source_bd_i/clk_wiz_0/inst/clkout2_buf/O
                         net (fo=1366, routed)        0.609    -0.570    VGA_source_bd_i/v_vid_in_axi4s_0/inst/FORMATTER_INST/vid_io_in_clk
    SLICE_X94Y10         FDRE                                         r  VGA_source_bd_i/v_vid_in_axi4s_0/inst/FORMATTER_INST/field_id_3_reg/C
  -------------------------------------------------------------------    -------------------
    SLICE_X94Y10         FDRE (Prop_fdre_C_Q)         0.164    -0.406 r  VGA_source_bd_i/v_vid_in_axi4s_0/inst/FORMATTER_INST/field_id_3_reg/Q
                         net (fo=1, routed)           0.270    -0.136    VGA_source_bd_i/v_vid_in_axi4s_0/inst/COUPLER_INST/generate_async_fifo.FIFO_INST/XPM_FIFO_ASYNC_INST/gnuram_async_fifo.xpm_fifo_base_inst/gen_sdpram.xpm_memory_base_inst/dina[10]
    RAMB18_X4Y3          RAMB18E1                                     r  VGA_source_bd_i/v_vid_in_axi4s_0/inst/COUPLER_INST/generate_async_fifo.FIFO_INST/XPM_FIFO_ASYNC_INST/gnuram_async_fifo.xpm_fifo_base_inst/gen_sdpram.xpm_memory_base_inst/gen_wr_a.gen_word_narrow.mem_reg/DIADI[10]
  -------------------------------------------------------------------    -------------------

                         (clock clk_out2_VGA_source_bd_clk_wiz_0_0 rise edge)
                                                      0.000     0.000 r  
    Y9                                                0.000     0.000 r  clk (IN)
                         net (fo=0)                   0.000     0.000    VGA_source_bd_i/clk_wiz_0/inst/clk_in1
    Y9                   IBUF (Prop_ibuf_I_O)         0.446     0.446 r  VGA_source_bd_i/clk_wiz_0/inst/clkin1_ibufg/O
                         net (fo=1, routed)           0.480     0.926    VGA_source_bd_i/clk_wiz_0/inst/clk_in1_VGA_source_bd_clk_wiz_0_0
    MMCME2_ADV_X0Y0      MMCME2_ADV (Prop_mmcme2_adv_CLKIN1_CLKOUT1)
                                                     -3.204    -2.278 r  VGA_source_bd_i/clk_wiz_0/inst/mmcm_adv_inst/CLKOUT1
                         net (fo=1, routed)           0.564    -1.714    VGA_source_bd_i/clk_wiz_0/inst/clk_out2_VGA_source_bd_clk_wiz_0_0
    BUFGCTRL_X0Y0        BUFG (Prop_bufg_I_O)         0.029    -1.685 r  VGA_source_bd_i/clk_wiz_0/inst/clkout2_buf/O
                         net (fo=1366, routed)        0.920    -0.764    VGA_source_bd_i/v_vid_in_axi4s_0/inst/COUPLER_INST/generate_async_fifo.FIFO_INST/XPM_FIFO_ASYNC_INST/gnuram_async_fifo.xpm_fifo_base_inst/gen_sdpram.xpm_memory_base_inst/clka
    RAMB18_X4Y3          RAMB18E1                                     r  VGA_source_bd_i/v_vid_in_axi4s_0/inst/COUPLER_INST/generate_async_fifo.FIFO_INST/XPM_FIFO_ASYNC_INST/gnuram_async_fifo.xpm_fifo_base_inst/gen_sdpram.xpm_memory_base_inst/gen_wr_a.gen_word_narrow.mem_reg/CLKARDCLK
                         clock pessimism              0.273    -0.491    
    RAMB18_X4Y3          RAMB18E1 (Hold_ramb18e1_CLKARDCLK_DIADI[10])
                                                      0.296    -0.195    VGA_source_bd_i/v_vid_in_axi4s_0/inst/COUPLER_INST/generate_async_fifo.FIFO_INST/XPM_FIFO_ASYNC_INST/gnuram_async_fifo.xpm_fifo_base_inst/gen_sdpram.xpm_memory_base_inst/gen_wr_a.gen_word_narrow.mem_reg
  -------------------------------------------------------------------
                         required time                          0.195    
                         arrival time                          -0.136    
  -------------------------------------------------------------------
                         slack                                  0.059    

Slack (MET) :             0.094ns  (arrival time - required time)
  Source:                 VGA_source_bd_i/v_vid_in_axi4s_0/inst/COUPLER_INST/generate_async_fifo.FIFO_INST/XPM_FIFO_ASYNC_INST/gnuram_async_fifo.xpm_fifo_base_inst/wrp_inst/count_value_i_reg[8]/C
                            (rising edge-triggered cell FDRE clocked by clk_out2_VGA_source_bd_clk_wiz_0_0  {rise@0.000ns fall@19.789ns period=39.579ns})
  Destination:            VGA_source_bd_i/v_vid_in_axi4s_0/inst/COUPLER_INST/generate_async_fifo.FIFO_INST/XPM_FIFO_ASYNC_INST/gnuram_async_fifo.xpm_fifo_base_inst/gen_sdpram.xpm_memory_base_inst/gen_wr_a.gen_word_narrow.mem_reg/ADDRARDADDR[12]
                            (rising edge-triggered cell RAMB18E1 clocked by clk_out2_VGA_source_bd_clk_wiz_0_0  {rise@0.000ns fall@19.789ns period=39.579ns})
  Path Group:             clk_out2_VGA_source_bd_clk_wiz_0_0
  Path Type:              Hold (Min at Fast Process Corner)
  Requirement:            0.000ns  (clk_out2_VGA_source_bd_clk_wiz_0_0 rise@0.000ns - clk_out2_VGA_source_bd_clk_wiz_0_0 rise@0.000ns)
  Data Path Delay:        0.335ns  (logic 0.164ns (48.912%)  route 0.171ns (51.088%))
  Logic Levels:           0  
  Clock Path Skew:        0.058ns (DCD - SCD - CPR)
    Destination Clock Delay (DCD):    -0.764ns
    Source Clock Delay      (SCD):    -0.570ns
    Clock Pessimism Removal (CPR):    -0.253ns

    Location             Delay type                Incr(ns)  Path(ns)    Netlist Resource(s)
  -------------------------------------------------------------------    -------------------
                         (clock clk_out2_VGA_source_bd_clk_wiz_0_0 rise edge)
                                                      0.000     0.000 r  
    Y9                                                0.000     0.000 r  clk (IN)
                         net (fo=0)                   0.000     0.000    VGA_source_bd_i/clk_wiz_0/inst/clk_in1
    Y9                   IBUF (Prop_ibuf_I_O)         0.258     0.258 r  VGA_source_bd_i/clk_wiz_0/inst/clkin1_ibufg/O
                         net (fo=1, routed)           0.440     0.698    VGA_source_bd_i/clk_wiz_0/inst/clk_in1_VGA_source_bd_clk_wiz_0_0
    MMCME2_ADV_X0Y0      MMCME2_ADV (Prop_mmcme2_adv_CLKIN1_CLKOUT1)
                                                     -2.421    -1.722 r  VGA_source_bd_i/clk_wiz_0/inst/mmcm_adv_inst/CLKOUT1
                         net (fo=1, routed)           0.518    -1.204    VGA_source_bd_i/clk_wiz_0/inst/clk_out2_VGA_source_bd_clk_wiz_0_0
    BUFGCTRL_X0Y0        BUFG (Prop_bufg_I_O)         0.026    -1.178 r  VGA_source_bd_i/clk_wiz_0/inst/clkout2_buf/O
                         net (fo=1366, routed)        0.609    -0.570    VGA_source_bd_i/v_vid_in_axi4s_0/inst/COUPLER_INST/generate_async_fifo.FIFO_INST/XPM_FIFO_ASYNC_INST/gnuram_async_fifo.xpm_fifo_base_inst/wrp_inst/wr_clk
    SLICE_X90Y7          FDRE                                         r  VGA_source_bd_i/v_vid_in_axi4s_0/inst/COUPLER_INST/generate_async_fifo.FIFO_INST/XPM_FIFO_ASYNC_INST/gnuram_async_fifo.xpm_fifo_base_inst/wrp_inst/count_value_i_reg[8]/C
  -------------------------------------------------------------------    -------------------
    SLICE_X90Y7          FDRE (Prop_fdre_C_Q)         0.164    -0.406 r  VGA_source_bd_i/v_vid_in_axi4s_0/inst/COUPLER_INST/generate_async_fifo.FIFO_INST/XPM_FIFO_ASYNC_INST/gnuram_async_fifo.xpm_fifo_base_inst/wrp_inst/count_value_i_reg[8]/Q
                         net (fo=4, routed)           0.171    -0.234    VGA_source_bd_i/v_vid_in_axi4s_0/inst/COUPLER_INST/generate_async_fifo.FIFO_INST/XPM_FIFO_ASYNC_INST/gnuram_async_fifo.xpm_fifo_base_inst/gen_sdpram.xpm_memory_base_inst/addra[8]
    RAMB18_X4Y3          RAMB18E1                                     r  VGA_source_bd_i/v_vid_in_axi4s_0/inst/COUPLER_INST/generate_async_fifo.FIFO_INST/XPM_FIFO_ASYNC_INST/gnuram_async_fifo.xpm_fifo_base_inst/gen_sdpram.xpm_memory_base_inst/gen_wr_a.gen_word_narrow.mem_reg/ADDRARDADDR[12]
  -------------------------------------------------------------------    -------------------

                         (clock clk_out2_VGA_source_bd_clk_wiz_0_0 rise edge)
                                                      0.000     0.000 r  
    Y9                                                0.000     0.000 r  clk (IN)
                         net (fo=0)                   0.000     0.000    VGA_source_bd_i/clk_wiz_0/inst/clk_in1
    Y9                   IBUF (Prop_ibuf_I_O)         0.446     0.446 r  VGA_source_bd_i/clk_wiz_0/inst/clkin1_ibufg/O
                         net (fo=1, routed)           0.480     0.926    VGA_source_bd_i/clk_wiz_0/inst/clk_in1_VGA_source_bd_clk_wiz_0_0
    MMCME2_ADV_X0Y0      MMCME2_ADV (Prop_mmcme2_adv_CLKIN1_CLKOUT1)
                                                     -3.204    -2.278 r  VGA_source_bd_i/clk_wiz_0/inst/mmcm_adv_inst/CLKOUT1
                         net (fo=1, routed)           0.564    -1.714    VGA_source_bd_i/clk_wiz_0/inst/clk_out2_VGA_source_bd_clk_wiz_0_0
    BUFGCTRL_X0Y0        BUFG (Prop_bufg_I_O)         0.029    -1.685 r  VGA_source_bd_i/clk_wiz_0/inst/clkout2_buf/O
                         net (fo=1366, routed)        0.920    -0.764    VGA_source_bd_i/v_vid_in_axi4s_0/inst/COUPLER_INST/generate_async_fifo.FIFO_INST/XPM_FIFO_ASYNC_INST/gnuram_async_fifo.xpm_fifo_base_inst/gen_sdpram.xpm_memory_base_inst/clka
    RAMB18_X4Y3          RAMB18E1                                     r  VGA_source_bd_i/v_vid_in_axi4s_0/inst/COUPLER_INST/generate_async_fifo.FIFO_INST/XPM_FIFO_ASYNC_INST/gnuram_async_fifo.xpm_fifo_base_inst/gen_sdpram.xpm_memory_base_inst/gen_wr_a.gen_word_narrow.mem_reg/CLKARDCLK
                         clock pessimism              0.253    -0.511    
    RAMB18_X4Y3          RAMB18E1 (Hold_ramb18e1_CLKARDCLK_ADDRARDADDR[12])
                                                      0.183    -0.328    VGA_source_bd_i/v_vid_in_axi4s_0/inst/COUPLER_INST/generate_async_fifo.FIFO_INST/XPM_FIFO_ASYNC_INST/gnuram_async_fifo.xpm_fifo_base_inst/gen_sdpram.xpm_memory_base_inst/gen_wr_a.gen_word_narrow.mem_reg
  -------------------------------------------------------------------
                         required time                          0.328    
                         arrival time                          -0.234    
  -------------------------------------------------------------------
                         slack                                  0.094    

Slack (MET) :             0.118ns  (arrival time - required time)
  Source:                 VGA_source_bd_i/rst_clk_wiz_0_107M/U0/EXT_LPF/AUX_LPF[2].asr_lpf_reg[2]/C
                            (rising edge-triggered cell FDRE clocked by clk_out2_VGA_source_bd_clk_wiz_0_0  {rise@0.000ns fall@19.789ns period=39.579ns})
  Destination:            VGA_source_bd_i/rst_clk_wiz_0_107M/U0/EXT_LPF/lpf_asr_reg/D
                            (rising edge-triggered cell FDRE clocked by clk_out2_VGA_source_bd_clk_wiz_0_0  {rise@0.000ns fall@19.789ns period=39.579ns})
  Path Group:             clk_out2_VGA_source_bd_clk_wiz_0_0
  Path Type:              Hold (Min at Fast Process Corner)
  Requirement:            0.000ns  (clk_out2_VGA_source_bd_clk_wiz_0_0 rise@0.000ns - clk_out2_VGA_source_bd_clk_wiz_0_0 rise@0.000ns)
  Data Path Delay:        0.252ns  (logic 0.186ns (73.721%)  route 0.066ns (26.279%))
  Logic Levels:           1  (LUT5=1)
  Clock Path Skew:        0.013ns (DCD - SCD - CPR)
    Destination Clock Delay (DCD):    -0.816ns
    Source Clock Delay      (SCD):    -0.577ns
    Clock Pessimism Removal (CPR):    -0.252ns

    Location             Delay type                Incr(ns)  Path(ns)    Netlist Resource(s)
  -------------------------------------------------------------------    -------------------
                         (clock clk_out2_VGA_source_bd_clk_wiz_0_0 rise edge)
                                                      0.000     0.000 r  
    Y9                                                0.000     0.000 r  clk (IN)
                         net (fo=0)                   0.000     0.000    VGA_source_bd_i/clk_wiz_0/inst/clk_in1
    Y9                   IBUF (Prop_ibuf_I_O)         0.258     0.258 r  VGA_source_bd_i/clk_wiz_0/inst/clkin1_ibufg/O
                         net (fo=1, routed)           0.440     0.698    VGA_source_bd_i/clk_wiz_0/inst/clk_in1_VGA_source_bd_clk_wiz_0_0
    MMCME2_ADV_X0Y0      MMCME2_ADV (Prop_mmcme2_adv_CLKIN1_CLKOUT1)
                                                     -2.421    -1.722 r  VGA_source_bd_i/clk_wiz_0/inst/mmcm_adv_inst/CLKOUT1
                         net (fo=1, routed)           0.518    -1.204    VGA_source_bd_i/clk_wiz_0/inst/clk_out2_VGA_source_bd_clk_wiz_0_0
    BUFGCTRL_X0Y0        BUFG (Prop_bufg_I_O)         0.026    -1.178 r  VGA_source_bd_i/clk_wiz_0/inst/clkout2_buf/O
                         net (fo=1366, routed)        0.602    -0.577    VGA_source_bd_i/rst_clk_wiz_0_107M/U0/EXT_LPF/slowest_sync_clk
    SLICE_X101Y28        FDRE                                         r  VGA_source_bd_i/rst_clk_wiz_0_107M/U0/EXT_LPF/AUX_LPF[2].asr_lpf_reg[2]/C
  -------------------------------------------------------------------    -------------------
    SLICE_X101Y28        FDRE (Prop_fdre_C_Q)         0.141    -0.436 r  VGA_source_bd_i/rst_clk_wiz_0_107M/U0/EXT_LPF/AUX_LPF[2].asr_lpf_reg[2]/Q
                         net (fo=2, routed)           0.066    -0.369    VGA_source_bd_i/rst_clk_wiz_0_107M/U0/EXT_LPF/ACTIVE_LOW_AUX.ACT_LO_AUX/p_1_in
    SLICE_X100Y28        LUT5 (Prop_lut5_I1_O)        0.045    -0.324 r  VGA_source_bd_i/rst_clk_wiz_0_107M/U0/EXT_LPF/ACTIVE_LOW_AUX.ACT_LO_AUX/lpf_asr_i_1/O
                         net (fo=1, routed)           0.000    -0.324    VGA_source_bd_i/rst_clk_wiz_0_107M/U0/EXT_LPF/ACTIVE_LOW_AUX.ACT_LO_AUX_n_0
    SLICE_X100Y28        FDRE                                         r  VGA_source_bd_i/rst_clk_wiz_0_107M/U0/EXT_LPF/lpf_asr_reg/D
  -------------------------------------------------------------------    -------------------

                         (clock clk_out2_VGA_source_bd_clk_wiz_0_0 rise edge)
                                                      0.000     0.000 r  
    Y9                                                0.000     0.000 r  clk (IN)
                         net (fo=0)                   0.000     0.000    VGA_source_bd_i/clk_wiz_0/inst/clk_in1
    Y9                   IBUF (Prop_ibuf_I_O)         0.446     0.446 r  VGA_source_bd_i/clk_wiz_0/inst/clkin1_ibufg/O
                         net (fo=1, routed)           0.480     0.926    VGA_source_bd_i/clk_wiz_0/inst/clk_in1_VGA_source_bd_clk_wiz_0_0
    MMCME2_ADV_X0Y0      MMCME2_ADV (Prop_mmcme2_adv_CLKIN1_CLKOUT1)
                                                     -3.204    -2.278 r  VGA_source_bd_i/clk_wiz_0/inst/mmcm_adv_inst/CLKOUT1
                         net (fo=1, routed)           0.564    -1.714    VGA_source_bd_i/clk_wiz_0/inst/clk_out2_VGA_source_bd_clk_wiz_0_0
    BUFGCTRL_X0Y0        BUFG (Prop_bufg_I_O)         0.029    -1.685 r  VGA_source_bd_i/clk_wiz_0/inst/clkout2_buf/O
                         net (fo=1366, routed)        0.869    -0.816    VGA_source_bd_i/rst_clk_wiz_0_107M/U0/EXT_LPF/slowest_sync_clk
    SLICE_X100Y28        FDRE                                         r  VGA_source_bd_i/rst_clk_wiz_0_107M/U0/EXT_LPF/lpf_asr_reg/C
                         clock pessimism              0.252    -0.564    
    SLICE_X100Y28        FDRE (Hold_fdre_C_D)         0.121    -0.443    VGA_source_bd_i/rst_clk_wiz_0_107M/U0/EXT_LPF/lpf_asr_reg
  -------------------------------------------------------------------
                         required time                          0.443    
                         arrival time                          -0.324    
  -------------------------------------------------------------------
                         slack                                  0.118    

Slack (MET) :             0.121ns  (arrival time - required time)
  Source:                 VGA_source_bd_i/v_axi4s_vid_out_0/inst/COUPLER_INST/generate_async_fifo.FIFO_INST/XPM_FIFO_ASYNC_INST/gnuram_async_fifo.xpm_fifo_base_inst/gen_cdc_pntr.wr_pntr_cdc_inst/dest_graysync_ff_reg[0][1]/C
                            (rising edge-triggered cell FDRE clocked by clk_out2_VGA_source_bd_clk_wiz_0_0  {rise@0.000ns fall@19.789ns period=39.579ns})
  Destination:            VGA_source_bd_i/v_axi4s_vid_out_0/inst/COUPLER_INST/generate_async_fifo.FIFO_INST/XPM_FIFO_ASYNC_INST/gnuram_async_fifo.xpm_fifo_base_inst/gen_cdc_pntr.wr_pntr_cdc_inst/dest_graysync_ff_reg[1][1]/D
                            (rising edge-triggered cell FDRE clocked by clk_out2_VGA_source_bd_clk_wiz_0_0  {rise@0.000ns fall@19.789ns period=39.579ns})
  Path Group:             clk_out2_VGA_source_bd_clk_wiz_0_0
  Path Type:              Hold (Min at Fast Process Corner)
  Requirement:            0.000ns  (clk_out2_VGA_source_bd_clk_wiz_0_0 rise@0.000ns - clk_out2_VGA_source_bd_clk_wiz_0_0 rise@0.000ns)
  Data Path Delay:        0.197ns  (logic 0.141ns (71.611%)  route 0.056ns (28.389%))
  Logic Levels:           0  
  Clock Path Skew:        0.000ns (DCD - SCD - CPR)
    Destination Clock Delay (DCD):    -0.804ns
    Source Clock Delay      (SCD):    -0.568ns
    Clock Pessimism Removal (CPR):    -0.236ns

    Location             Delay type                Incr(ns)  Path(ns)    Netlist Resource(s)
  -------------------------------------------------------------------    -------------------
                         (clock clk_out2_VGA_source_bd_clk_wiz_0_0 rise edge)
                                                      0.000     0.000 r  
    Y9                                                0.000     0.000 r  clk (IN)
                         net (fo=0)                   0.000     0.000    VGA_source_bd_i/clk_wiz_0/inst/clk_in1
    Y9                   IBUF (Prop_ibuf_I_O)         0.258     0.258 r  VGA_source_bd_i/clk_wiz_0/inst/clkin1_ibufg/O
                         net (fo=1, routed)           0.440     0.698    VGA_source_bd_i/clk_wiz_0/inst/clk_in1_VGA_source_bd_clk_wiz_0_0
    MMCME2_ADV_X0Y0      MMCME2_ADV (Prop_mmcme2_adv_CLKIN1_CLKOUT1)
                                                     -2.421    -1.722 r  VGA_source_bd_i/clk_wiz_0/inst/mmcm_adv_inst/CLKOUT1
                         net (fo=1, routed)           0.518    -1.204    VGA_source_bd_i/clk_wiz_0/inst/clk_out2_VGA_source_bd_clk_wiz_0_0
    BUFGCTRL_X0Y0        BUFG (Prop_bufg_I_O)         0.026    -1.178 r  VGA_source_bd_i/clk_wiz_0/inst/clkout2_buf/O
                         net (fo=1366, routed)        0.611    -0.568    VGA_source_bd_i/v_axi4s_vid_out_0/inst/COUPLER_INST/generate_async_fifo.FIFO_INST/XPM_FIFO_ASYNC_INST/gnuram_async_fifo.xpm_fifo_base_inst/gen_cdc_pntr.wr_pntr_cdc_inst/dest_clk
    SLICE_X95Y4          FDRE                                         r  VGA_source_bd_i/v_axi4s_vid_out_0/inst/COUPLER_INST/generate_async_fifo.FIFO_INST/XPM_FIFO_ASYNC_INST/gnuram_async_fifo.xpm_fifo_base_inst/gen_cdc_pntr.wr_pntr_cdc_inst/dest_graysync_ff_reg[0][1]/C
  -------------------------------------------------------------------    -------------------
    SLICE_X95Y4          FDRE (Prop_fdre_C_Q)         0.141    -0.427 r  VGA_source_bd_i/v_axi4s_vid_out_0/inst/COUPLER_INST/generate_async_fifo.FIFO_INST/XPM_FIFO_ASYNC_INST/gnuram_async_fifo.xpm_fifo_base_inst/gen_cdc_pntr.wr_pntr_cdc_inst/dest_graysync_ff_reg[0][1]/Q
                         net (fo=1, routed)           0.056    -0.371    VGA_source_bd_i/v_axi4s_vid_out_0/inst/COUPLER_INST/generate_async_fifo.FIFO_INST/XPM_FIFO_ASYNC_INST/gnuram_async_fifo.xpm_fifo_base_inst/gen_cdc_pntr.wr_pntr_cdc_inst/dest_graysync_ff[0][1]
    SLICE_X95Y4          FDRE                                         r  VGA_source_bd_i/v_axi4s_vid_out_0/inst/COUPLER_INST/generate_async_fifo.FIFO_INST/XPM_FIFO_ASYNC_INST/gnuram_async_fifo.xpm_fifo_base_inst/gen_cdc_pntr.wr_pntr_cdc_inst/dest_graysync_ff_reg[1][1]/D
  -------------------------------------------------------------------    -------------------

                         (clock clk_out2_VGA_source_bd_clk_wiz_0_0 rise edge)
                                                      0.000     0.000 r  
    Y9                                                0.000     0.000 r  clk (IN)
                         net (fo=0)                   0.000     0.000    VGA_source_bd_i/clk_wiz_0/inst/clk_in1
    Y9                   IBUF (Prop_ibuf_I_O)         0.446     0.446 r  VGA_source_bd_i/clk_wiz_0/inst/clkin1_ibufg/O
                         net (fo=1, routed)           0.480     0.926    VGA_source_bd_i/clk_wiz_0/inst/clk_in1_VGA_source_bd_clk_wiz_0_0
    MMCME2_ADV_X0Y0      MMCME2_ADV (Prop_mmcme2_adv_CLKIN1_CLKOUT1)
                                                     -3.204    -2.278 r  VGA_source_bd_i/clk_wiz_0/inst/mmcm_adv_inst/CLKOUT1
                         net (fo=1, routed)           0.564    -1.714    VGA_source_bd_i/clk_wiz_0/inst/clk_out2_VGA_source_bd_clk_wiz_0_0
    BUFGCTRL_X0Y0        BUFG (Prop_bufg_I_O)         0.029    -1.685 r  VGA_source_bd_i/clk_wiz_0/inst/clkout2_buf/O
                         net (fo=1366, routed)        0.881    -0.804    VGA_source_bd_i/v_axi4s_vid_out_0/inst/COUPLER_INST/generate_async_fifo.FIFO_INST/XPM_FIFO_ASYNC_INST/gnuram_async_fifo.xpm_fifo_base_inst/gen_cdc_pntr.wr_pntr_cdc_inst/dest_clk
    SLICE_X95Y4          FDRE                                         r  VGA_source_bd_i/v_axi4s_vid_out_0/inst/COUPLER_INST/generate_async_fifo.FIFO_INST/XPM_FIFO_ASYNC_INST/gnuram_async_fifo.xpm_fifo_base_inst/gen_cdc_pntr.wr_pntr_cdc_inst/dest_graysync_ff_reg[1][1]/C
                         clock pessimism              0.236    -0.568    
    SLICE_X95Y4          FDRE (Hold_fdre_C_D)         0.076    -0.492    VGA_source_bd_i/v_axi4s_vid_out_0/inst/COUPLER_INST/generate_async_fifo.FIFO_INST/XPM_FIFO_ASYNC_INST/gnuram_async_fifo.xpm_fifo_base_inst/gen_cdc_pntr.wr_pntr_cdc_inst/dest_graysync_ff_reg[1][1]
  -------------------------------------------------------------------
                         required time                          0.492    
                         arrival time                          -0.371    
  -------------------------------------------------------------------
                         slack                                  0.121    

Slack (MET) :             0.121ns  (arrival time - required time)
  Source:                 VGA_source_bd_i/v_axi4s_vid_out_0/inst/COUPLER_INST/generate_async_fifo.FIFO_INST/XPM_FIFO_ASYNC_INST/gnuram_async_fifo.xpm_fifo_base_inst/gen_cdc_pntr.wr_pntr_cdc_inst/dest_graysync_ff_reg[0][7]/C
                            (rising edge-triggered cell FDRE clocked by clk_out2_VGA_source_bd_clk_wiz_0_0  {rise@0.000ns fall@19.789ns period=39.579ns})
  Destination:            VGA_source_bd_i/v_axi4s_vid_out_0/inst/COUPLER_INST/generate_async_fifo.FIFO_INST/XPM_FIFO_ASYNC_INST/gnuram_async_fifo.xpm_fifo_base_inst/gen_cdc_pntr.wr_pntr_cdc_inst/dest_graysync_ff_reg[1][7]/D
                            (rising edge-triggered cell FDRE clocked by clk_out2_VGA_source_bd_clk_wiz_0_0  {rise@0.000ns fall@19.789ns period=39.579ns})
  Path Group:             clk_out2_VGA_source_bd_clk_wiz_0_0
  Path Type:              Hold (Min at Fast Process Corner)
  Requirement:            0.000ns  (clk_out2_VGA_source_bd_clk_wiz_0_0 rise@0.000ns - clk_out2_VGA_source_bd_clk_wiz_0_0 rise@0.000ns)
  Data Path Delay:        0.197ns  (logic 0.141ns (71.611%)  route 0.056ns (28.389%))
  Logic Levels:           0  
  Clock Path Skew:        0.000ns (DCD - SCD - CPR)
    Destination Clock Delay (DCD):    -0.804ns
    Source Clock Delay      (SCD):    -0.567ns
    Clock Pessimism Removal (CPR):    -0.237ns

    Location             Delay type                Incr(ns)  Path(ns)    Netlist Resource(s)
  -------------------------------------------------------------------    -------------------
                         (clock clk_out2_VGA_source_bd_clk_wiz_0_0 rise edge)
                                                      0.000     0.000 r  
    Y9                                                0.000     0.000 r  clk (IN)
                         net (fo=0)                   0.000     0.000    VGA_source_bd_i/clk_wiz_0/inst/clk_in1
    Y9                   IBUF (Prop_ibuf_I_O)         0.258     0.258 r  VGA_source_bd_i/clk_wiz_0/inst/clkin1_ibufg/O
                         net (fo=1, routed)           0.440     0.698    VGA_source_bd_i/clk_wiz_0/inst/clk_in1_VGA_source_bd_clk_wiz_0_0
    MMCME2_ADV_X0Y0      MMCME2_ADV (Prop_mmcme2_adv_CLKIN1_CLKOUT1)
                                                     -2.421    -1.722 r  VGA_source_bd_i/clk_wiz_0/inst/mmcm_adv_inst/CLKOUT1
                         net (fo=1, routed)           0.518    -1.204    VGA_source_bd_i/clk_wiz_0/inst/clk_out2_VGA_source_bd_clk_wiz_0_0
    BUFGCTRL_X0Y0        BUFG (Prop_bufg_I_O)         0.026    -1.178 r  VGA_source_bd_i/clk_wiz_0/inst/clkout2_buf/O
                         net (fo=1366, routed)        0.612    -0.567    VGA_source_bd_i/v_axi4s_vid_out_0/inst/COUPLER_INST/generate_async_fifo.FIFO_INST/XPM_FIFO_ASYNC_INST/gnuram_async_fifo.xpm_fifo_base_inst/gen_cdc_pntr.wr_pntr_cdc_inst/dest_clk
    SLICE_X99Y3          FDRE                                         r  VGA_source_bd_i/v_axi4s_vid_out_0/inst/COUPLER_INST/generate_async_fifo.FIFO_INST/XPM_FIFO_ASYNC_INST/gnuram_async_fifo.xpm_fifo_base_inst/gen_cdc_pntr.wr_pntr_cdc_inst/dest_graysync_ff_reg[0][7]/C
  -------------------------------------------------------------------    -------------------
    SLICE_X99Y3          FDRE (Prop_fdre_C_Q)         0.141    -0.426 r  VGA_source_bd_i/v_axi4s_vid_out_0/inst/COUPLER_INST/generate_async_fifo.FIFO_INST/XPM_FIFO_ASYNC_INST/gnuram_async_fifo.xpm_fifo_base_inst/gen_cdc_pntr.wr_pntr_cdc_inst/dest_graysync_ff_reg[0][7]/Q
                         net (fo=1, routed)           0.056    -0.370    VGA_source_bd_i/v_axi4s_vid_out_0/inst/COUPLER_INST/generate_async_fifo.FIFO_INST/XPM_FIFO_ASYNC_INST/gnuram_async_fifo.xpm_fifo_base_inst/gen_cdc_pntr.wr_pntr_cdc_inst/dest_graysync_ff[0][7]
    SLICE_X99Y3          FDRE                                         r  VGA_source_bd_i/v_axi4s_vid_out_0/inst/COUPLER_INST/generate_async_fifo.FIFO_INST/XPM_FIFO_ASYNC_INST/gnuram_async_fifo.xpm_fifo_base_inst/gen_cdc_pntr.wr_pntr_cdc_inst/dest_graysync_ff_reg[1][7]/D
  -------------------------------------------------------------------    -------------------

                         (clock clk_out2_VGA_source_bd_clk_wiz_0_0 rise edge)
                                                      0.000     0.000 r  
    Y9                                                0.000     0.000 r  clk (IN)
                         net (fo=0)                   0.000     0.000    VGA_source_bd_i/clk_wiz_0/inst/clk_in1
    Y9                   IBUF (Prop_ibuf_I_O)         0.446     0.446 r  VGA_source_bd_i/clk_wiz_0/inst/clkin1_ibufg/O
                         net (fo=1, routed)           0.480     0.926    VGA_source_bd_i/clk_wiz_0/inst/clk_in1_VGA_source_bd_clk_wiz_0_0
    MMCME2_ADV_X0Y0      MMCME2_ADV (Prop_mmcme2_adv_CLKIN1_CLKOUT1)
                                                     -3.204    -2.278 r  VGA_source_bd_i/clk_wiz_0/inst/mmcm_adv_inst/CLKOUT1
                         net (fo=1, routed)           0.564    -1.714    VGA_source_bd_i/clk_wiz_0/inst/clk_out2_VGA_source_bd_clk_wiz_0_0
    BUFGCTRL_X0Y0        BUFG (Prop_bufg_I_O)         0.029    -1.685 r  VGA_source_bd_i/clk_wiz_0/inst/clkout2_buf/O
                         net (fo=1366, routed)        0.881    -0.804    VGA_source_bd_i/v_axi4s_vid_out_0/inst/COUPLER_INST/generate_async_fifo.FIFO_INST/XPM_FIFO_ASYNC_INST/gnuram_async_fifo.xpm_fifo_base_inst/gen_cdc_pntr.wr_pntr_cdc_inst/dest_clk
    SLICE_X99Y3          FDRE                                         r  VGA_source_bd_i/v_axi4s_vid_out_0/inst/COUPLER_INST/generate_async_fifo.FIFO_INST/XPM_FIFO_ASYNC_INST/gnuram_async_fifo.xpm_fifo_base_inst/gen_cdc_pntr.wr_pntr_cdc_inst/dest_graysync_ff_reg[1][7]/C
                         clock pessimism              0.237    -0.567    
    SLICE_X99Y3          FDRE (Hold_fdre_C_D)         0.076    -0.491    VGA_source_bd_i/v_axi4s_vid_out_0/inst/COUPLER_INST/generate_async_fifo.FIFO_INST/XPM_FIFO_ASYNC_INST/gnuram_async_fifo.xpm_fifo_base_inst/gen_cdc_pntr.wr_pntr_cdc_inst/dest_graysync_ff_reg[1][7]
  -------------------------------------------------------------------
                         required time                          0.491    
                         arrival time                          -0.370    
  -------------------------------------------------------------------
                         slack                                  0.121    

Slack (MET) :             0.121ns  (arrival time - required time)
  Source:                 VGA_source_bd_i/v_vid_in_axi4s_0/inst/COUPLER_INST/generate_async_fifo.FIFO_INST/XPM_FIFO_ASYNC_INST/gnuram_async_fifo.xpm_fifo_base_inst/gen_cdc_pntr.rd_pntr_cdc_inst/dest_graysync_ff_reg[0][5]/C
                            (rising edge-triggered cell FDRE clocked by clk_out2_VGA_source_bd_clk_wiz_0_0  {rise@0.000ns fall@19.789ns period=39.579ns})
  Destination:            VGA_source_bd_i/v_vid_in_axi4s_0/inst/COUPLER_INST/generate_async_fifo.FIFO_INST/XPM_FIFO_ASYNC_INST/gnuram_async_fifo.xpm_fifo_base_inst/gen_cdc_pntr.rd_pntr_cdc_inst/dest_graysync_ff_reg[1][5]/D
                            (rising edge-triggered cell FDRE clocked by clk_out2_VGA_source_bd_clk_wiz_0_0  {rise@0.000ns fall@19.789ns period=39.579ns})
  Path Group:             clk_out2_VGA_source_bd_clk_wiz_0_0
  Path Type:              Hold (Min at Fast Process Corner)
  Requirement:            0.000ns  (clk_out2_VGA_source_bd_clk_wiz_0_0 rise@0.000ns - clk_out2_VGA_source_bd_clk_wiz_0_0 rise@0.000ns)
  Data Path Delay:        0.197ns  (logic 0.141ns (71.611%)  route 0.056ns (28.389%))
  Logic Levels:           0  
  Clock Path Skew:        0.000ns (DCD - SCD - CPR)
    Destination Clock Delay (DCD):    -0.806ns
    Source Clock Delay      (SCD):    -0.569ns
    Clock Pessimism Removal (CPR):    -0.237ns

    Location             Delay type                Incr(ns)  Path(ns)    Netlist Resource(s)
  -------------------------------------------------------------------    -------------------
                         (clock clk_out2_VGA_source_bd_clk_wiz_0_0 rise edge)
                                                      0.000     0.000 r  
    Y9                                                0.000     0.000 r  clk (IN)
                         net (fo=0)                   0.000     0.000    VGA_source_bd_i/clk_wiz_0/inst/clk_in1
    Y9                   IBUF (Prop_ibuf_I_O)         0.258     0.258 r  VGA_source_bd_i/clk_wiz_0/inst/clkin1_ibufg/O
                         net (fo=1, routed)           0.440     0.698    VGA_source_bd_i/clk_wiz_0/inst/clk_in1_VGA_source_bd_clk_wiz_0_0
    MMCME2_ADV_X0Y0      MMCME2_ADV (Prop_mmcme2_adv_CLKIN1_CLKOUT1)
                                                     -2.421    -1.722 r  VGA_source_bd_i/clk_wiz_0/inst/mmcm_adv_inst/CLKOUT1
                         net (fo=1, routed)           0.518    -1.204    VGA_source_bd_i/clk_wiz_0/inst/clk_out2_VGA_source_bd_clk_wiz_0_0
    BUFGCTRL_X0Y0        BUFG (Prop_bufg_I_O)         0.026    -1.178 r  VGA_source_bd_i/clk_wiz_0/inst/clkout2_buf/O
                         net (fo=1366, routed)        0.610    -0.569    VGA_source_bd_i/v_vid_in_axi4s_0/inst/COUPLER_INST/generate_async_fifo.FIFO_INST/XPM_FIFO_ASYNC_INST/gnuram_async_fifo.xpm_fifo_base_inst/gen_cdc_pntr.rd_pntr_cdc_inst/dest_clk
    SLICE_X91Y3          FDRE                                         r  VGA_source_bd_i/v_vid_in_axi4s_0/inst/COUPLER_INST/generate_async_fifo.FIFO_INST/XPM_FIFO_ASYNC_INST/gnuram_async_fifo.xpm_fifo_base_inst/gen_cdc_pntr.rd_pntr_cdc_inst/dest_graysync_ff_reg[0][5]/C
  -------------------------------------------------------------------    -------------------
    SLICE_X91Y3          FDRE (Prop_fdre_C_Q)         0.141    -0.428 r  VGA_source_bd_i/v_vid_in_axi4s_0/inst/COUPLER_INST/generate_async_fifo.FIFO_INST/XPM_FIFO_ASYNC_INST/gnuram_async_fifo.xpm_fifo_base_inst/gen_cdc_pntr.rd_pntr_cdc_inst/dest_graysync_ff_reg[0][5]/Q
                         net (fo=1, routed)           0.056    -0.372    VGA_source_bd_i/v_vid_in_axi4s_0/inst/COUPLER_INST/generate_async_fifo.FIFO_INST/XPM_FIFO_ASYNC_INST/gnuram_async_fifo.xpm_fifo_base_inst/gen_cdc_pntr.rd_pntr_cdc_inst/dest_graysync_ff[0][5]
    SLICE_X91Y3          FDRE                                         r  VGA_source_bd_i/v_vid_in_axi4s_0/inst/COUPLER_INST/generate_async_fifo.FIFO_INST/XPM_FIFO_ASYNC_INST/gnuram_async_fifo.xpm_fifo_base_inst/gen_cdc_pntr.rd_pntr_cdc_inst/dest_graysync_ff_reg[1][5]/D
  -------------------------------------------------------------------    -------------------

                         (clock clk_out2_VGA_source_bd_clk_wiz_0_0 rise edge)
                                                      0.000     0.000 r  
    Y9                                                0.000     0.000 r  clk (IN)
                         net (fo=0)                   0.000     0.000    VGA_source_bd_i/clk_wiz_0/inst/clk_in1
    Y9                   IBUF (Prop_ibuf_I_O)         0.446     0.446 r  VGA_source_bd_i/clk_wiz_0/inst/clkin1_ibufg/O
                         net (fo=1, routed)           0.480     0.926    VGA_source_bd_i/clk_wiz_0/inst/clk_in1_VGA_source_bd_clk_wiz_0_0
    MMCME2_ADV_X0Y0      MMCME2_ADV (Prop_mmcme2_adv_CLKIN1_CLKOUT1)
                                                     -3.204    -2.278 r  VGA_source_bd_i/clk_wiz_0/inst/mmcm_adv_inst/CLKOUT1
                         net (fo=1, routed)           0.564    -1.714    VGA_source_bd_i/clk_wiz_0/inst/clk_out2_VGA_source_bd_clk_wiz_0_0
    BUFGCTRL_X0Y0        BUFG (Prop_bufg_I_O)         0.029    -1.685 r  VGA_source_bd_i/clk_wiz_0/inst/clkout2_buf/O
                         net (fo=1366, routed)        0.879    -0.806    VGA_source_bd_i/v_vid_in_axi4s_0/inst/COUPLER_INST/generate_async_fifo.FIFO_INST/XPM_FIFO_ASYNC_INST/gnuram_async_fifo.xpm_fifo_base_inst/gen_cdc_pntr.rd_pntr_cdc_inst/dest_clk
    SLICE_X91Y3          FDRE                                         r  VGA_source_bd_i/v_vid_in_axi4s_0/inst/COUPLER_INST/generate_async_fifo.FIFO_INST/XPM_FIFO_ASYNC_INST/gnuram_async_fifo.xpm_fifo_base_inst/gen_cdc_pntr.rd_pntr_cdc_inst/dest_graysync_ff_reg[1][5]/C
                         clock pessimism              0.237    -0.569    
    SLICE_X91Y3          FDRE (Hold_fdre_C_D)         0.076    -0.493    VGA_source_bd_i/v_vid_in_axi4s_0/inst/COUPLER_INST/generate_async_fifo.FIFO_INST/XPM_FIFO_ASYNC_INST/gnuram_async_fifo.xpm_fifo_base_inst/gen_cdc_pntr.rd_pntr_cdc_inst/dest_graysync_ff_reg[1][5]
  -------------------------------------------------------------------
                         required time                          0.493    
                         arrival time                          -0.372    
  -------------------------------------------------------------------
                         slack                                  0.121    

Slack (MET) :             0.121ns  (arrival time - required time)
  Source:                 VGA_source_bd_i/v_vid_in_axi4s_0/inst/COUPLER_INST/generate_async_fifo.FIFO_INST/XPM_FIFO_ASYNC_INST/gnuram_async_fifo.xpm_fifo_base_inst/gen_cdc_pntr.rd_pntr_cdc_inst/dest_graysync_ff_reg[0][8]/C
                            (rising edge-triggered cell FDRE clocked by clk_out2_VGA_source_bd_clk_wiz_0_0  {rise@0.000ns fall@19.789ns period=39.579ns})
  Destination:            VGA_source_bd_i/v_vid_in_axi4s_0/inst/COUPLER_INST/generate_async_fifo.FIFO_INST/XPM_FIFO_ASYNC_INST/gnuram_async_fifo.xpm_fifo_base_inst/gen_cdc_pntr.rd_pntr_cdc_inst/dest_graysync_ff_reg[1][8]/D
                            (rising edge-triggered cell FDRE clocked by clk_out2_VGA_source_bd_clk_wiz_0_0  {rise@0.000ns fall@19.789ns period=39.579ns})
  Path Group:             clk_out2_VGA_source_bd_clk_wiz_0_0
  Path Type:              Hold (Min at Fast Process Corner)
  Requirement:            0.000ns  (clk_out2_VGA_source_bd_clk_wiz_0_0 rise@0.000ns - clk_out2_VGA_source_bd_clk_wiz_0_0 rise@0.000ns)
  Data Path Delay:        0.197ns  (logic 0.141ns (71.611%)  route 0.056ns (28.389%))
  Logic Levels:           0  
  Clock Path Skew:        0.000ns (DCD - SCD - CPR)
    Destination Clock Delay (DCD):    -0.806ns
    Source Clock Delay      (SCD):    -0.569ns
    Clock Pessimism Removal (CPR):    -0.237ns

    Location             Delay type                Incr(ns)  Path(ns)    Netlist Resource(s)
  -------------------------------------------------------------------    -------------------
                         (clock clk_out2_VGA_source_bd_clk_wiz_0_0 rise edge)
                                                      0.000     0.000 r  
    Y9                                                0.000     0.000 r  clk (IN)
                         net (fo=0)                   0.000     0.000    VGA_source_bd_i/clk_wiz_0/inst/clk_in1
    Y9                   IBUF (Prop_ibuf_I_O)         0.258     0.258 r  VGA_source_bd_i/clk_wiz_0/inst/clkin1_ibufg/O
                         net (fo=1, routed)           0.440     0.698    VGA_source_bd_i/clk_wiz_0/inst/clk_in1_VGA_source_bd_clk_wiz_0_0
    MMCME2_ADV_X0Y0      MMCME2_ADV (Prop_mmcme2_adv_CLKIN1_CLKOUT1)
                                                     -2.421    -1.722 r  VGA_source_bd_i/clk_wiz_0/inst/mmcm_adv_inst/CLKOUT1
                         net (fo=1, routed)           0.518    -1.204    VGA_source_bd_i/clk_wiz_0/inst/clk_out2_VGA_source_bd_clk_wiz_0_0
    BUFGCTRL_X0Y0        BUFG (Prop_bufg_I_O)         0.026    -1.178 r  VGA_source_bd_i/clk_wiz_0/inst/clkout2_buf/O
                         net (fo=1366, routed)        0.610    -0.569    VGA_source_bd_i/v_vid_in_axi4s_0/inst/COUPLER_INST/generate_async_fifo.FIFO_INST/XPM_FIFO_ASYNC_INST/gnuram_async_fifo.xpm_fifo_base_inst/gen_cdc_pntr.rd_pntr_cdc_inst/dest_clk
    SLICE_X91Y5          FDRE                                         r  VGA_source_bd_i/v_vid_in_axi4s_0/inst/COUPLER_INST/generate_async_fifo.FIFO_INST/XPM_FIFO_ASYNC_INST/gnuram_async_fifo.xpm_fifo_base_inst/gen_cdc_pntr.rd_pntr_cdc_inst/dest_graysync_ff_reg[0][8]/C
  -------------------------------------------------------------------    -------------------
    SLICE_X91Y5          FDRE (Prop_fdre_C_Q)         0.141    -0.428 r  VGA_source_bd_i/v_vid_in_axi4s_0/inst/COUPLER_INST/generate_async_fifo.FIFO_INST/XPM_FIFO_ASYNC_INST/gnuram_async_fifo.xpm_fifo_base_inst/gen_cdc_pntr.rd_pntr_cdc_inst/dest_graysync_ff_reg[0][8]/Q
                         net (fo=1, routed)           0.056    -0.372    VGA_source_bd_i/v_vid_in_axi4s_0/inst/COUPLER_INST/generate_async_fifo.FIFO_INST/XPM_FIFO_ASYNC_INST/gnuram_async_fifo.xpm_fifo_base_inst/gen_cdc_pntr.rd_pntr_cdc_inst/dest_graysync_ff[0][8]
    SLICE_X91Y5          FDRE                                         r  VGA_source_bd_i/v_vid_in_axi4s_0/inst/COUPLER_INST/generate_async_fifo.FIFO_INST/XPM_FIFO_ASYNC_INST/gnuram_async_fifo.xpm_fifo_base_inst/gen_cdc_pntr.rd_pntr_cdc_inst/dest_graysync_ff_reg[1][8]/D
  -------------------------------------------------------------------    -------------------

                         (clock clk_out2_VGA_source_bd_clk_wiz_0_0 rise edge)
                                                      0.000     0.000 r  
    Y9                                                0.000     0.000 r  clk (IN)
                         net (fo=0)                   0.000     0.000    VGA_source_bd_i/clk_wiz_0/inst/clk_in1
    Y9                   IBUF (Prop_ibuf_I_O)         0.446     0.446 r  VGA_source_bd_i/clk_wiz_0/inst/clkin1_ibufg/O
                         net (fo=1, routed)           0.480     0.926    VGA_source_bd_i/clk_wiz_0/inst/clk_in1_VGA_source_bd_clk_wiz_0_0
    MMCME2_ADV_X0Y0      MMCME2_ADV (Prop_mmcme2_adv_CLKIN1_CLKOUT1)
                                                     -3.204    -2.278 r  VGA_source_bd_i/clk_wiz_0/inst/mmcm_adv_inst/CLKOUT1
                         net (fo=1, routed)           0.564    -1.714    VGA_source_bd_i/clk_wiz_0/inst/clk_out2_VGA_source_bd_clk_wiz_0_0
    BUFGCTRL_X0Y0        BUFG (Prop_bufg_I_O)         0.029    -1.685 r  VGA_source_bd_i/clk_wiz_0/inst/clkout2_buf/O
                         net (fo=1366, routed)        0.879    -0.806    VGA_source_bd_i/v_vid_in_axi4s_0/inst/COUPLER_INST/generate_async_fifo.FIFO_INST/XPM_FIFO_ASYNC_INST/gnuram_async_fifo.xpm_fifo_base_inst/gen_cdc_pntr.rd_pntr_cdc_inst/dest_clk
    SLICE_X91Y5          FDRE                                         r  VGA_source_bd_i/v_vid_in_axi4s_0/inst/COUPLER_INST/generate_async_fifo.FIFO_INST/XPM_FIFO_ASYNC_INST/gnuram_async_fifo.xpm_fifo_base_inst/gen_cdc_pntr.rd_pntr_cdc_inst/dest_graysync_ff_reg[1][8]/C
                         clock pessimism              0.237    -0.569    
    SLICE_X91Y5          FDRE (Hold_fdre_C_D)         0.076    -0.493    VGA_source_bd_i/v_vid_in_axi4s_0/inst/COUPLER_INST/generate_async_fifo.FIFO_INST/XPM_FIFO_ASYNC_INST/gnuram_async_fifo.xpm_fifo_base_inst/gen_cdc_pntr.rd_pntr_cdc_inst/dest_graysync_ff_reg[1][8]
  -------------------------------------------------------------------
                         required time                          0.493    
                         arrival time                          -0.372    
  -------------------------------------------------------------------
                         slack                                  0.121    

Slack (MET) :             0.121ns  (arrival time - required time)
  Source:                 VGA_source_bd_i/v_vid_in_axi4s_0/inst/COUPLER_INST/generate_async_fifo.FIFO_INST/XPM_FIFO_ASYNC_INST/gnuram_async_fifo.xpm_fifo_base_inst/gen_cdc_pntr.rd_pntr_cdc_inst/dest_graysync_ff_reg[0][9]/C
                            (rising edge-triggered cell FDRE clocked by clk_out2_VGA_source_bd_clk_wiz_0_0  {rise@0.000ns fall@19.789ns period=39.579ns})
  Destination:            VGA_source_bd_i/v_vid_in_axi4s_0/inst/COUPLER_INST/generate_async_fifo.FIFO_INST/XPM_FIFO_ASYNC_INST/gnuram_async_fifo.xpm_fifo_base_inst/gen_cdc_pntr.rd_pntr_cdc_inst/dest_graysync_ff_reg[1][9]/D
                            (rising edge-triggered cell FDRE clocked by clk_out2_VGA_source_bd_clk_wiz_0_0  {rise@0.000ns fall@19.789ns period=39.579ns})
  Path Group:             clk_out2_VGA_source_bd_clk_wiz_0_0
  Path Type:              Hold (Min at Fast Process Corner)
  Requirement:            0.000ns  (clk_out2_VGA_source_bd_clk_wiz_0_0 rise@0.000ns - clk_out2_VGA_source_bd_clk_wiz_0_0 rise@0.000ns)
  Data Path Delay:        0.197ns  (logic 0.141ns (71.611%)  route 0.056ns (28.389%))
  Logic Levels:           0  
  Clock Path Skew:        0.000ns (DCD - SCD - CPR)
    Destination Clock Delay (DCD):    -0.805ns
    Source Clock Delay      (SCD):    -0.569ns
    Clock Pessimism Removal (CPR):    -0.236ns

    Location             Delay type                Incr(ns)  Path(ns)    Netlist Resource(s)
  -------------------------------------------------------------------    -------------------
                         (clock clk_out2_VGA_source_bd_clk_wiz_0_0 rise edge)
                                                      0.000     0.000 r  
    Y9                                                0.000     0.000 r  clk (IN)
                         net (fo=0)                   0.000     0.000    VGA_source_bd_i/clk_wiz_0/inst/clk_in1
    Y9                   IBUF (Prop_ibuf_I_O)         0.258     0.258 r  VGA_source_bd_i/clk_wiz_0/inst/clkin1_ibufg/O
                         net (fo=1, routed)           0.440     0.698    VGA_source_bd_i/clk_wiz_0/inst/clk_in1_VGA_source_bd_clk_wiz_0_0
    MMCME2_ADV_X0Y0      MMCME2_ADV (Prop_mmcme2_adv_CLKIN1_CLKOUT1)
                                                     -2.421    -1.722 r  VGA_source_bd_i/clk_wiz_0/inst/mmcm_adv_inst/CLKOUT1
                         net (fo=1, routed)           0.518    -1.204    VGA_source_bd_i/clk_wiz_0/inst/clk_out2_VGA_source_bd_clk_wiz_0_0
    BUFGCTRL_X0Y0        BUFG (Prop_bufg_I_O)         0.026    -1.178 r  VGA_source_bd_i/clk_wiz_0/inst/clkout2_buf/O
                         net (fo=1366, routed)        0.610    -0.569    VGA_source_bd_i/v_vid_in_axi4s_0/inst/COUPLER_INST/generate_async_fifo.FIFO_INST/XPM_FIFO_ASYNC_INST/gnuram_async_fifo.xpm_fifo_base_inst/gen_cdc_pntr.rd_pntr_cdc_inst/dest_clk
    SLICE_X93Y4          FDRE                                         r  VGA_source_bd_i/v_vid_in_axi4s_0/inst/COUPLER_INST/generate_async_fifo.FIFO_INST/XPM_FIFO_ASYNC_INST/gnuram_async_fifo.xpm_fifo_base_inst/gen_cdc_pntr.rd_pntr_cdc_inst/dest_graysync_ff_reg[0][9]/C
  -------------------------------------------------------------------    -------------------
    SLICE_X93Y4          FDRE (Prop_fdre_C_Q)         0.141    -0.428 r  VGA_source_bd_i/v_vid_in_axi4s_0/inst/COUPLER_INST/generate_async_fifo.FIFO_INST/XPM_FIFO_ASYNC_INST/gnuram_async_fifo.xpm_fifo_base_inst/gen_cdc_pntr.rd_pntr_cdc_inst/dest_graysync_ff_reg[0][9]/Q
                         net (fo=1, routed)           0.056    -0.372    VGA_source_bd_i/v_vid_in_axi4s_0/inst/COUPLER_INST/generate_async_fifo.FIFO_INST/XPM_FIFO_ASYNC_INST/gnuram_async_fifo.xpm_fifo_base_inst/gen_cdc_pntr.rd_pntr_cdc_inst/dest_graysync_ff[0][9]
    SLICE_X93Y4          FDRE                                         r  VGA_source_bd_i/v_vid_in_axi4s_0/inst/COUPLER_INST/generate_async_fifo.FIFO_INST/XPM_FIFO_ASYNC_INST/gnuram_async_fifo.xpm_fifo_base_inst/gen_cdc_pntr.rd_pntr_cdc_inst/dest_graysync_ff_reg[1][9]/D
  -------------------------------------------------------------------    -------------------

                         (clock clk_out2_VGA_source_bd_clk_wiz_0_0 rise edge)
                                                      0.000     0.000 r  
    Y9                                                0.000     0.000 r  clk (IN)
                         net (fo=0)                   0.000     0.000    VGA_source_bd_i/clk_wiz_0/inst/clk_in1
    Y9                   IBUF (Prop_ibuf_I_O)         0.446     0.446 r  VGA_source_bd_i/clk_wiz_0/inst/clkin1_ibufg/O
                         net (fo=1, routed)           0.480     0.926    VGA_source_bd_i/clk_wiz_0/inst/clk_in1_VGA_source_bd_clk_wiz_0_0
    MMCME2_ADV_X0Y0      MMCME2_ADV (Prop_mmcme2_adv_CLKIN1_CLKOUT1)
                                                     -3.204    -2.278 r  VGA_source_bd_i/clk_wiz_0/inst/mmcm_adv_inst/CLKOUT1
                         net (fo=1, routed)           0.564    -1.714    VGA_source_bd_i/clk_wiz_0/inst/clk_out2_VGA_source_bd_clk_wiz_0_0
    BUFGCTRL_X0Y0        BUFG (Prop_bufg_I_O)         0.029    -1.685 r  VGA_source_bd_i/clk_wiz_0/inst/clkout2_buf/O
                         net (fo=1366, routed)        0.880    -0.805    VGA_source_bd_i/v_vid_in_axi4s_0/inst/COUPLER_INST/generate_async_fifo.FIFO_INST/XPM_FIFO_ASYNC_INST/gnuram_async_fifo.xpm_fifo_base_inst/gen_cdc_pntr.rd_pntr_cdc_inst/dest_clk
    SLICE_X93Y4          FDRE                                         r  VGA_source_bd_i/v_vid_in_axi4s_0/inst/COUPLER_INST/generate_async_fifo.FIFO_INST/XPM_FIFO_ASYNC_INST/gnuram_async_fifo.xpm_fifo_base_inst/gen_cdc_pntr.rd_pntr_cdc_inst/dest_graysync_ff_reg[1][9]/C
                         clock pessimism              0.236    -0.569    
    SLICE_X93Y4          FDRE (Hold_fdre_C_D)         0.076    -0.493    VGA_source_bd_i/v_vid_in_axi4s_0/inst/COUPLER_INST/generate_async_fifo.FIFO_INST/XPM_FIFO_ASYNC_INST/gnuram_async_fifo.xpm_fifo_base_inst/gen_cdc_pntr.rd_pntr_cdc_inst/dest_graysync_ff_reg[1][9]
  -------------------------------------------------------------------
                         required time                          0.493    
                         arrival time                          -0.372    
  -------------------------------------------------------------------
                         slack                                  0.121    

Slack (MET) :             0.122ns  (arrival time - required time)
  Source:                 VGA_source_bd_i/v_axi4s_vid_out_0/inst/COUPLER_INST/generate_async_fifo.FIFO_INST/XPM_FIFO_ASYNC_INST/gnuram_async_fifo.xpm_fifo_base_inst/gen_cdc_pntr.wr_pntr_cdc_dc_inst/dest_graysync_ff_reg[0][1]/C
                            (rising edge-triggered cell FDRE clocked by clk_out2_VGA_source_bd_clk_wiz_0_0  {rise@0.000ns fall@19.789ns period=39.579ns})
  Destination:            VGA_source_bd_i/v_axi4s_vid_out_0/inst/COUPLER_INST/generate_async_fifo.FIFO_INST/XPM_FIFO_ASYNC_INST/gnuram_async_fifo.xpm_fifo_base_inst/gen_cdc_pntr.wr_pntr_cdc_dc_inst/dest_graysync_ff_reg[1][1]/D
                            (rising edge-triggered cell FDRE clocked by clk_out2_VGA_source_bd_clk_wiz_0_0  {rise@0.000ns fall@19.789ns period=39.579ns})
  Path Group:             clk_out2_VGA_source_bd_clk_wiz_0_0
  Path Type:              Hold (Min at Fast Process Corner)
  Requirement:            0.000ns  (clk_out2_VGA_source_bd_clk_wiz_0_0 rise@0.000ns - clk_out2_VGA_source_bd_clk_wiz_0_0 rise@0.000ns)
  Data Path Delay:        0.197ns  (logic 0.141ns (71.611%)  route 0.056ns (28.389%))
  Logic Levels:           0  
  Clock Path Skew:        0.000ns (DCD - SCD - CPR)
    Destination Clock Delay (DCD):    -0.804ns
    Source Clock Delay      (SCD):    -0.568ns
    Clock Pessimism Removal (CPR):    -0.236ns

    Location             Delay type                Incr(ns)  Path(ns)    Netlist Resource(s)
  -------------------------------------------------------------------    -------------------
                         (clock clk_out2_VGA_source_bd_clk_wiz_0_0 rise edge)
                                                      0.000     0.000 r  
    Y9                                                0.000     0.000 r  clk (IN)
                         net (fo=0)                   0.000     0.000    VGA_source_bd_i/clk_wiz_0/inst/clk_in1
    Y9                   IBUF (Prop_ibuf_I_O)         0.258     0.258 r  VGA_source_bd_i/clk_wiz_0/inst/clkin1_ibufg/O
                         net (fo=1, routed)           0.440     0.698    VGA_source_bd_i/clk_wiz_0/inst/clk_in1_VGA_source_bd_clk_wiz_0_0
    MMCME2_ADV_X0Y0      MMCME2_ADV (Prop_mmcme2_adv_CLKIN1_CLKOUT1)
                                                     -2.421    -1.722 r  VGA_source_bd_i/clk_wiz_0/inst/mmcm_adv_inst/CLKOUT1
                         net (fo=1, routed)           0.518    -1.204    VGA_source_bd_i/clk_wiz_0/inst/clk_out2_VGA_source_bd_clk_wiz_0_0
    BUFGCTRL_X0Y0        BUFG (Prop_bufg_I_O)         0.026    -1.178 r  VGA_source_bd_i/clk_wiz_0/inst/clkout2_buf/O
                         net (fo=1366, routed)        0.611    -0.568    VGA_source_bd_i/v_axi4s_vid_out_0/inst/COUPLER_INST/generate_async_fifo.FIFO_INST/XPM_FIFO_ASYNC_INST/gnuram_async_fifo.xpm_fifo_base_inst/gen_cdc_pntr.wr_pntr_cdc_dc_inst/dest_clk
    SLICE_X93Y2          FDRE                                         r  VGA_source_bd_i/v_axi4s_vid_out_0/inst/COUPLER_INST/generate_async_fifo.FIFO_INST/XPM_FIFO_ASYNC_INST/gnuram_async_fifo.xpm_fifo_base_inst/gen_cdc_pntr.wr_pntr_cdc_dc_inst/dest_graysync_ff_reg[0][1]/C
  -------------------------------------------------------------------    -------------------
    SLICE_X93Y2          FDRE (Prop_fdre_C_Q)         0.141    -0.427 r  VGA_source_bd_i/v_axi4s_vid_out_0/inst/COUPLER_INST/generate_async_fifo.FIFO_INST/XPM_FIFO_ASYNC_INST/gnuram_async_fifo.xpm_fifo_base_inst/gen_cdc_pntr.wr_pntr_cdc_dc_inst/dest_graysync_ff_reg[0][1]/Q
                         net (fo=1, routed)           0.056    -0.371    VGA_source_bd_i/v_axi4s_vid_out_0/inst/COUPLER_INST/generate_async_fifo.FIFO_INST/XPM_FIFO_ASYNC_INST/gnuram_async_fifo.xpm_fifo_base_inst/gen_cdc_pntr.wr_pntr_cdc_dc_inst/dest_graysync_ff[0][1]
    SLICE_X93Y2          FDRE                                         r  VGA_source_bd_i/v_axi4s_vid_out_0/inst/COUPLER_INST/generate_async_fifo.FIFO_INST/XPM_FIFO_ASYNC_INST/gnuram_async_fifo.xpm_fifo_base_inst/gen_cdc_pntr.wr_pntr_cdc_dc_inst/dest_graysync_ff_reg[1][1]/D
  -------------------------------------------------------------------    -------------------

                         (clock clk_out2_VGA_source_bd_clk_wiz_0_0 rise edge)
                                                      0.000     0.000 r  
    Y9                                                0.000     0.000 r  clk (IN)
                         net (fo=0)                   0.000     0.000    VGA_source_bd_i/clk_wiz_0/inst/clk_in1
    Y9                   IBUF (Prop_ibuf_I_O)         0.446     0.446 r  VGA_source_bd_i/clk_wiz_0/inst/clkin1_ibufg/O
                         net (fo=1, routed)           0.480     0.926    VGA_source_bd_i/clk_wiz_0/inst/clk_in1_VGA_source_bd_clk_wiz_0_0
    MMCME2_ADV_X0Y0      MMCME2_ADV (Prop_mmcme2_adv_CLKIN1_CLKOUT1)
                                                     -3.204    -2.278 r  VGA_source_bd_i/clk_wiz_0/inst/mmcm_adv_inst/CLKOUT1
                         net (fo=1, routed)           0.564    -1.714    VGA_source_bd_i/clk_wiz_0/inst/clk_out2_VGA_source_bd_clk_wiz_0_0
    BUFGCTRL_X0Y0        BUFG (Prop_bufg_I_O)         0.029    -1.685 r  VGA_source_bd_i/clk_wiz_0/inst/clkout2_buf/O
                         net (fo=1366, routed)        0.881    -0.804    VGA_source_bd_i/v_axi4s_vid_out_0/inst/COUPLER_INST/generate_async_fifo.FIFO_INST/XPM_FIFO_ASYNC_INST/gnuram_async_fifo.xpm_fifo_base_inst/gen_cdc_pntr.wr_pntr_cdc_dc_inst/dest_clk
    SLICE_X93Y2          FDRE                                         r  VGA_source_bd_i/v_axi4s_vid_out_0/inst/COUPLER_INST/generate_async_fifo.FIFO_INST/XPM_FIFO_ASYNC_INST/gnuram_async_fifo.xpm_fifo_base_inst/gen_cdc_pntr.wr_pntr_cdc_dc_inst/dest_graysync_ff_reg[1][1]/C
                         clock pessimism              0.236    -0.568    
    SLICE_X93Y2          FDRE (Hold_fdre_C_D)         0.075    -0.493    VGA_source_bd_i/v_axi4s_vid_out_0/inst/COUPLER_INST/generate_async_fifo.FIFO_INST/XPM_FIFO_ASYNC_INST/gnuram_async_fifo.xpm_fifo_base_inst/gen_cdc_pntr.wr_pntr_cdc_dc_inst/dest_graysync_ff_reg[1][1]
  -------------------------------------------------------------------
                         required time                          0.493    
                         arrival time                          -0.371    
  -------------------------------------------------------------------
                         slack                                  0.122    

Slack (MET) :             0.122ns  (arrival time - required time)
  Source:                 VGA_source_bd_i/v_axi4s_vid_out_0/inst/COUPLER_INST/generate_async_fifo.FIFO_INST/XPM_FIFO_ASYNC_INST/gnuram_async_fifo.xpm_fifo_base_inst/gen_cdc_pntr.wr_pntr_cdc_dc_inst/dest_graysync_ff_reg[0][10]/C
                            (rising edge-triggered cell FDRE clocked by clk_out2_VGA_source_bd_clk_wiz_0_0  {rise@0.000ns fall@19.789ns period=39.579ns})
  Destination:            VGA_source_bd_i/v_axi4s_vid_out_0/inst/COUPLER_INST/generate_async_fifo.FIFO_INST/XPM_FIFO_ASYNC_INST/gnuram_async_fifo.xpm_fifo_base_inst/gen_cdc_pntr.wr_pntr_cdc_dc_inst/dest_graysync_ff_reg[1][10]/D
                            (rising edge-triggered cell FDRE clocked by clk_out2_VGA_source_bd_clk_wiz_0_0  {rise@0.000ns fall@19.789ns period=39.579ns})
  Path Group:             clk_out2_VGA_source_bd_clk_wiz_0_0
  Path Type:              Hold (Min at Fast Process Corner)
  Requirement:            0.000ns  (clk_out2_VGA_source_bd_clk_wiz_0_0 rise@0.000ns - clk_out2_VGA_source_bd_clk_wiz_0_0 rise@0.000ns)
  Data Path Delay:        0.197ns  (logic 0.141ns (71.611%)  route 0.056ns (28.389%))
  Logic Levels:           0  
  Clock Path Skew:        0.000ns (DCD - SCD - CPR)
    Destination Clock Delay (DCD):    -0.804ns
    Source Clock Delay      (SCD):    -0.568ns
    Clock Pessimism Removal (CPR):    -0.236ns

    Location             Delay type                Incr(ns)  Path(ns)    Netlist Resource(s)
  -------------------------------------------------------------------    -------------------
                         (clock clk_out2_VGA_source_bd_clk_wiz_0_0 rise edge)
                                                      0.000     0.000 r  
    Y9                                                0.000     0.000 r  clk (IN)
                         net (fo=0)                   0.000     0.000    VGA_source_bd_i/clk_wiz_0/inst/clk_in1
    Y9                   IBUF (Prop_ibuf_I_O)         0.258     0.258 r  VGA_source_bd_i/clk_wiz_0/inst/clkin1_ibufg/O
                         net (fo=1, routed)           0.440     0.698    VGA_source_bd_i/clk_wiz_0/inst/clk_in1_VGA_source_bd_clk_wiz_0_0
    MMCME2_ADV_X0Y0      MMCME2_ADV (Prop_mmcme2_adv_CLKIN1_CLKOUT1)
                                                     -2.421    -1.722 r  VGA_source_bd_i/clk_wiz_0/inst/mmcm_adv_inst/CLKOUT1
                         net (fo=1, routed)           0.518    -1.204    VGA_source_bd_i/clk_wiz_0/inst/clk_out2_VGA_source_bd_clk_wiz_0_0
    BUFGCTRL_X0Y0        BUFG (Prop_bufg_I_O)         0.026    -1.178 r  VGA_source_bd_i/clk_wiz_0/inst/clkout2_buf/O
                         net (fo=1366, routed)        0.611    -0.568    VGA_source_bd_i/v_axi4s_vid_out_0/inst/COUPLER_INST/generate_async_fifo.FIFO_INST/XPM_FIFO_ASYNC_INST/gnuram_async_fifo.xpm_fifo_base_inst/gen_cdc_pntr.wr_pntr_cdc_dc_inst/dest_clk
    SLICE_X97Y5          FDRE                                         r  VGA_source_bd_i/v_axi4s_vid_out_0/inst/COUPLER_INST/generate_async_fifo.FIFO_INST/XPM_FIFO_ASYNC_INST/gnuram_async_fifo.xpm_fifo_base_inst/gen_cdc_pntr.wr_pntr_cdc_dc_inst/dest_graysync_ff_reg[0][10]/C
  -------------------------------------------------------------------    -------------------
    SLICE_X97Y5          FDRE (Prop_fdre_C_Q)         0.141    -0.427 r  VGA_source_bd_i/v_axi4s_vid_out_0/inst/COUPLER_INST/generate_async_fifo.FIFO_INST/XPM_FIFO_ASYNC_INST/gnuram_async_fifo.xpm_fifo_base_inst/gen_cdc_pntr.wr_pntr_cdc_dc_inst/dest_graysync_ff_reg[0][10]/Q
                         net (fo=1, routed)           0.056    -0.371    VGA_source_bd_i/v_axi4s_vid_out_0/inst/COUPLER_INST/generate_async_fifo.FIFO_INST/XPM_FIFO_ASYNC_INST/gnuram_async_fifo.xpm_fifo_base_inst/gen_cdc_pntr.wr_pntr_cdc_dc_inst/dest_graysync_ff[0][10]
    SLICE_X97Y5          FDRE                                         r  VGA_source_bd_i/v_axi4s_vid_out_0/inst/COUPLER_INST/generate_async_fifo.FIFO_INST/XPM_FIFO_ASYNC_INST/gnuram_async_fifo.xpm_fifo_base_inst/gen_cdc_pntr.wr_pntr_cdc_dc_inst/dest_graysync_ff_reg[1][10]/D
  -------------------------------------------------------------------    -------------------

                         (clock clk_out2_VGA_source_bd_clk_wiz_0_0 rise edge)
                                                      0.000     0.000 r  
    Y9                                                0.000     0.000 r  clk (IN)
                         net (fo=0)                   0.000     0.000    VGA_source_bd_i/clk_wiz_0/inst/clk_in1
    Y9                   IBUF (Prop_ibuf_I_O)         0.446     0.446 r  VGA_source_bd_i/clk_wiz_0/inst/clkin1_ibufg/O
                         net (fo=1, routed)           0.480     0.926    VGA_source_bd_i/clk_wiz_0/inst/clk_in1_VGA_source_bd_clk_wiz_0_0
    MMCME2_ADV_X0Y0      MMCME2_ADV (Prop_mmcme2_adv_CLKIN1_CLKOUT1)
                                                     -3.204    -2.278 r  VGA_source_bd_i/clk_wiz_0/inst/mmcm_adv_inst/CLKOUT1
                         net (fo=1, routed)           0.564    -1.714    VGA_source_bd_i/clk_wiz_0/inst/clk_out2_VGA_source_bd_clk_wiz_0_0
    BUFGCTRL_X0Y0        BUFG (Prop_bufg_I_O)         0.029    -1.685 r  VGA_source_bd_i/clk_wiz_0/inst/clkout2_buf/O
                         net (fo=1366, routed)        0.881    -0.804    VGA_source_bd_i/v_axi4s_vid_out_0/inst/COUPLER_INST/generate_async_fifo.FIFO_INST/XPM_FIFO_ASYNC_INST/gnuram_async_fifo.xpm_fifo_base_inst/gen_cdc_pntr.wr_pntr_cdc_dc_inst/dest_clk
    SLICE_X97Y5          FDRE                                         r  VGA_source_bd_i/v_axi4s_vid_out_0/inst/COUPLER_INST/generate_async_fifo.FIFO_INST/XPM_FIFO_ASYNC_INST/gnuram_async_fifo.xpm_fifo_base_inst/gen_cdc_pntr.wr_pntr_cdc_dc_inst/dest_graysync_ff_reg[1][10]/C
                         clock pessimism              0.236    -0.568    
    SLICE_X97Y5          FDRE (Hold_fdre_C_D)         0.075    -0.493    VGA_source_bd_i/v_axi4s_vid_out_0/inst/COUPLER_INST/generate_async_fifo.FIFO_INST/XPM_FIFO_ASYNC_INST/gnuram_async_fifo.xpm_fifo_base_inst/gen_cdc_pntr.wr_pntr_cdc_dc_inst/dest_graysync_ff_reg[1][10]
  -------------------------------------------------------------------
                         required time                          0.493    
                         arrival time                          -0.371    
  -------------------------------------------------------------------
                         slack                                  0.122    





Pulse Width Checks
--------------------------------------------------------------------------------------
Clock Name:         clk_out2_VGA_source_bd_clk_wiz_0_0
Waveform(ns):       { 0.000 19.789 }
Period(ns):         39.579
Sources:            { VGA_source_bd_i/clk_wiz_0/inst/mmcm_adv_inst/CLKOUT1 }

Check Type        Corner  Lib Pin             Reference Pin  Required(ns)  Actual(ns)  Slack(ns)  Location         Pin
Min Period        n/a     RAMB18E1/CLKARDCLK  n/a            2.576         39.579      37.003     RAMB18_X4Y3      VGA_source_bd_i/v_vid_in_axi4s_0/inst/COUPLER_INST/generate_async_fifo.FIFO_INST/XPM_FIFO_ASYNC_INST/gnuram_async_fifo.xpm_fifo_base_inst/gen_sdpram.xpm_memory_base_inst/gen_wr_a.gen_word_narrow.mem_reg/CLKARDCLK
Min Period        n/a     RAMB18E1/CLKBWRCLK  n/a            2.576         39.579      37.003     RAMB18_X4Y2      VGA_source_bd_i/v_axi4s_vid_out_0/inst/COUPLER_INST/generate_async_fifo.FIFO_INST/XPM_FIFO_ASYNC_INST/gnuram_async_fifo.xpm_fifo_base_inst/gen_sdpram.xpm_memory_base_inst/gen_wr_a.gen_word_narrow.mem_reg/CLKBWRCLK
Min Period        n/a     BUFG/I              n/a            2.155         39.579      37.424     BUFGCTRL_X0Y0    VGA_source_bd_i/clk_wiz_0/inst/clkout2_buf/I
Min Period        n/a     MMCME2_ADV/CLKOUT1  n/a            1.249         39.579      38.330     MMCME2_ADV_X0Y0  VGA_source_bd_i/clk_wiz_0/inst/mmcm_adv_inst/CLKOUT1
Min Period        n/a     FDRE/C              n/a            1.000         39.579      38.579     SLICE_X95Y9      VGA_source_bd_i/c_counter_binary_0/U0/i_synth/i_baseblox.i_baseblox_counter/the_addsub/no_pipelining.the_addsub/i_lut6.i_lut6_addsub/i_q.i_simple.qreg/i_no_async_controls.output_reg[1]/C
Min Period        n/a     FDRE/C              n/a            1.000         39.579      38.579     SLICE_X95Y9      VGA_source_bd_i/c_counter_binary_0/U0/i_synth/i_baseblox.i_baseblox_counter/the_addsub/no_pipelining.the_addsub/i_lut6.i_lut6_addsub/i_q.i_simple.qreg/i_no_async_controls.output_reg[2]/C
Min Period        n/a     FDRE/C              n/a            1.000         39.579      38.579     SLICE_X95Y9      VGA_source_bd_i/c_counter_binary_0/U0/i_synth/i_baseblox.i_baseblox_counter/the_addsub/no_pipelining.the_addsub/i_lut6.i_lut6_addsub/i_q.i_simple.qreg/i_no_async_controls.output_reg[3]/C
Min Period        n/a     FDRE/C              n/a            1.000         39.579      38.579     SLICE_X95Y9      VGA_source_bd_i/c_counter_binary_0/U0/i_synth/i_baseblox.i_baseblox_counter/the_addsub/no_pipelining.the_addsub/i_lut6.i_lut6_addsub/i_q.i_simple.qreg/i_no_async_controls.output_reg[4]/C
Min Period        n/a     FDRE/C              n/a            1.000         39.579      38.579     SLICE_X95Y10     VGA_source_bd_i/c_counter_binary_0/U0/i_synth/i_baseblox.i_baseblox_counter/the_addsub/no_pipelining.the_addsub/i_lut6.i_lut6_addsub/i_q.i_simple.qreg/i_no_async_controls.output_reg[5]/C
Min Period        n/a     FDRE/C              n/a            1.000         39.579      38.579     SLICE_X95Y10     VGA_source_bd_i/c_counter_binary_0/U0/i_synth/i_baseblox.i_baseblox_counter/the_addsub/no_pipelining.the_addsub/i_lut6.i_lut6_addsub/i_q.i_simple.qreg/i_no_async_controls.output_reg[6]/C
Max Period        n/a     MMCME2_ADV/CLKOUT1  n/a            213.360       39.579      173.781    MMCME2_ADV_X0Y0  VGA_source_bd_i/clk_wiz_0/inst/mmcm_adv_inst/CLKOUT1
Low Pulse Width   Slow    SRL16E/CLK          n/a            0.980         19.789      18.809     SLICE_X100Y27    VGA_source_bd_i/rst_clk_wiz_0_107M/U0/EXT_LPF/POR_SRL_I/CLK
Low Pulse Width   Fast    SRL16E/CLK          n/a            0.980         19.789      18.809     SLICE_X100Y27    VGA_source_bd_i/rst_clk_wiz_0_107M/U0/EXT_LPF/POR_SRL_I/CLK
Low Pulse Width   Fast    FDRE/C              n/a            0.500         19.789      19.289     SLICE_X95Y9      VGA_source_bd_i/c_counter_binary_0/U0/i_synth/i_baseblox.i_baseblox_counter/the_addsub/no_pipelining.the_addsub/i_lut6.i_lut6_addsub/i_q.i_simple.qreg/i_no_async_controls.output_reg[1]/C
Low Pulse Width   Fast    FDRE/C              n/a            0.500         19.789      19.289     SLICE_X95Y9      VGA_source_bd_i/c_counter_binary_0/U0/i_synth/i_baseblox.i_baseblox_counter/the_addsub/no_pipelining.the_addsub/i_lut6.i_lut6_addsub/i_q.i_simple.qreg/i_no_async_controls.output_reg[2]/C
Low Pulse Width   Fast    FDRE/C              n/a            0.500         19.789      19.289     SLICE_X95Y9      VGA_source_bd_i/c_counter_binary_0/U0/i_synth/i_baseblox.i_baseblox_counter/the_addsub/no_pipelining.the_addsub/i_lut6.i_lut6_addsub/i_q.i_simple.qreg/i_no_async_controls.output_reg[3]/C
Low Pulse Width   Fast    FDRE/C              n/a            0.500         19.789      19.289     SLICE_X95Y9      VGA_source_bd_i/c_counter_binary_0/U0/i_synth/i_baseblox.i_baseblox_counter/the_addsub/no_pipelining.the_addsub/i_lut6.i_lut6_addsub/i_q.i_simple.qreg/i_no_async_controls.output_reg[4]/C
Low Pulse Width   Slow    FDRE/C              n/a            0.500         19.789      19.289     SLICE_X101Y3     VGA_source_bd_i/v_axi4s_vid_out_0/inst/COUPLER_INST/generate_async_fifo.FIFO_INST/XPM_FIFO_ASYNC_INST/gnuram_async_fifo.xpm_fifo_base_inst/gen_cdc_pntr.wpr_gray_reg/reg_out_i_reg[0]/C
Low Pulse Width   Fast    FDRE/C              n/a            0.500         19.789      19.289     SLICE_X101Y3     VGA_source_bd_i/v_axi4s_vid_out_0/inst/COUPLER_INST/generate_async_fifo.FIFO_INST/XPM_FIFO_ASYNC_INST/gnuram_async_fifo.xpm_fifo_base_inst/gen_cdc_pntr.wpr_gray_reg/reg_out_i_reg[0]/C
Low Pulse Width   Slow    FDRE/C              n/a            0.500         19.789      19.289     SLICE_X101Y3     VGA_source_bd_i/v_axi4s_vid_out_0/inst/COUPLER_INST/generate_async_fifo.FIFO_INST/XPM_FIFO_ASYNC_INST/gnuram_async_fifo.xpm_fifo_base_inst/gen_cdc_pntr.wpr_gray_reg/reg_out_i_reg[1]/C
Low Pulse Width   Fast    FDRE/C              n/a            0.500         19.789      19.289     SLICE_X101Y3     VGA_source_bd_i/v_axi4s_vid_out_0/inst/COUPLER_INST/generate_async_fifo.FIFO_INST/XPM_FIFO_ASYNC_INST/gnuram_async_fifo.xpm_fifo_base_inst/gen_cdc_pntr.wpr_gray_reg/reg_out_i_reg[1]/C
High Pulse Width  Slow    SRL16E/CLK          n/a            0.980         19.789      18.809     SLICE_X100Y27    VGA_source_bd_i/rst_clk_wiz_0_107M/U0/EXT_LPF/POR_SRL_I/CLK
High Pulse Width  Fast    SRL16E/CLK          n/a            0.980         19.789      18.809     SLICE_X100Y27    VGA_source_bd_i/rst_clk_wiz_0_107M/U0/EXT_LPF/POR_SRL_I/CLK
High Pulse Width  Slow    FDRE/C              n/a            0.500         19.789      19.289     SLICE_X95Y9      VGA_source_bd_i/c_counter_binary_0/U0/i_synth/i_baseblox.i_baseblox_counter/the_addsub/no_pipelining.the_addsub/i_lut6.i_lut6_addsub/i_q.i_simple.qreg/i_no_async_controls.output_reg[1]/C
High Pulse Width  Fast    FDRE/C              n/a            0.500         19.789      19.289     SLICE_X95Y9      VGA_source_bd_i/c_counter_binary_0/U0/i_synth/i_baseblox.i_baseblox_counter/the_addsub/no_pipelining.the_addsub/i_lut6.i_lut6_addsub/i_q.i_simple.qreg/i_no_async_controls.output_reg[1]/C
High Pulse Width  Slow    FDRE/C              n/a            0.500         19.789      19.289     SLICE_X95Y9      VGA_source_bd_i/c_counter_binary_0/U0/i_synth/i_baseblox.i_baseblox_counter/the_addsub/no_pipelining.the_addsub/i_lut6.i_lut6_addsub/i_q.i_simple.qreg/i_no_async_controls.output_reg[2]/C
High Pulse Width  Fast    FDRE/C              n/a            0.500         19.789      19.289     SLICE_X95Y9      VGA_source_bd_i/c_counter_binary_0/U0/i_synth/i_baseblox.i_baseblox_counter/the_addsub/no_pipelining.the_addsub/i_lut6.i_lut6_addsub/i_q.i_simple.qreg/i_no_async_controls.output_reg[2]/C
High Pulse Width  Slow    FDRE/C              n/a            0.500         19.789      19.289     SLICE_X95Y9      VGA_source_bd_i/c_counter_binary_0/U0/i_synth/i_baseblox.i_baseblox_counter/the_addsub/no_pipelining.the_addsub/i_lut6.i_lut6_addsub/i_q.i_simple.qreg/i_no_async_controls.output_reg[3]/C
High Pulse Width  Fast    FDRE/C              n/a            0.500         19.789      19.289     SLICE_X95Y9      VGA_source_bd_i/c_counter_binary_0/U0/i_synth/i_baseblox.i_baseblox_counter/the_addsub/no_pipelining.the_addsub/i_lut6.i_lut6_addsub/i_q.i_simple.qreg/i_no_async_controls.output_reg[3]/C
High Pulse Width  Slow    FDRE/C              n/a            0.500         19.789      19.289     SLICE_X95Y9      VGA_source_bd_i/c_counter_binary_0/U0/i_synth/i_baseblox.i_baseblox_counter/the_addsub/no_pipelining.the_addsub/i_lut6.i_lut6_addsub/i_q.i_simple.qreg/i_no_async_controls.output_reg[4]/C
High Pulse Width  Fast    FDRE/C              n/a            0.500         19.789      19.289     SLICE_X95Y9      VGA_source_bd_i/c_counter_binary_0/U0/i_synth/i_baseblox.i_baseblox_counter/the_addsub/no_pipelining.the_addsub/i_lut6.i_lut6_addsub/i_q.i_simple.qreg/i_no_async_controls.output_reg[4]/C



---------------------------------------------------------------------------------------------------
From Clock:  clkfbout_VGA_source_bd_clk_wiz_0_0
  To Clock:  clkfbout_VGA_source_bd_clk_wiz_0_0

Setup :           NA  Failing Endpoints,  Worst Slack           NA  ,  Total Violation           NA
Hold  :           NA  Failing Endpoints,  Worst Slack           NA  ,  Total Violation           NA
PW    :            0  Failing Endpoints,  Worst Slack        7.845ns,  Total Violation        0.000ns
---------------------------------------------------------------------------------------------------


Pulse Width Checks
--------------------------------------------------------------------------------------
Clock Name:         clkfbout_VGA_source_bd_clk_wiz_0_0
Waveform(ns):       { 0.000 5.000 }
Period(ns):         10.000
Sources:            { VGA_source_bd_i/clk_wiz_0/inst/mmcm_adv_inst/CLKFBOUT }

Check Type  Corner  Lib Pin              Reference Pin  Required(ns)  Actual(ns)  Slack(ns)  Location         Pin
Min Period  n/a     BUFG/I               n/a            2.155         10.000      7.845      BUFGCTRL_X0Y2    VGA_source_bd_i/clk_wiz_0/inst/clkf_buf/I
Min Period  n/a     MMCME2_ADV/CLKFBOUT  n/a            1.249         10.000      8.751      MMCME2_ADV_X0Y0  VGA_source_bd_i/clk_wiz_0/inst/mmcm_adv_inst/CLKFBOUT
Min Period  n/a     MMCME2_ADV/CLKFBIN   n/a            1.249         10.000      8.751      MMCME2_ADV_X0Y0  VGA_source_bd_i/clk_wiz_0/inst/mmcm_adv_inst/CLKFBIN
Max Period  n/a     MMCME2_ADV/CLKFBIN   n/a            100.000       10.000      90.000     MMCME2_ADV_X0Y0  VGA_source_bd_i/clk_wiz_0/inst/mmcm_adv_inst/CLKFBIN
Max Period  n/a     MMCME2_ADV/CLKFBOUT  n/a            213.360       10.000      203.360    MMCME2_ADV_X0Y0  VGA_source_bd_i/clk_wiz_0/inst/mmcm_adv_inst/CLKFBOUT



---------------------------------------------------------------------------------------------------
From Clock:  clk_out2_VGA_source_bd_clk_wiz_0_0
  To Clock:  clk_out1_VGA_source_bd_clk_wiz_0_0

Setup :            0  Failing Endpoints,  Worst Slack       38.183ns,  Total Violation        0.000ns
Hold  :           NA  Failing Endpoints,  Worst Slack           NA  ,  Total Violation           NA
---------------------------------------------------------------------------------------------------


Max Delay Paths
--------------------------------------------------------------------------------------
Slack (MET) :             38.183ns  (required time - arrival time)
  Source:                 VGA_source_bd_i/v_vid_in_axi4s_0/inst/COUPLER_INST/generate_async_fifo.FIFO_INST/XPM_FIFO_ASYNC_INST/gnuram_async_fifo.xpm_fifo_base_inst/gen_cdc_pntr.wr_pntr_cdc_inst/src_gray_ff_reg[3]/C
                            (rising edge-triggered cell FDRE clocked by clk_out2_VGA_source_bd_clk_wiz_0_0  {rise@0.000ns fall@19.789ns period=39.579ns})
  Destination:            VGA_source_bd_i/v_vid_in_axi4s_0/inst/COUPLER_INST/generate_async_fifo.FIFO_INST/XPM_FIFO_ASYNC_INST/gnuram_async_fifo.xpm_fifo_base_inst/gen_cdc_pntr.wr_pntr_cdc_inst/dest_graysync_ff_reg[0][3]/D
                            (rising edge-triggered cell FDRE clocked by clk_out1_VGA_source_bd_clk_wiz_0_0  {rise@0.000ns fall@4.632ns period=9.263ns})
  Path Group:             clk_out1_VGA_source_bd_clk_wiz_0_0
  Path Type:              Setup (Max at Slow Process Corner)
  Requirement:            39.579ns  (MaxDelay Path 39.579ns)
  Data Path Delay:        1.176ns  (logic 0.419ns (35.617%)  route 0.757ns (64.383%))
  Logic Levels:           0  
  Timing Exception:       MaxDelay Path 39.579ns -datapath_only

    Location             Delay type                Incr(ns)  Path(ns)    Netlist Resource(s)
  -------------------------------------------------------------------    -------------------
    SLICE_X89Y4                                       0.000     0.000 r  VGA_source_bd_i/v_vid_in_axi4s_0/inst/COUPLER_INST/generate_async_fifo.FIFO_INST/XPM_FIFO_ASYNC_INST/gnuram_async_fifo.xpm_fifo_base_inst/gen_cdc_pntr.wr_pntr_cdc_inst/src_gray_ff_reg[3]/C
    SLICE_X89Y4          FDRE (Prop_fdre_C_Q)         0.419     0.419 r  VGA_source_bd_i/v_vid_in_axi4s_0/inst/COUPLER_INST/generate_async_fifo.FIFO_INST/XPM_FIFO_ASYNC_INST/gnuram_async_fifo.xpm_fifo_base_inst/gen_cdc_pntr.wr_pntr_cdc_inst/src_gray_ff_reg[3]/Q
                         net (fo=1, routed)           0.757     1.176    VGA_source_bd_i/v_vid_in_axi4s_0/inst/COUPLER_INST/generate_async_fifo.FIFO_INST/XPM_FIFO_ASYNC_INST/gnuram_async_fifo.xpm_fifo_base_inst/gen_cdc_pntr.wr_pntr_cdc_inst/async_path[3]
    SLICE_X86Y3          FDRE                                         r  VGA_source_bd_i/v_vid_in_axi4s_0/inst/COUPLER_INST/generate_async_fifo.FIFO_INST/XPM_FIFO_ASYNC_INST/gnuram_async_fifo.xpm_fifo_base_inst/gen_cdc_pntr.wr_pntr_cdc_inst/dest_graysync_ff_reg[0][3]/D
  -------------------------------------------------------------------    -------------------

                         max delay                   39.579    39.579    
    SLICE_X86Y3          FDRE (Setup_fdre_C_D)       -0.220    39.359    VGA_source_bd_i/v_vid_in_axi4s_0/inst/COUPLER_INST/generate_async_fifo.FIFO_INST/XPM_FIFO_ASYNC_INST/gnuram_async_fifo.xpm_fifo_base_inst/gen_cdc_pntr.wr_pntr_cdc_inst/dest_graysync_ff_reg[0][3]
  -------------------------------------------------------------------
                         required time                         39.359    
                         arrival time                          -1.176    
  -------------------------------------------------------------------
                         slack                                 38.183    

Slack (MET) :             38.185ns  (required time - arrival time)
  Source:                 VGA_source_bd_i/v_vid_in_axi4s_0/inst/COUPLER_INST/generate_async_fifo.FIFO_INST/XPM_FIFO_ASYNC_INST/gnuram_async_fifo.xpm_fifo_base_inst/gen_cdc_pntr.wr_pntr_cdc_inst/src_gray_ff_reg[1]/C
                            (rising edge-triggered cell FDRE clocked by clk_out2_VGA_source_bd_clk_wiz_0_0  {rise@0.000ns fall@19.789ns period=39.579ns})
  Destination:            VGA_source_bd_i/v_vid_in_axi4s_0/inst/COUPLER_INST/generate_async_fifo.FIFO_INST/XPM_FIFO_ASYNC_INST/gnuram_async_fifo.xpm_fifo_base_inst/gen_cdc_pntr.wr_pntr_cdc_inst/dest_graysync_ff_reg[0][1]/D
                            (rising edge-triggered cell FDRE clocked by clk_out1_VGA_source_bd_clk_wiz_0_0  {rise@0.000ns fall@4.632ns period=9.263ns})
  Path Group:             clk_out1_VGA_source_bd_clk_wiz_0_0
  Path Type:              Setup (Max at Slow Process Corner)
  Requirement:            39.579ns  (MaxDelay Path 39.579ns)
  Data Path Delay:        1.174ns  (logic 0.419ns (35.704%)  route 0.755ns (64.296%))
  Logic Levels:           0  
  Timing Exception:       MaxDelay Path 39.579ns -datapath_only

    Location             Delay type                Incr(ns)  Path(ns)    Netlist Resource(s)
  -------------------------------------------------------------------    -------------------
    SLICE_X93Y5                                       0.000     0.000 r  VGA_source_bd_i/v_vid_in_axi4s_0/inst/COUPLER_INST/generate_async_fifo.FIFO_INST/XPM_FIFO_ASYNC_INST/gnuram_async_fifo.xpm_fifo_base_inst/gen_cdc_pntr.wr_pntr_cdc_inst/src_gray_ff_reg[1]/C
    SLICE_X93Y5          FDRE (Prop_fdre_C_Q)         0.419     0.419 r  VGA_source_bd_i/v_vid_in_axi4s_0/inst/COUPLER_INST/generate_async_fifo.FIFO_INST/XPM_FIFO_ASYNC_INST/gnuram_async_fifo.xpm_fifo_base_inst/gen_cdc_pntr.wr_pntr_cdc_inst/src_gray_ff_reg[1]/Q
                         net (fo=1, routed)           0.755     1.174    VGA_source_bd_i/v_vid_in_axi4s_0/inst/COUPLER_INST/generate_async_fifo.FIFO_INST/XPM_FIFO_ASYNC_INST/gnuram_async_fifo.xpm_fifo_base_inst/gen_cdc_pntr.wr_pntr_cdc_inst/async_path[1]
    SLICE_X86Y3          FDRE                                         r  VGA_source_bd_i/v_vid_in_axi4s_0/inst/COUPLER_INST/generate_async_fifo.FIFO_INST/XPM_FIFO_ASYNC_INST/gnuram_async_fifo.xpm_fifo_base_inst/gen_cdc_pntr.wr_pntr_cdc_inst/dest_graysync_ff_reg[0][1]/D
  -------------------------------------------------------------------    -------------------

                         max delay                   39.579    39.579    
    SLICE_X86Y3          FDRE (Setup_fdre_C_D)       -0.220    39.359    VGA_source_bd_i/v_vid_in_axi4s_0/inst/COUPLER_INST/generate_async_fifo.FIFO_INST/XPM_FIFO_ASYNC_INST/gnuram_async_fifo.xpm_fifo_base_inst/gen_cdc_pntr.wr_pntr_cdc_inst/dest_graysync_ff_reg[0][1]
  -------------------------------------------------------------------
                         required time                         39.359    
                         arrival time                          -1.174    
  -------------------------------------------------------------------
                         slack                                 38.185    

Slack (MET) :             38.193ns  (required time - arrival time)
  Source:                 VGA_source_bd_i/v_vid_in_axi4s_0/inst/COUPLER_INST/generate_async_fifo.FIFO_INST/XPM_FIFO_ASYNC_INST/gnuram_async_fifo.xpm_fifo_base_inst/gen_cdc_pntr.wr_pntr_cdc_inst/src_gray_ff_reg[5]/C
                            (rising edge-triggered cell FDRE clocked by clk_out2_VGA_source_bd_clk_wiz_0_0  {rise@0.000ns fall@19.789ns period=39.579ns})
  Destination:            VGA_source_bd_i/v_vid_in_axi4s_0/inst/COUPLER_INST/generate_async_fifo.FIFO_INST/XPM_FIFO_ASYNC_INST/gnuram_async_fifo.xpm_fifo_base_inst/gen_cdc_pntr.wr_pntr_cdc_inst/dest_graysync_ff_reg[0][5]/D
                            (rising edge-triggered cell FDRE clocked by clk_out1_VGA_source_bd_clk_wiz_0_0  {rise@0.000ns fall@4.632ns period=9.263ns})
  Path Group:             clk_out1_VGA_source_bd_clk_wiz_0_0
  Path Type:              Setup (Max at Slow Process Corner)
  Requirement:            39.579ns  (MaxDelay Path 39.579ns)
  Data Path Delay:        1.167ns  (logic 0.419ns (35.911%)  route 0.748ns (64.089%))
  Logic Levels:           0  
  Timing Exception:       MaxDelay Path 39.579ns -datapath_only

    Location             Delay type                Incr(ns)  Path(ns)    Netlist Resource(s)
  -------------------------------------------------------------------    -------------------
    SLICE_X89Y4                                       0.000     0.000 r  VGA_source_bd_i/v_vid_in_axi4s_0/inst/COUPLER_INST/generate_async_fifo.FIFO_INST/XPM_FIFO_ASYNC_INST/gnuram_async_fifo.xpm_fifo_base_inst/gen_cdc_pntr.wr_pntr_cdc_inst/src_gray_ff_reg[5]/C
    SLICE_X89Y4          FDRE (Prop_fdre_C_Q)         0.419     0.419 r  VGA_source_bd_i/v_vid_in_axi4s_0/inst/COUPLER_INST/generate_async_fifo.FIFO_INST/XPM_FIFO_ASYNC_INST/gnuram_async_fifo.xpm_fifo_base_inst/gen_cdc_pntr.wr_pntr_cdc_inst/src_gray_ff_reg[5]/Q
                         net (fo=1, routed)           0.748     1.167    VGA_source_bd_i/v_vid_in_axi4s_0/inst/COUPLER_INST/generate_async_fifo.FIFO_INST/XPM_FIFO_ASYNC_INST/gnuram_async_fifo.xpm_fifo_base_inst/gen_cdc_pntr.wr_pntr_cdc_inst/async_path[5]
    SLICE_X86Y4          FDRE                                         r  VGA_source_bd_i/v_vid_in_axi4s_0/inst/COUPLER_INST/generate_async_fifo.FIFO_INST/XPM_FIFO_ASYNC_INST/gnuram_async_fifo.xpm_fifo_base_inst/gen_cdc_pntr.wr_pntr_cdc_inst/dest_graysync_ff_reg[0][5]/D
  -------------------------------------------------------------------    -------------------

                         max delay                   39.579    39.579    
    SLICE_X86Y4          FDRE (Setup_fdre_C_D)       -0.219    39.360    VGA_source_bd_i/v_vid_in_axi4s_0/inst/COUPLER_INST/generate_async_fifo.FIFO_INST/XPM_FIFO_ASYNC_INST/gnuram_async_fifo.xpm_fifo_base_inst/gen_cdc_pntr.wr_pntr_cdc_inst/dest_graysync_ff_reg[0][5]
  -------------------------------------------------------------------
                         required time                         39.360    
                         arrival time                          -1.167    
  -------------------------------------------------------------------
                         slack                                 38.193    

Slack (MET) :             38.244ns  (required time - arrival time)
  Source:                 VGA_source_bd_i/v_axi4s_vid_out_0/inst/COUPLER_INST/generate_async_fifo.FIFO_INST/XPM_FIFO_ASYNC_INST/gnuram_async_fifo.xpm_fifo_base_inst/gen_cdc_pntr.rd_pntr_cdc_inst/src_gray_ff_reg[3]/C
                            (rising edge-triggered cell FDRE clocked by clk_out2_VGA_source_bd_clk_wiz_0_0  {rise@0.000ns fall@19.789ns period=39.579ns})
  Destination:            VGA_source_bd_i/v_axi4s_vid_out_0/inst/COUPLER_INST/generate_async_fifo.FIFO_INST/XPM_FIFO_ASYNC_INST/gnuram_async_fifo.xpm_fifo_base_inst/gen_cdc_pntr.rd_pntr_cdc_inst/dest_graysync_ff_reg[0][3]/D
                            (rising edge-triggered cell FDRE clocked by clk_out1_VGA_source_bd_clk_wiz_0_0  {rise@0.000ns fall@4.632ns period=9.263ns})
  Path Group:             clk_out1_VGA_source_bd_clk_wiz_0_0
  Path Type:              Setup (Max at Slow Process Corner)
  Requirement:            39.579ns  (MaxDelay Path 39.579ns)
  Data Path Delay:        1.065ns  (logic 0.478ns (44.898%)  route 0.587ns (55.102%))
  Logic Levels:           0  
  Timing Exception:       MaxDelay Path 39.579ns -datapath_only

    Location             Delay type                Incr(ns)  Path(ns)    Netlist Resource(s)
  -------------------------------------------------------------------    -------------------
    SLICE_X100Y2                                      0.000     0.000 r  VGA_source_bd_i/v_axi4s_vid_out_0/inst/COUPLER_INST/generate_async_fifo.FIFO_INST/XPM_FIFO_ASYNC_INST/gnuram_async_fifo.xpm_fifo_base_inst/gen_cdc_pntr.rd_pntr_cdc_inst/src_gray_ff_reg[3]/C
    SLICE_X100Y2         FDRE (Prop_fdre_C_Q)         0.478     0.478 r  VGA_source_bd_i/v_axi4s_vid_out_0/inst/COUPLER_INST/generate_async_fifo.FIFO_INST/XPM_FIFO_ASYNC_INST/gnuram_async_fifo.xpm_fifo_base_inst/gen_cdc_pntr.rd_pntr_cdc_inst/src_gray_ff_reg[3]/Q
                         net (fo=1, routed)           0.587     1.065    VGA_source_bd_i/v_axi4s_vid_out_0/inst/COUPLER_INST/generate_async_fifo.FIFO_INST/XPM_FIFO_ASYNC_INST/gnuram_async_fifo.xpm_fifo_base_inst/gen_cdc_pntr.rd_pntr_cdc_inst/async_path[3]
    SLICE_X103Y2         FDRE                                         r  VGA_source_bd_i/v_axi4s_vid_out_0/inst/COUPLER_INST/generate_async_fifo.FIFO_INST/XPM_FIFO_ASYNC_INST/gnuram_async_fifo.xpm_fifo_base_inst/gen_cdc_pntr.rd_pntr_cdc_inst/dest_graysync_ff_reg[0][3]/D
  -------------------------------------------------------------------    -------------------

                         max delay                   39.579    39.579    
    SLICE_X103Y2         FDRE (Setup_fdre_C_D)       -0.270    39.309    VGA_source_bd_i/v_axi4s_vid_out_0/inst/COUPLER_INST/generate_async_fifo.FIFO_INST/XPM_FIFO_ASYNC_INST/gnuram_async_fifo.xpm_fifo_base_inst/gen_cdc_pntr.rd_pntr_cdc_inst/dest_graysync_ff_reg[0][3]
  -------------------------------------------------------------------
                         required time                         39.309    
                         arrival time                          -1.065    
  -------------------------------------------------------------------
                         slack                                 38.244    

Slack (MET) :             38.245ns  (required time - arrival time)
  Source:                 VGA_source_bd_i/v_axi4s_vid_out_0/inst/COUPLER_INST/generate_async_fifo.FIFO_INST/XPM_FIFO_ASYNC_INST/gnuram_async_fifo.xpm_fifo_base_inst/gen_cdc_pntr.rd_pntr_cdc_inst/src_gray_ff_reg[7]/C
                            (rising edge-triggered cell FDRE clocked by clk_out2_VGA_source_bd_clk_wiz_0_0  {rise@0.000ns fall@19.789ns period=39.579ns})
  Destination:            VGA_source_bd_i/v_axi4s_vid_out_0/inst/COUPLER_INST/generate_async_fifo.FIFO_INST/XPM_FIFO_ASYNC_INST/gnuram_async_fifo.xpm_fifo_base_inst/gen_cdc_pntr.rd_pntr_cdc_inst/dest_graysync_ff_reg[0][7]/D
                            (rising edge-triggered cell FDRE clocked by clk_out1_VGA_source_bd_clk_wiz_0_0  {rise@0.000ns fall@4.632ns period=9.263ns})
  Path Group:             clk_out1_VGA_source_bd_clk_wiz_0_0
  Path Type:              Setup (Max at Slow Process Corner)
  Requirement:            39.579ns  (MaxDelay Path 39.579ns)
  Data Path Delay:        1.064ns  (logic 0.478ns (44.929%)  route 0.586ns (55.071%))
  Logic Levels:           0  
  Timing Exception:       MaxDelay Path 39.579ns -datapath_only

    Location             Delay type                Incr(ns)  Path(ns)    Netlist Resource(s)
  -------------------------------------------------------------------    -------------------
    SLICE_X100Y1                                      0.000     0.000 r  VGA_source_bd_i/v_axi4s_vid_out_0/inst/COUPLER_INST/generate_async_fifo.FIFO_INST/XPM_FIFO_ASYNC_INST/gnuram_async_fifo.xpm_fifo_base_inst/gen_cdc_pntr.rd_pntr_cdc_inst/src_gray_ff_reg[7]/C
    SLICE_X100Y1         FDRE (Prop_fdre_C_Q)         0.478     0.478 r  VGA_source_bd_i/v_axi4s_vid_out_0/inst/COUPLER_INST/generate_async_fifo.FIFO_INST/XPM_FIFO_ASYNC_INST/gnuram_async_fifo.xpm_fifo_base_inst/gen_cdc_pntr.rd_pntr_cdc_inst/src_gray_ff_reg[7]/Q
                         net (fo=1, routed)           0.586     1.064    VGA_source_bd_i/v_axi4s_vid_out_0/inst/COUPLER_INST/generate_async_fifo.FIFO_INST/XPM_FIFO_ASYNC_INST/gnuram_async_fifo.xpm_fifo_base_inst/gen_cdc_pntr.rd_pntr_cdc_inst/async_path[7]
    SLICE_X103Y0         FDRE                                         r  VGA_source_bd_i/v_axi4s_vid_out_0/inst/COUPLER_INST/generate_async_fifo.FIFO_INST/XPM_FIFO_ASYNC_INST/gnuram_async_fifo.xpm_fifo_base_inst/gen_cdc_pntr.rd_pntr_cdc_inst/dest_graysync_ff_reg[0][7]/D
  -------------------------------------------------------------------    -------------------

                         max delay                   39.579    39.579    
    SLICE_X103Y0         FDRE (Setup_fdre_C_D)       -0.270    39.309    VGA_source_bd_i/v_axi4s_vid_out_0/inst/COUPLER_INST/generate_async_fifo.FIFO_INST/XPM_FIFO_ASYNC_INST/gnuram_async_fifo.xpm_fifo_base_inst/gen_cdc_pntr.rd_pntr_cdc_inst/dest_graysync_ff_reg[0][7]
  -------------------------------------------------------------------
                         required time                         39.309    
                         arrival time                          -1.064    
  -------------------------------------------------------------------
                         slack                                 38.245    

Slack (MET) :             38.251ns  (required time - arrival time)
  Source:                 VGA_source_bd_i/v_vid_in_axi4s_0/inst/COUPLER_INST/generate_async_fifo.FIFO_INST/XPM_FIFO_ASYNC_INST/gnuram_async_fifo.xpm_fifo_base_inst/gen_cdc_pntr.wr_pntr_cdc_inst/src_gray_ff_reg[9]/C
                            (rising edge-triggered cell FDRE clocked by clk_out2_VGA_source_bd_clk_wiz_0_0  {rise@0.000ns fall@19.789ns period=39.579ns})
  Destination:            VGA_source_bd_i/v_vid_in_axi4s_0/inst/COUPLER_INST/generate_async_fifo.FIFO_INST/XPM_FIFO_ASYNC_INST/gnuram_async_fifo.xpm_fifo_base_inst/gen_cdc_pntr.wr_pntr_cdc_inst/dest_graysync_ff_reg[0][9]/D
                            (rising edge-triggered cell FDRE clocked by clk_out1_VGA_source_bd_clk_wiz_0_0  {rise@0.000ns fall@4.632ns period=9.263ns})
  Path Group:             clk_out1_VGA_source_bd_clk_wiz_0_0
  Path Type:              Setup (Max at Slow Process Corner)
  Requirement:            39.579ns  (MaxDelay Path 39.579ns)
  Data Path Delay:        1.058ns  (logic 0.419ns (39.608%)  route 0.639ns (60.392%))
  Logic Levels:           0  
  Timing Exception:       MaxDelay Path 39.579ns -datapath_only

    Location             Delay type                Incr(ns)  Path(ns)    Netlist Resource(s)
  -------------------------------------------------------------------    -------------------
    SLICE_X89Y5                                       0.000     0.000 r  VGA_source_bd_i/v_vid_in_axi4s_0/inst/COUPLER_INST/generate_async_fifo.FIFO_INST/XPM_FIFO_ASYNC_INST/gnuram_async_fifo.xpm_fifo_base_inst/gen_cdc_pntr.wr_pntr_cdc_inst/src_gray_ff_reg[9]/C
    SLICE_X89Y5          FDRE (Prop_fdre_C_Q)         0.419     0.419 r  VGA_source_bd_i/v_vid_in_axi4s_0/inst/COUPLER_INST/generate_async_fifo.FIFO_INST/XPM_FIFO_ASYNC_INST/gnuram_async_fifo.xpm_fifo_base_inst/gen_cdc_pntr.wr_pntr_cdc_inst/src_gray_ff_reg[9]/Q
                         net (fo=1, routed)           0.639     1.058    VGA_source_bd_i/v_vid_in_axi4s_0/inst/COUPLER_INST/generate_async_fifo.FIFO_INST/XPM_FIFO_ASYNC_INST/gnuram_async_fifo.xpm_fifo_base_inst/gen_cdc_pntr.wr_pntr_cdc_inst/async_path[9]
    SLICE_X89Y3          FDRE                                         r  VGA_source_bd_i/v_vid_in_axi4s_0/inst/COUPLER_INST/generate_async_fifo.FIFO_INST/XPM_FIFO_ASYNC_INST/gnuram_async_fifo.xpm_fifo_base_inst/gen_cdc_pntr.wr_pntr_cdc_inst/dest_graysync_ff_reg[0][9]/D
  -------------------------------------------------------------------    -------------------

                         max delay                   39.579    39.579    
    SLICE_X89Y3          FDRE (Setup_fdre_C_D)       -0.270    39.309    VGA_source_bd_i/v_vid_in_axi4s_0/inst/COUPLER_INST/generate_async_fifo.FIFO_INST/XPM_FIFO_ASYNC_INST/gnuram_async_fifo.xpm_fifo_base_inst/gen_cdc_pntr.wr_pntr_cdc_inst/dest_graysync_ff_reg[0][9]
  -------------------------------------------------------------------
                         required time                         39.309    
                         arrival time                          -1.058    
  -------------------------------------------------------------------
                         slack                                 38.251    

Slack (MET) :             38.277ns  (required time - arrival time)
  Source:                 VGA_source_bd_i/v_axi4s_vid_out_0/inst/COUPLER_INST/generate_async_fifo.FIFO_INST/XPM_FIFO_ASYNC_INST/gnuram_async_fifo.xpm_fifo_base_inst/gen_cdc_pntr.rd_pntr_cdc_inst/src_gray_ff_reg[4]/C
                            (rising edge-triggered cell FDRE clocked by clk_out2_VGA_source_bd_clk_wiz_0_0  {rise@0.000ns fall@19.789ns period=39.579ns})
  Destination:            VGA_source_bd_i/v_axi4s_vid_out_0/inst/COUPLER_INST/generate_async_fifo.FIFO_INST/XPM_FIFO_ASYNC_INST/gnuram_async_fifo.xpm_fifo_base_inst/gen_cdc_pntr.rd_pntr_cdc_inst/dest_graysync_ff_reg[0][4]/D
                            (rising edge-triggered cell FDRE clocked by clk_out1_VGA_source_bd_clk_wiz_0_0  {rise@0.000ns fall@4.632ns period=9.263ns})
  Path Group:             clk_out1_VGA_source_bd_clk_wiz_0_0
  Path Type:              Setup (Max at Slow Process Corner)
  Requirement:            39.579ns  (MaxDelay Path 39.579ns)
  Data Path Delay:        1.255ns  (logic 0.518ns (41.274%)  route 0.737ns (58.726%))
  Logic Levels:           0  
  Timing Exception:       MaxDelay Path 39.579ns -datapath_only

    Location             Delay type                Incr(ns)  Path(ns)    Netlist Resource(s)
  -------------------------------------------------------------------    -------------------
    SLICE_X100Y1                                      0.000     0.000 r  VGA_source_bd_i/v_axi4s_vid_out_0/inst/COUPLER_INST/generate_async_fifo.FIFO_INST/XPM_FIFO_ASYNC_INST/gnuram_async_fifo.xpm_fifo_base_inst/gen_cdc_pntr.rd_pntr_cdc_inst/src_gray_ff_reg[4]/C
    SLICE_X100Y1         FDRE (Prop_fdre_C_Q)         0.518     0.518 r  VGA_source_bd_i/v_axi4s_vid_out_0/inst/COUPLER_INST/generate_async_fifo.FIFO_INST/XPM_FIFO_ASYNC_INST/gnuram_async_fifo.xpm_fifo_base_inst/gen_cdc_pntr.rd_pntr_cdc_inst/src_gray_ff_reg[4]/Q
                         net (fo=1, routed)           0.737     1.255    VGA_source_bd_i/v_axi4s_vid_out_0/inst/COUPLER_INST/generate_async_fifo.FIFO_INST/XPM_FIFO_ASYNC_INST/gnuram_async_fifo.xpm_fifo_base_inst/gen_cdc_pntr.rd_pntr_cdc_inst/async_path[4]
    SLICE_X102Y0         FDRE                                         r  VGA_source_bd_i/v_axi4s_vid_out_0/inst/COUPLER_INST/generate_async_fifo.FIFO_INST/XPM_FIFO_ASYNC_INST/gnuram_async_fifo.xpm_fifo_base_inst/gen_cdc_pntr.rd_pntr_cdc_inst/dest_graysync_ff_reg[0][4]/D
  -------------------------------------------------------------------    -------------------

                         max delay                   39.579    39.579    
    SLICE_X102Y0         FDRE (Setup_fdre_C_D)       -0.047    39.532    VGA_source_bd_i/v_axi4s_vid_out_0/inst/COUPLER_INST/generate_async_fifo.FIFO_INST/XPM_FIFO_ASYNC_INST/gnuram_async_fifo.xpm_fifo_base_inst/gen_cdc_pntr.rd_pntr_cdc_inst/dest_graysync_ff_reg[0][4]
  -------------------------------------------------------------------
                         required time                         39.532    
                         arrival time                          -1.255    
  -------------------------------------------------------------------
                         slack                                 38.277    

Slack (MET) :             38.279ns  (required time - arrival time)
  Source:                 VGA_source_bd_i/v_axi4s_vid_out_0/inst/COUPLER_INST/generate_async_fifo.FIFO_INST/XPM_FIFO_ASYNC_INST/gnuram_async_fifo.xpm_fifo_base_inst/gen_cdc_pntr.rd_pntr_cdc_inst/src_gray_ff_reg[8]/C
                            (rising edge-triggered cell FDRE clocked by clk_out2_VGA_source_bd_clk_wiz_0_0  {rise@0.000ns fall@19.789ns period=39.579ns})
  Destination:            VGA_source_bd_i/v_axi4s_vid_out_0/inst/COUPLER_INST/generate_async_fifo.FIFO_INST/XPM_FIFO_ASYNC_INST/gnuram_async_fifo.xpm_fifo_base_inst/gen_cdc_pntr.rd_pntr_cdc_inst/dest_graysync_ff_reg[0][8]/D
                            (rising edge-triggered cell FDRE clocked by clk_out1_VGA_source_bd_clk_wiz_0_0  {rise@0.000ns fall@4.632ns period=9.263ns})
  Path Group:             clk_out1_VGA_source_bd_clk_wiz_0_0
  Path Type:              Setup (Max at Slow Process Corner)
  Requirement:            39.579ns  (MaxDelay Path 39.579ns)
  Data Path Delay:        1.255ns  (logic 0.518ns (41.274%)  route 0.737ns (58.726%))
  Logic Levels:           0  
  Timing Exception:       MaxDelay Path 39.579ns -datapath_only

    Location             Delay type                Incr(ns)  Path(ns)    Netlist Resource(s)
  -------------------------------------------------------------------    -------------------
    SLICE_X100Y1                                      0.000     0.000 r  VGA_source_bd_i/v_axi4s_vid_out_0/inst/COUPLER_INST/generate_async_fifo.FIFO_INST/XPM_FIFO_ASYNC_INST/gnuram_async_fifo.xpm_fifo_base_inst/gen_cdc_pntr.rd_pntr_cdc_inst/src_gray_ff_reg[8]/C
    SLICE_X100Y1         FDRE (Prop_fdre_C_Q)         0.518     0.518 r  VGA_source_bd_i/v_axi4s_vid_out_0/inst/COUPLER_INST/generate_async_fifo.FIFO_INST/XPM_FIFO_ASYNC_INST/gnuram_async_fifo.xpm_fifo_base_inst/gen_cdc_pntr.rd_pntr_cdc_inst/src_gray_ff_reg[8]/Q
                         net (fo=1, routed)           0.737     1.255    VGA_source_bd_i/v_axi4s_vid_out_0/inst/COUPLER_INST/generate_async_fifo.FIFO_INST/XPM_FIFO_ASYNC_INST/gnuram_async_fifo.xpm_fifo_base_inst/gen_cdc_pntr.rd_pntr_cdc_inst/async_path[8]
    SLICE_X102Y1         FDRE                                         r  VGA_source_bd_i/v_axi4s_vid_out_0/inst/COUPLER_INST/generate_async_fifo.FIFO_INST/XPM_FIFO_ASYNC_INST/gnuram_async_fifo.xpm_fifo_base_inst/gen_cdc_pntr.rd_pntr_cdc_inst/dest_graysync_ff_reg[0][8]/D
  -------------------------------------------------------------------    -------------------

                         max delay                   39.579    39.579    
    SLICE_X102Y1         FDRE (Setup_fdre_C_D)       -0.045    39.534    VGA_source_bd_i/v_axi4s_vid_out_0/inst/COUPLER_INST/generate_async_fifo.FIFO_INST/XPM_FIFO_ASYNC_INST/gnuram_async_fifo.xpm_fifo_base_inst/gen_cdc_pntr.rd_pntr_cdc_inst/dest_graysync_ff_reg[0][8]
  -------------------------------------------------------------------
                         required time                         39.534    
                         arrival time                          -1.255    
  -------------------------------------------------------------------
                         slack                                 38.279    

Slack (MET) :             38.376ns  (required time - arrival time)
  Source:                 VGA_source_bd_i/v_axi4s_vid_out_0/inst/COUPLER_INST/generate_async_fifo.FIFO_INST/XPM_FIFO_ASYNC_INST/gnuram_async_fifo.xpm_fifo_base_inst/gen_cdc_pntr.rd_pntr_cdc_inst/src_gray_ff_reg[5]/C
                            (rising edge-triggered cell FDRE clocked by clk_out2_VGA_source_bd_clk_wiz_0_0  {rise@0.000ns fall@19.789ns period=39.579ns})
  Destination:            VGA_source_bd_i/v_axi4s_vid_out_0/inst/COUPLER_INST/generate_async_fifo.FIFO_INST/XPM_FIFO_ASYNC_INST/gnuram_async_fifo.xpm_fifo_base_inst/gen_cdc_pntr.rd_pntr_cdc_inst/dest_graysync_ff_reg[0][5]/D
                            (rising edge-triggered cell FDRE clocked by clk_out1_VGA_source_bd_clk_wiz_0_0  {rise@0.000ns fall@4.632ns period=9.263ns})
  Path Group:             clk_out1_VGA_source_bd_clk_wiz_0_0
  Path Type:              Setup (Max at Slow Process Corner)
  Requirement:            39.579ns  (MaxDelay Path 39.579ns)
  Data Path Delay:        0.937ns  (logic 0.478ns (51.040%)  route 0.459ns (48.960%))
  Logic Levels:           0  
  Timing Exception:       MaxDelay Path 39.579ns -datapath_only

    Location             Delay type                Incr(ns)  Path(ns)    Netlist Resource(s)
  -------------------------------------------------------------------    -------------------
    SLICE_X100Y1                                      0.000     0.000 r  VGA_source_bd_i/v_axi4s_vid_out_0/inst/COUPLER_INST/generate_async_fifo.FIFO_INST/XPM_FIFO_ASYNC_INST/gnuram_async_fifo.xpm_fifo_base_inst/gen_cdc_pntr.rd_pntr_cdc_inst/src_gray_ff_reg[5]/C
    SLICE_X100Y1         FDRE (Prop_fdre_C_Q)         0.478     0.478 r  VGA_source_bd_i/v_axi4s_vid_out_0/inst/COUPLER_INST/generate_async_fifo.FIFO_INST/XPM_FIFO_ASYNC_INST/gnuram_async_fifo.xpm_fifo_base_inst/gen_cdc_pntr.rd_pntr_cdc_inst/src_gray_ff_reg[5]/Q
                         net (fo=1, routed)           0.459     0.937    VGA_source_bd_i/v_axi4s_vid_out_0/inst/COUPLER_INST/generate_async_fifo.FIFO_INST/XPM_FIFO_ASYNC_INST/gnuram_async_fifo.xpm_fifo_base_inst/gen_cdc_pntr.rd_pntr_cdc_inst/async_path[5]
    SLICE_X103Y0         FDRE                                         r  VGA_source_bd_i/v_axi4s_vid_out_0/inst/COUPLER_INST/generate_async_fifo.FIFO_INST/XPM_FIFO_ASYNC_INST/gnuram_async_fifo.xpm_fifo_base_inst/gen_cdc_pntr.rd_pntr_cdc_inst/dest_graysync_ff_reg[0][5]/D
  -------------------------------------------------------------------    -------------------

                         max delay                   39.579    39.579    
    SLICE_X103Y0         FDRE (Setup_fdre_C_D)       -0.266    39.313    VGA_source_bd_i/v_axi4s_vid_out_0/inst/COUPLER_INST/generate_async_fifo.FIFO_INST/XPM_FIFO_ASYNC_INST/gnuram_async_fifo.xpm_fifo_base_inst/gen_cdc_pntr.rd_pntr_cdc_inst/dest_graysync_ff_reg[0][5]
  -------------------------------------------------------------------
                         required time                         39.313    
                         arrival time                          -0.937    
  -------------------------------------------------------------------
                         slack                                 38.376    

Slack (MET) :             38.389ns  (required time - arrival time)
  Source:                 VGA_source_bd_i/v_axi4s_vid_out_0/inst/COUPLER_INST/generate_async_fifo.FIFO_INST/XPM_FIFO_ASYNC_INST/gnuram_async_fifo.xpm_fifo_base_inst/gen_cdc_pntr.rd_pntr_cdc_inst/src_gray_ff_reg[1]/C
                            (rising edge-triggered cell FDRE clocked by clk_out2_VGA_source_bd_clk_wiz_0_0  {rise@0.000ns fall@19.789ns period=39.579ns})
  Destination:            VGA_source_bd_i/v_axi4s_vid_out_0/inst/COUPLER_INST/generate_async_fifo.FIFO_INST/XPM_FIFO_ASYNC_INST/gnuram_async_fifo.xpm_fifo_base_inst/gen_cdc_pntr.rd_pntr_cdc_inst/dest_graysync_ff_reg[0][1]/D
                            (rising edge-triggered cell FDRE clocked by clk_out1_VGA_source_bd_clk_wiz_0_0  {rise@0.000ns fall@4.632ns period=9.263ns})
  Path Group:             clk_out1_VGA_source_bd_clk_wiz_0_0
  Path Type:              Setup (Max at Slow Process Corner)
  Requirement:            39.579ns  (MaxDelay Path 39.579ns)
  Data Path Delay:        0.924ns  (logic 0.478ns (51.705%)  route 0.446ns (48.295%))
  Logic Levels:           0  
  Timing Exception:       MaxDelay Path 39.579ns -datapath_only

    Location             Delay type                Incr(ns)  Path(ns)    Netlist Resource(s)
  -------------------------------------------------------------------    -------------------
    SLICE_X100Y2                                      0.000     0.000 r  VGA_source_bd_i/v_axi4s_vid_out_0/inst/COUPLER_INST/generate_async_fifo.FIFO_INST/XPM_FIFO_ASYNC_INST/gnuram_async_fifo.xpm_fifo_base_inst/gen_cdc_pntr.rd_pntr_cdc_inst/src_gray_ff_reg[1]/C
    SLICE_X100Y2         FDRE (Prop_fdre_C_Q)         0.478     0.478 r  VGA_source_bd_i/v_axi4s_vid_out_0/inst/COUPLER_INST/generate_async_fifo.FIFO_INST/XPM_FIFO_ASYNC_INST/gnuram_async_fifo.xpm_fifo_base_inst/gen_cdc_pntr.rd_pntr_cdc_inst/src_gray_ff_reg[1]/Q
                         net (fo=1, routed)           0.446     0.924    VGA_source_bd_i/v_axi4s_vid_out_0/inst/COUPLER_INST/generate_async_fifo.FIFO_INST/XPM_FIFO_ASYNC_INST/gnuram_async_fifo.xpm_fifo_base_inst/gen_cdc_pntr.rd_pntr_cdc_inst/async_path[1]
    SLICE_X103Y2         FDRE                                         r  VGA_source_bd_i/v_axi4s_vid_out_0/inst/COUPLER_INST/generate_async_fifo.FIFO_INST/XPM_FIFO_ASYNC_INST/gnuram_async_fifo.xpm_fifo_base_inst/gen_cdc_pntr.rd_pntr_cdc_inst/dest_graysync_ff_reg[0][1]/D
  -------------------------------------------------------------------    -------------------

                         max delay                   39.579    39.579    
    SLICE_X103Y2         FDRE (Setup_fdre_C_D)       -0.266    39.313    VGA_source_bd_i/v_axi4s_vid_out_0/inst/COUPLER_INST/generate_async_fifo.FIFO_INST/XPM_FIFO_ASYNC_INST/gnuram_async_fifo.xpm_fifo_base_inst/gen_cdc_pntr.rd_pntr_cdc_inst/dest_graysync_ff_reg[0][1]
  -------------------------------------------------------------------
                         required time                         39.313    
                         arrival time                          -0.924    
  -------------------------------------------------------------------
                         slack                                 38.389    





---------------------------------------------------------------------------------------------------
From Clock:  clk_out1_VGA_source_bd_clk_wiz_0_0
  To Clock:  clk_out2_VGA_source_bd_clk_wiz_0_0

Setup :            0  Failing Endpoints,  Worst Slack        7.737ns,  Total Violation        0.000ns
Hold  :           NA  Failing Endpoints,  Worst Slack           NA  ,  Total Violation           NA
---------------------------------------------------------------------------------------------------


Max Delay Paths
--------------------------------------------------------------------------------------
Slack (MET) :             7.737ns  (required time - arrival time)
  Source:                 VGA_source_bd_i/v_axi4s_vid_out_0/inst/COUPLER_INST/generate_async_fifo.FIFO_INST/XPM_FIFO_ASYNC_INST/gnuram_async_fifo.xpm_fifo_base_inst/gen_cdc_pntr.wr_pntr_cdc_inst/src_gray_ff_reg[1]/C
                            (rising edge-triggered cell FDRE clocked by clk_out1_VGA_source_bd_clk_wiz_0_0  {rise@0.000ns fall@4.632ns period=9.263ns})
  Destination:            VGA_source_bd_i/v_axi4s_vid_out_0/inst/COUPLER_INST/generate_async_fifo.FIFO_INST/XPM_FIFO_ASYNC_INST/gnuram_async_fifo.xpm_fifo_base_inst/gen_cdc_pntr.wr_pntr_cdc_inst/dest_graysync_ff_reg[0][1]/D
                            (rising edge-triggered cell FDRE clocked by clk_out2_VGA_source_bd_clk_wiz_0_0  {rise@0.000ns fall@19.789ns period=39.579ns})
  Path Group:             clk_out2_VGA_source_bd_clk_wiz_0_0
  Path Type:              Setup (Max at Slow Process Corner)
  Requirement:            9.263ns  (MaxDelay Path 9.263ns)
  Data Path Delay:        1.261ns  (logic 0.478ns (37.896%)  route 0.783ns (62.104%))
  Logic Levels:           0  
  Timing Exception:       MaxDelay Path 9.263ns -datapath_only

    Location             Delay type                Incr(ns)  Path(ns)    Netlist Resource(s)
  -------------------------------------------------------------------    -------------------
    SLICE_X92Y4                                       0.000     0.000 r  VGA_source_bd_i/v_axi4s_vid_out_0/inst/COUPLER_INST/generate_async_fifo.FIFO_INST/XPM_FIFO_ASYNC_INST/gnuram_async_fifo.xpm_fifo_base_inst/gen_cdc_pntr.wr_pntr_cdc_inst/src_gray_ff_reg[1]/C
    SLICE_X92Y4          FDRE (Prop_fdre_C_Q)         0.478     0.478 r  VGA_source_bd_i/v_axi4s_vid_out_0/inst/COUPLER_INST/generate_async_fifo.FIFO_INST/XPM_FIFO_ASYNC_INST/gnuram_async_fifo.xpm_fifo_base_inst/gen_cdc_pntr.wr_pntr_cdc_inst/src_gray_ff_reg[1]/Q
                         net (fo=1, routed)           0.783     1.261    VGA_source_bd_i/v_axi4s_vid_out_0/inst/COUPLER_INST/generate_async_fifo.FIFO_INST/XPM_FIFO_ASYNC_INST/gnuram_async_fifo.xpm_fifo_base_inst/gen_cdc_pntr.wr_pntr_cdc_inst/async_path[1]
    SLICE_X95Y4          FDRE                                         r  VGA_source_bd_i/v_axi4s_vid_out_0/inst/COUPLER_INST/generate_async_fifo.FIFO_INST/XPM_FIFO_ASYNC_INST/gnuram_async_fifo.xpm_fifo_base_inst/gen_cdc_pntr.wr_pntr_cdc_inst/dest_graysync_ff_reg[0][1]/D
  -------------------------------------------------------------------    -------------------

                         max delay                    9.263     9.263    
    SLICE_X95Y4          FDRE (Setup_fdre_C_D)       -0.265     8.998    VGA_source_bd_i/v_axi4s_vid_out_0/inst/COUPLER_INST/generate_async_fifo.FIFO_INST/XPM_FIFO_ASYNC_INST/gnuram_async_fifo.xpm_fifo_base_inst/gen_cdc_pntr.wr_pntr_cdc_inst/dest_graysync_ff_reg[0][1]
  -------------------------------------------------------------------
                         required time                          8.998    
                         arrival time                          -1.261    
  -------------------------------------------------------------------
                         slack                                  7.737    

Slack (MET) :             7.868ns  (required time - arrival time)
  Source:                 VGA_source_bd_i/v_axi4s_vid_out_0/inst/COUPLER_INST/generate_async_fifo.FIFO_INST/XPM_FIFO_ASYNC_INST/gnuram_async_fifo.xpm_fifo_base_inst/gen_cdc_pntr.wr_pntr_cdc_dc_inst/src_gray_ff_reg[10]/C
                            (rising edge-triggered cell FDRE clocked by clk_out1_VGA_source_bd_clk_wiz_0_0  {rise@0.000ns fall@4.632ns period=9.263ns})
  Destination:            VGA_source_bd_i/v_axi4s_vid_out_0/inst/COUPLER_INST/generate_async_fifo.FIFO_INST/XPM_FIFO_ASYNC_INST/gnuram_async_fifo.xpm_fifo_base_inst/gen_cdc_pntr.wr_pntr_cdc_dc_inst/dest_graysync_ff_reg[0][10]/D
                            (rising edge-triggered cell FDRE clocked by clk_out2_VGA_source_bd_clk_wiz_0_0  {rise@0.000ns fall@19.789ns period=39.579ns})
  Path Group:             clk_out2_VGA_source_bd_clk_wiz_0_0
  Path Type:              Setup (Max at Slow Process Corner)
  Requirement:            9.263ns  (MaxDelay Path 9.263ns)
  Data Path Delay:        1.127ns  (logic 0.419ns (37.176%)  route 0.708ns (62.824%))
  Logic Levels:           0  
  Timing Exception:       MaxDelay Path 9.263ns -datapath_only

    Location             Delay type                Incr(ns)  Path(ns)    Netlist Resource(s)
  -------------------------------------------------------------------    -------------------
    SLICE_X97Y4                                       0.000     0.000 r  VGA_source_bd_i/v_axi4s_vid_out_0/inst/COUPLER_INST/generate_async_fifo.FIFO_INST/XPM_FIFO_ASYNC_INST/gnuram_async_fifo.xpm_fifo_base_inst/gen_cdc_pntr.wr_pntr_cdc_dc_inst/src_gray_ff_reg[10]/C
    SLICE_X97Y4          FDRE (Prop_fdre_C_Q)         0.419     0.419 r  VGA_source_bd_i/v_axi4s_vid_out_0/inst/COUPLER_INST/generate_async_fifo.FIFO_INST/XPM_FIFO_ASYNC_INST/gnuram_async_fifo.xpm_fifo_base_inst/gen_cdc_pntr.wr_pntr_cdc_dc_inst/src_gray_ff_reg[10]/Q
                         net (fo=1, routed)           0.708     1.127    VGA_source_bd_i/v_axi4s_vid_out_0/inst/COUPLER_INST/generate_async_fifo.FIFO_INST/XPM_FIFO_ASYNC_INST/gnuram_async_fifo.xpm_fifo_base_inst/gen_cdc_pntr.wr_pntr_cdc_dc_inst/async_path[10]
    SLICE_X97Y5          FDRE                                         r  VGA_source_bd_i/v_axi4s_vid_out_0/inst/COUPLER_INST/generate_async_fifo.FIFO_INST/XPM_FIFO_ASYNC_INST/gnuram_async_fifo.xpm_fifo_base_inst/gen_cdc_pntr.wr_pntr_cdc_dc_inst/dest_graysync_ff_reg[0][10]/D
  -------------------------------------------------------------------    -------------------

                         max delay                    9.263     9.263    
    SLICE_X97Y5          FDRE (Setup_fdre_C_D)       -0.268     8.995    VGA_source_bd_i/v_axi4s_vid_out_0/inst/COUPLER_INST/generate_async_fifo.FIFO_INST/XPM_FIFO_ASYNC_INST/gnuram_async_fifo.xpm_fifo_base_inst/gen_cdc_pntr.wr_pntr_cdc_dc_inst/dest_graysync_ff_reg[0][10]
  -------------------------------------------------------------------
                         required time                          8.995    
                         arrival time                          -1.127    
  -------------------------------------------------------------------
                         slack                                  7.868    

Slack (MET) :             7.903ns  (required time - arrival time)
  Source:                 VGA_source_bd_i/v_vid_in_axi4s_0/inst/COUPLER_INST/generate_async_fifo.FIFO_INST/XPM_FIFO_ASYNC_INST/gnuram_async_fifo.xpm_fifo_base_inst/gen_cdc_pntr.rd_pntr_cdc_inst/src_gray_ff_reg[1]/C
                            (rising edge-triggered cell FDRE clocked by clk_out1_VGA_source_bd_clk_wiz_0_0  {rise@0.000ns fall@4.632ns period=9.263ns})
  Destination:            VGA_source_bd_i/v_vid_in_axi4s_0/inst/COUPLER_INST/generate_async_fifo.FIFO_INST/XPM_FIFO_ASYNC_INST/gnuram_async_fifo.xpm_fifo_base_inst/gen_cdc_pntr.rd_pntr_cdc_inst/dest_graysync_ff_reg[0][1]/D
                            (rising edge-triggered cell FDRE clocked by clk_out2_VGA_source_bd_clk_wiz_0_0  {rise@0.000ns fall@19.789ns period=39.579ns})
  Path Group:             clk_out2_VGA_source_bd_clk_wiz_0_0
  Path Type:              Setup (Max at Slow Process Corner)
  Requirement:            9.263ns  (MaxDelay Path 9.263ns)
  Data Path Delay:        1.092ns  (logic 0.419ns (38.379%)  route 0.673ns (61.621%))
  Logic Levels:           0  
  Timing Exception:       MaxDelay Path 9.263ns -datapath_only

    Location             Delay type                Incr(ns)  Path(ns)    Netlist Resource(s)
  -------------------------------------------------------------------    -------------------
    SLICE_X88Y4                                       0.000     0.000 r  VGA_source_bd_i/v_vid_in_axi4s_0/inst/COUPLER_INST/generate_async_fifo.FIFO_INST/XPM_FIFO_ASYNC_INST/gnuram_async_fifo.xpm_fifo_base_inst/gen_cdc_pntr.rd_pntr_cdc_inst/src_gray_ff_reg[1]/C
    SLICE_X88Y4          FDRE (Prop_fdre_C_Q)         0.419     0.419 r  VGA_source_bd_i/v_vid_in_axi4s_0/inst/COUPLER_INST/generate_async_fifo.FIFO_INST/XPM_FIFO_ASYNC_INST/gnuram_async_fifo.xpm_fifo_base_inst/gen_cdc_pntr.rd_pntr_cdc_inst/src_gray_ff_reg[1]/Q
                         net (fo=1, routed)           0.673     1.092    VGA_source_bd_i/v_vid_in_axi4s_0/inst/COUPLER_INST/generate_async_fifo.FIFO_INST/XPM_FIFO_ASYNC_INST/gnuram_async_fifo.xpm_fifo_base_inst/gen_cdc_pntr.rd_pntr_cdc_inst/async_path[1]
    SLICE_X91Y5          FDRE                                         r  VGA_source_bd_i/v_vid_in_axi4s_0/inst/COUPLER_INST/generate_async_fifo.FIFO_INST/XPM_FIFO_ASYNC_INST/gnuram_async_fifo.xpm_fifo_base_inst/gen_cdc_pntr.rd_pntr_cdc_inst/dest_graysync_ff_reg[0][1]/D
  -------------------------------------------------------------------    -------------------

                         max delay                    9.263     9.263    
    SLICE_X91Y5          FDRE (Setup_fdre_C_D)       -0.268     8.995    VGA_source_bd_i/v_vid_in_axi4s_0/inst/COUPLER_INST/generate_async_fifo.FIFO_INST/XPM_FIFO_ASYNC_INST/gnuram_async_fifo.xpm_fifo_base_inst/gen_cdc_pntr.rd_pntr_cdc_inst/dest_graysync_ff_reg[0][1]
  -------------------------------------------------------------------
                         required time                          8.995    
                         arrival time                          -1.092    
  -------------------------------------------------------------------
                         slack                                  7.903    

Slack (MET) :             7.909ns  (required time - arrival time)
  Source:                 VGA_source_bd_i/v_vid_in_axi4s_0/inst/COUPLER_INST/generate_async_fifo.FIFO_INST/XPM_FIFO_ASYNC_INST/gnuram_async_fifo.xpm_fifo_base_inst/gen_cdc_pntr.rd_pntr_cdc_inst/src_gray_ff_reg[5]/C
                            (rising edge-triggered cell FDRE clocked by clk_out1_VGA_source_bd_clk_wiz_0_0  {rise@0.000ns fall@4.632ns period=9.263ns})
  Destination:            VGA_source_bd_i/v_vid_in_axi4s_0/inst/COUPLER_INST/generate_async_fifo.FIFO_INST/XPM_FIFO_ASYNC_INST/gnuram_async_fifo.xpm_fifo_base_inst/gen_cdc_pntr.rd_pntr_cdc_inst/dest_graysync_ff_reg[0][5]/D
                            (rising edge-triggered cell FDRE clocked by clk_out2_VGA_source_bd_clk_wiz_0_0  {rise@0.000ns fall@19.789ns period=39.579ns})
  Path Group:             clk_out2_VGA_source_bd_clk_wiz_0_0
  Path Type:              Setup (Max at Slow Process Corner)
  Requirement:            9.263ns  (MaxDelay Path 9.263ns)
  Data Path Delay:        1.088ns  (logic 0.419ns (38.502%)  route 0.669ns (61.498%))
  Logic Levels:           0  
  Timing Exception:       MaxDelay Path 9.263ns -datapath_only

    Location             Delay type                Incr(ns)  Path(ns)    Netlist Resource(s)
  -------------------------------------------------------------------    -------------------
    SLICE_X89Y3                                       0.000     0.000 r  VGA_source_bd_i/v_vid_in_axi4s_0/inst/COUPLER_INST/generate_async_fifo.FIFO_INST/XPM_FIFO_ASYNC_INST/gnuram_async_fifo.xpm_fifo_base_inst/gen_cdc_pntr.rd_pntr_cdc_inst/src_gray_ff_reg[5]/C
    SLICE_X89Y3          FDRE (Prop_fdre_C_Q)         0.419     0.419 r  VGA_source_bd_i/v_vid_in_axi4s_0/inst/COUPLER_INST/generate_async_fifo.FIFO_INST/XPM_FIFO_ASYNC_INST/gnuram_async_fifo.xpm_fifo_base_inst/gen_cdc_pntr.rd_pntr_cdc_inst/src_gray_ff_reg[5]/Q
                         net (fo=1, routed)           0.669     1.088    VGA_source_bd_i/v_vid_in_axi4s_0/inst/COUPLER_INST/generate_async_fifo.FIFO_INST/XPM_FIFO_ASYNC_INST/gnuram_async_fifo.xpm_fifo_base_inst/gen_cdc_pntr.rd_pntr_cdc_inst/async_path[5]
    SLICE_X91Y3          FDRE                                         r  VGA_source_bd_i/v_vid_in_axi4s_0/inst/COUPLER_INST/generate_async_fifo.FIFO_INST/XPM_FIFO_ASYNC_INST/gnuram_async_fifo.xpm_fifo_base_inst/gen_cdc_pntr.rd_pntr_cdc_inst/dest_graysync_ff_reg[0][5]/D
  -------------------------------------------------------------------    -------------------

                         max delay                    9.263     9.263    
    SLICE_X91Y3          FDRE (Setup_fdre_C_D)       -0.266     8.997    VGA_source_bd_i/v_vid_in_axi4s_0/inst/COUPLER_INST/generate_async_fifo.FIFO_INST/XPM_FIFO_ASYNC_INST/gnuram_async_fifo.xpm_fifo_base_inst/gen_cdc_pntr.rd_pntr_cdc_inst/dest_graysync_ff_reg[0][5]
  -------------------------------------------------------------------
                         required time                          8.997    
                         arrival time                          -1.088    
  -------------------------------------------------------------------
                         slack                                  7.909    

Slack (MET) :             7.930ns  (required time - arrival time)
  Source:                 VGA_source_bd_i/v_axi4s_vid_out_0/inst/COUPLER_INST/generate_async_fifo.FIFO_INST/XPM_FIFO_ASYNC_INST/gnuram_async_fifo.xpm_fifo_base_inst/gen_cdc_pntr.wr_pntr_cdc_inst/src_gray_ff_reg[7]/C
                            (rising edge-triggered cell FDRE clocked by clk_out1_VGA_source_bd_clk_wiz_0_0  {rise@0.000ns fall@4.632ns period=9.263ns})
  Destination:            VGA_source_bd_i/v_axi4s_vid_out_0/inst/COUPLER_INST/generate_async_fifo.FIFO_INST/XPM_FIFO_ASYNC_INST/gnuram_async_fifo.xpm_fifo_base_inst/gen_cdc_pntr.wr_pntr_cdc_inst/dest_graysync_ff_reg[0][7]/D
                            (rising edge-triggered cell FDRE clocked by clk_out2_VGA_source_bd_clk_wiz_0_0  {rise@0.000ns fall@19.789ns period=39.579ns})
  Path Group:             clk_out2_VGA_source_bd_clk_wiz_0_0
  Path Type:              Setup (Max at Slow Process Corner)
  Requirement:            9.263ns  (MaxDelay Path 9.263ns)
  Data Path Delay:        1.068ns  (logic 0.478ns (44.737%)  route 0.590ns (55.263%))
  Logic Levels:           0  
  Timing Exception:       MaxDelay Path 9.263ns -datapath_only

    Location             Delay type                Incr(ns)  Path(ns)    Netlist Resource(s)
  -------------------------------------------------------------------    -------------------
    SLICE_X94Y5                                       0.000     0.000 r  VGA_source_bd_i/v_axi4s_vid_out_0/inst/COUPLER_INST/generate_async_fifo.FIFO_INST/XPM_FIFO_ASYNC_INST/gnuram_async_fifo.xpm_fifo_base_inst/gen_cdc_pntr.wr_pntr_cdc_inst/src_gray_ff_reg[7]/C
    SLICE_X94Y5          FDRE (Prop_fdre_C_Q)         0.478     0.478 r  VGA_source_bd_i/v_axi4s_vid_out_0/inst/COUPLER_INST/generate_async_fifo.FIFO_INST/XPM_FIFO_ASYNC_INST/gnuram_async_fifo.xpm_fifo_base_inst/gen_cdc_pntr.wr_pntr_cdc_inst/src_gray_ff_reg[7]/Q
                         net (fo=1, routed)           0.590     1.068    VGA_source_bd_i/v_axi4s_vid_out_0/inst/COUPLER_INST/generate_async_fifo.FIFO_INST/XPM_FIFO_ASYNC_INST/gnuram_async_fifo.xpm_fifo_base_inst/gen_cdc_pntr.wr_pntr_cdc_inst/async_path[7]
    SLICE_X99Y3          FDRE                                         r  VGA_source_bd_i/v_axi4s_vid_out_0/inst/COUPLER_INST/generate_async_fifo.FIFO_INST/XPM_FIFO_ASYNC_INST/gnuram_async_fifo.xpm_fifo_base_inst/gen_cdc_pntr.wr_pntr_cdc_inst/dest_graysync_ff_reg[0][7]/D
  -------------------------------------------------------------------    -------------------

                         max delay                    9.263     9.263    
    SLICE_X99Y3          FDRE (Setup_fdre_C_D)       -0.265     8.998    VGA_source_bd_i/v_axi4s_vid_out_0/inst/COUPLER_INST/generate_async_fifo.FIFO_INST/XPM_FIFO_ASYNC_INST/gnuram_async_fifo.xpm_fifo_base_inst/gen_cdc_pntr.wr_pntr_cdc_inst/dest_graysync_ff_reg[0][7]
  -------------------------------------------------------------------
                         required time                          8.998    
                         arrival time                          -1.068    
  -------------------------------------------------------------------
                         slack                                  7.930    

Slack (MET) :             7.948ns  (required time - arrival time)
  Source:                 VGA_source_bd_i/v_vid_in_axi4s_0/inst/COUPLER_INST/generate_async_fifo.FIFO_INST/XPM_FIFO_ASYNC_INST/gnuram_async_fifo.xpm_fifo_base_inst/gen_cdc_pntr.rd_pntr_cdc_inst/src_gray_ff_reg[0]/C
                            (rising edge-triggered cell FDRE clocked by clk_out1_VGA_source_bd_clk_wiz_0_0  {rise@0.000ns fall@4.632ns period=9.263ns})
  Destination:            VGA_source_bd_i/v_vid_in_axi4s_0/inst/COUPLER_INST/generate_async_fifo.FIFO_INST/XPM_FIFO_ASYNC_INST/gnuram_async_fifo.xpm_fifo_base_inst/gen_cdc_pntr.rd_pntr_cdc_inst/dest_graysync_ff_reg[0][0]/D
                            (rising edge-triggered cell FDRE clocked by clk_out2_VGA_source_bd_clk_wiz_0_0  {rise@0.000ns fall@19.789ns period=39.579ns})
  Path Group:             clk_out2_VGA_source_bd_clk_wiz_0_0
  Path Type:              Setup (Max at Slow Process Corner)
  Requirement:            9.263ns  (MaxDelay Path 9.263ns)
  Data Path Delay:        1.220ns  (logic 0.456ns (37.389%)  route 0.764ns (62.611%))
  Logic Levels:           0  
  Timing Exception:       MaxDelay Path 9.263ns -datapath_only

    Location             Delay type                Incr(ns)  Path(ns)    Netlist Resource(s)
  -------------------------------------------------------------------    -------------------
    SLICE_X88Y4                                       0.000     0.000 r  VGA_source_bd_i/v_vid_in_axi4s_0/inst/COUPLER_INST/generate_async_fifo.FIFO_INST/XPM_FIFO_ASYNC_INST/gnuram_async_fifo.xpm_fifo_base_inst/gen_cdc_pntr.rd_pntr_cdc_inst/src_gray_ff_reg[0]/C
    SLICE_X88Y4          FDRE (Prop_fdre_C_Q)         0.456     0.456 r  VGA_source_bd_i/v_vid_in_axi4s_0/inst/COUPLER_INST/generate_async_fifo.FIFO_INST/XPM_FIFO_ASYNC_INST/gnuram_async_fifo.xpm_fifo_base_inst/gen_cdc_pntr.rd_pntr_cdc_inst/src_gray_ff_reg[0]/Q
                         net (fo=1, routed)           0.764     1.220    VGA_source_bd_i/v_vid_in_axi4s_0/inst/COUPLER_INST/generate_async_fifo.FIFO_INST/XPM_FIFO_ASYNC_INST/gnuram_async_fifo.xpm_fifo_base_inst/gen_cdc_pntr.rd_pntr_cdc_inst/async_path[0]
    SLICE_X88Y5          FDRE                                         r  VGA_source_bd_i/v_vid_in_axi4s_0/inst/COUPLER_INST/generate_async_fifo.FIFO_INST/XPM_FIFO_ASYNC_INST/gnuram_async_fifo.xpm_fifo_base_inst/gen_cdc_pntr.rd_pntr_cdc_inst/dest_graysync_ff_reg[0][0]/D
  -------------------------------------------------------------------    -------------------

                         max delay                    9.263     9.263    
    SLICE_X88Y5          FDRE (Setup_fdre_C_D)       -0.095     9.168    VGA_source_bd_i/v_vid_in_axi4s_0/inst/COUPLER_INST/generate_async_fifo.FIFO_INST/XPM_FIFO_ASYNC_INST/gnuram_async_fifo.xpm_fifo_base_inst/gen_cdc_pntr.rd_pntr_cdc_inst/dest_graysync_ff_reg[0][0]
  -------------------------------------------------------------------
                         required time                          9.168    
                         arrival time                          -1.220    
  -------------------------------------------------------------------
                         slack                                  7.948    

Slack (MET) :             7.962ns  (required time - arrival time)
  Source:                 VGA_source_bd_i/v_axi4s_vid_out_0/inst/COUPLER_INST/generate_async_fifo.FIFO_INST/XPM_FIFO_ASYNC_INST/gnuram_async_fifo.xpm_fifo_base_inst/gen_cdc_pntr.wr_pntr_cdc_inst/src_gray_ff_reg[9]/C
                            (rising edge-triggered cell FDRE clocked by clk_out1_VGA_source_bd_clk_wiz_0_0  {rise@0.000ns fall@4.632ns period=9.263ns})
  Destination:            VGA_source_bd_i/v_axi4s_vid_out_0/inst/COUPLER_INST/generate_async_fifo.FIFO_INST/XPM_FIFO_ASYNC_INST/gnuram_async_fifo.xpm_fifo_base_inst/gen_cdc_pntr.wr_pntr_cdc_inst/dest_graysync_ff_reg[0][9]/D
                            (rising edge-triggered cell FDRE clocked by clk_out2_VGA_source_bd_clk_wiz_0_0  {rise@0.000ns fall@19.789ns period=39.579ns})
  Path Group:             clk_out2_VGA_source_bd_clk_wiz_0_0
  Path Type:              Setup (Max at Slow Process Corner)
  Requirement:            9.263ns  (MaxDelay Path 9.263ns)
  Data Path Delay:        1.206ns  (logic 0.456ns (37.801%)  route 0.750ns (62.199%))
  Logic Levels:           0  
  Timing Exception:       MaxDelay Path 9.263ns -datapath_only

    Location             Delay type                Incr(ns)  Path(ns)    Netlist Resource(s)
  -------------------------------------------------------------------    -------------------
    SLICE_X95Y6                                       0.000     0.000 r  VGA_source_bd_i/v_axi4s_vid_out_0/inst/COUPLER_INST/generate_async_fifo.FIFO_INST/XPM_FIFO_ASYNC_INST/gnuram_async_fifo.xpm_fifo_base_inst/gen_cdc_pntr.wr_pntr_cdc_inst/src_gray_ff_reg[9]/C
    SLICE_X95Y6          FDRE (Prop_fdre_C_Q)         0.456     0.456 r  VGA_source_bd_i/v_axi4s_vid_out_0/inst/COUPLER_INST/generate_async_fifo.FIFO_INST/XPM_FIFO_ASYNC_INST/gnuram_async_fifo.xpm_fifo_base_inst/gen_cdc_pntr.wr_pntr_cdc_inst/src_gray_ff_reg[9]/Q
                         net (fo=1, routed)           0.750     1.206    VGA_source_bd_i/v_axi4s_vid_out_0/inst/COUPLER_INST/generate_async_fifo.FIFO_INST/XPM_FIFO_ASYNC_INST/gnuram_async_fifo.xpm_fifo_base_inst/gen_cdc_pntr.wr_pntr_cdc_inst/async_path[9]
    SLICE_X95Y5          FDRE                                         r  VGA_source_bd_i/v_axi4s_vid_out_0/inst/COUPLER_INST/generate_async_fifo.FIFO_INST/XPM_FIFO_ASYNC_INST/gnuram_async_fifo.xpm_fifo_base_inst/gen_cdc_pntr.wr_pntr_cdc_inst/dest_graysync_ff_reg[0][9]/D
  -------------------------------------------------------------------    -------------------

                         max delay                    9.263     9.263    
    SLICE_X95Y5          FDRE (Setup_fdre_C_D)       -0.095     9.168    VGA_source_bd_i/v_axi4s_vid_out_0/inst/COUPLER_INST/generate_async_fifo.FIFO_INST/XPM_FIFO_ASYNC_INST/gnuram_async_fifo.xpm_fifo_base_inst/gen_cdc_pntr.wr_pntr_cdc_inst/dest_graysync_ff_reg[0][9]
  -------------------------------------------------------------------
                         required time                          9.168    
                         arrival time                          -1.206    
  -------------------------------------------------------------------
                         slack                                  7.962    

Slack (MET) :             7.967ns  (required time - arrival time)
  Source:                 VGA_source_bd_i/v_axi4s_vid_out_0/inst/COUPLER_INST/generate_async_fifo.FIFO_INST/XPM_FIFO_ASYNC_INST/gnuram_async_fifo.xpm_fifo_base_inst/gen_cdc_pntr.wr_pntr_cdc_dc_inst/src_gray_ff_reg[9]/C
                            (rising edge-triggered cell FDRE clocked by clk_out1_VGA_source_bd_clk_wiz_0_0  {rise@0.000ns fall@4.632ns period=9.263ns})
  Destination:            VGA_source_bd_i/v_axi4s_vid_out_0/inst/COUPLER_INST/generate_async_fifo.FIFO_INST/XPM_FIFO_ASYNC_INST/gnuram_async_fifo.xpm_fifo_base_inst/gen_cdc_pntr.wr_pntr_cdc_dc_inst/dest_graysync_ff_reg[0][9]/D
                            (rising edge-triggered cell FDRE clocked by clk_out2_VGA_source_bd_clk_wiz_0_0  {rise@0.000ns fall@19.789ns period=39.579ns})
  Path Group:             clk_out2_VGA_source_bd_clk_wiz_0_0
  Path Type:              Setup (Max at Slow Process Corner)
  Requirement:            9.263ns  (MaxDelay Path 9.263ns)
  Data Path Delay:        1.072ns  (logic 0.478ns (44.581%)  route 0.594ns (55.419%))
  Logic Levels:           0  
  Timing Exception:       MaxDelay Path 9.263ns -datapath_only

    Location             Delay type                Incr(ns)  Path(ns)    Netlist Resource(s)
  -------------------------------------------------------------------    -------------------
    SLICE_X94Y5                                       0.000     0.000 r  VGA_source_bd_i/v_axi4s_vid_out_0/inst/COUPLER_INST/generate_async_fifo.FIFO_INST/XPM_FIFO_ASYNC_INST/gnuram_async_fifo.xpm_fifo_base_inst/gen_cdc_pntr.wr_pntr_cdc_dc_inst/src_gray_ff_reg[9]/C
    SLICE_X94Y5          FDRE (Prop_fdre_C_Q)         0.478     0.478 r  VGA_source_bd_i/v_axi4s_vid_out_0/inst/COUPLER_INST/generate_async_fifo.FIFO_INST/XPM_FIFO_ASYNC_INST/gnuram_async_fifo.xpm_fifo_base_inst/gen_cdc_pntr.wr_pntr_cdc_dc_inst/src_gray_ff_reg[9]/Q
                         net (fo=1, routed)           0.594     1.072    VGA_source_bd_i/v_axi4s_vid_out_0/inst/COUPLER_INST/generate_async_fifo.FIFO_INST/XPM_FIFO_ASYNC_INST/gnuram_async_fifo.xpm_fifo_base_inst/gen_cdc_pntr.wr_pntr_cdc_dc_inst/async_path[9]
    SLICE_X94Y2          FDRE                                         r  VGA_source_bd_i/v_axi4s_vid_out_0/inst/COUPLER_INST/generate_async_fifo.FIFO_INST/XPM_FIFO_ASYNC_INST/gnuram_async_fifo.xpm_fifo_base_inst/gen_cdc_pntr.wr_pntr_cdc_dc_inst/dest_graysync_ff_reg[0][9]/D
  -------------------------------------------------------------------    -------------------

                         max delay                    9.263     9.263    
    SLICE_X94Y2          FDRE (Setup_fdre_C_D)       -0.224     9.039    VGA_source_bd_i/v_axi4s_vid_out_0/inst/COUPLER_INST/generate_async_fifo.FIFO_INST/XPM_FIFO_ASYNC_INST/gnuram_async_fifo.xpm_fifo_base_inst/gen_cdc_pntr.wr_pntr_cdc_dc_inst/dest_graysync_ff_reg[0][9]
  -------------------------------------------------------------------
                         required time                          9.039    
                         arrival time                          -1.072    
  -------------------------------------------------------------------
                         slack                                  7.967    

Slack (MET) :             7.972ns  (required time - arrival time)
  Source:                 VGA_source_bd_i/v_axi4s_vid_out_0/inst/COUPLER_INST/generate_async_fifo.FIFO_INST/XPM_FIFO_ASYNC_INST/gnuram_async_fifo.xpm_fifo_base_inst/gen_cdc_pntr.wr_pntr_cdc_inst/src_gray_ff_reg[3]/C
                            (rising edge-triggered cell FDRE clocked by clk_out1_VGA_source_bd_clk_wiz_0_0  {rise@0.000ns fall@4.632ns period=9.263ns})
  Destination:            VGA_source_bd_i/v_axi4s_vid_out_0/inst/COUPLER_INST/generate_async_fifo.FIFO_INST/XPM_FIFO_ASYNC_INST/gnuram_async_fifo.xpm_fifo_base_inst/gen_cdc_pntr.wr_pntr_cdc_inst/dest_graysync_ff_reg[0][3]/D
                            (rising edge-triggered cell FDRE clocked by clk_out2_VGA_source_bd_clk_wiz_0_0  {rise@0.000ns fall@19.789ns period=39.579ns})
  Path Group:             clk_out2_VGA_source_bd_clk_wiz_0_0
  Path Type:              Setup (Max at Slow Process Corner)
  Requirement:            9.263ns  (MaxDelay Path 9.263ns)
  Data Path Delay:        1.021ns  (logic 0.419ns (41.050%)  route 0.602ns (58.950%))
  Logic Levels:           0  
  Timing Exception:       MaxDelay Path 9.263ns -datapath_only

    Location             Delay type                Incr(ns)  Path(ns)    Netlist Resource(s)
  -------------------------------------------------------------------    -------------------
    SLICE_X97Y4                                       0.000     0.000 r  VGA_source_bd_i/v_axi4s_vid_out_0/inst/COUPLER_INST/generate_async_fifo.FIFO_INST/XPM_FIFO_ASYNC_INST/gnuram_async_fifo.xpm_fifo_base_inst/gen_cdc_pntr.wr_pntr_cdc_inst/src_gray_ff_reg[3]/C
    SLICE_X97Y4          FDRE (Prop_fdre_C_Q)         0.419     0.419 r  VGA_source_bd_i/v_axi4s_vid_out_0/inst/COUPLER_INST/generate_async_fifo.FIFO_INST/XPM_FIFO_ASYNC_INST/gnuram_async_fifo.xpm_fifo_base_inst/gen_cdc_pntr.wr_pntr_cdc_inst/src_gray_ff_reg[3]/Q
                         net (fo=1, routed)           0.602     1.021    VGA_source_bd_i/v_axi4s_vid_out_0/inst/COUPLER_INST/generate_async_fifo.FIFO_INST/XPM_FIFO_ASYNC_INST/gnuram_async_fifo.xpm_fifo_base_inst/gen_cdc_pntr.wr_pntr_cdc_inst/async_path[3]
    SLICE_X99Y3          FDRE                                         r  VGA_source_bd_i/v_axi4s_vid_out_0/inst/COUPLER_INST/generate_async_fifo.FIFO_INST/XPM_FIFO_ASYNC_INST/gnuram_async_fifo.xpm_fifo_base_inst/gen_cdc_pntr.wr_pntr_cdc_inst/dest_graysync_ff_reg[0][3]/D
  -------------------------------------------------------------------    -------------------

                         max delay                    9.263     9.263    
    SLICE_X99Y3          FDRE (Setup_fdre_C_D)       -0.270     8.993    VGA_source_bd_i/v_axi4s_vid_out_0/inst/COUPLER_INST/generate_async_fifo.FIFO_INST/XPM_FIFO_ASYNC_INST/gnuram_async_fifo.xpm_fifo_base_inst/gen_cdc_pntr.wr_pntr_cdc_inst/dest_graysync_ff_reg[0][3]
  -------------------------------------------------------------------
                         required time                          8.993    
                         arrival time                          -1.021    
  -------------------------------------------------------------------
                         slack                                  7.972    

Slack (MET) :             7.983ns  (required time - arrival time)
  Source:                 VGA_source_bd_i/v_axi4s_vid_out_0/inst/COUPLER_INST/generate_async_fifo.FIFO_INST/XPM_FIFO_ASYNC_INST/gnuram_async_fifo.xpm_fifo_base_inst/gen_cdc_pntr.wr_pntr_cdc_dc_inst/src_gray_ff_reg[3]/C
                            (rising edge-triggered cell FDRE clocked by clk_out1_VGA_source_bd_clk_wiz_0_0  {rise@0.000ns fall@4.632ns period=9.263ns})
  Destination:            VGA_source_bd_i/v_axi4s_vid_out_0/inst/COUPLER_INST/generate_async_fifo.FIFO_INST/XPM_FIFO_ASYNC_INST/gnuram_async_fifo.xpm_fifo_base_inst/gen_cdc_pntr.wr_pntr_cdc_dc_inst/dest_graysync_ff_reg[0][3]/D
                            (rising edge-triggered cell FDRE clocked by clk_out2_VGA_source_bd_clk_wiz_0_0  {rise@0.000ns fall@19.789ns period=39.579ns})
  Path Group:             clk_out2_VGA_source_bd_clk_wiz_0_0
  Path Type:              Setup (Max at Slow Process Corner)
  Requirement:            9.263ns  (MaxDelay Path 9.263ns)
  Data Path Delay:        1.012ns  (logic 0.419ns (41.399%)  route 0.593ns (58.601%))
  Logic Levels:           0  
  Timing Exception:       MaxDelay Path 9.263ns -datapath_only

    Location             Delay type                Incr(ns)  Path(ns)    Netlist Resource(s)
  -------------------------------------------------------------------    -------------------
    SLICE_X91Y4                                       0.000     0.000 r  VGA_source_bd_i/v_axi4s_vid_out_0/inst/COUPLER_INST/generate_async_fifo.FIFO_INST/XPM_FIFO_ASYNC_INST/gnuram_async_fifo.xpm_fifo_base_inst/gen_cdc_pntr.wr_pntr_cdc_dc_inst/src_gray_ff_reg[3]/C
    SLICE_X91Y4          FDRE (Prop_fdre_C_Q)         0.419     0.419 r  VGA_source_bd_i/v_axi4s_vid_out_0/inst/COUPLER_INST/generate_async_fifo.FIFO_INST/XPM_FIFO_ASYNC_INST/gnuram_async_fifo.xpm_fifo_base_inst/gen_cdc_pntr.wr_pntr_cdc_dc_inst/src_gray_ff_reg[3]/Q
                         net (fo=1, routed)           0.593     1.012    VGA_source_bd_i/v_axi4s_vid_out_0/inst/COUPLER_INST/generate_async_fifo.FIFO_INST/XPM_FIFO_ASYNC_INST/gnuram_async_fifo.xpm_fifo_base_inst/gen_cdc_pntr.wr_pntr_cdc_dc_inst/async_path[3]
    SLICE_X91Y1          FDRE                                         r  VGA_source_bd_i/v_axi4s_vid_out_0/inst/COUPLER_INST/generate_async_fifo.FIFO_INST/XPM_FIFO_ASYNC_INST/gnuram_async_fifo.xpm_fifo_base_inst/gen_cdc_pntr.wr_pntr_cdc_dc_inst/dest_graysync_ff_reg[0][3]/D
  -------------------------------------------------------------------    -------------------

                         max delay                    9.263     9.263    
    SLICE_X91Y1          FDRE (Setup_fdre_C_D)       -0.268     8.995    VGA_source_bd_i/v_axi4s_vid_out_0/inst/COUPLER_INST/generate_async_fifo.FIFO_INST/XPM_FIFO_ASYNC_INST/gnuram_async_fifo.xpm_fifo_base_inst/gen_cdc_pntr.wr_pntr_cdc_dc_inst/dest_graysync_ff_reg[0][3]
  -------------------------------------------------------------------
                         required time                          8.995    
                         arrival time                          -1.012    
  -------------------------------------------------------------------
                         slack                                  7.983    





